index,true,pred_label,pred_prob,shap_sBytesAvg,shap_rBytesAvg,shap_sFinRate,shap_rFinRate,shap_sSynRate,shap_rSynRate,shap_sRstRate,shap_rRstRate,shap_sttl,shap_rttl,shap_sAckRate,shap_rAckRate,shap_sAckDelayMax,shap_rAckDelayMax,shap_sPackets,shap_rPackets,shap_sWinTCP,shap_rWinTCP,shap_sPayloadAvg,shap_rPayloadAvg,shap_sInterPacketAvg,shap_rInterPacketAvg
0,Normal,Normal,0.9993850599310873,-0.03674577686171926,0.004588711583417392,-0.0006939415391498673,0.04991104315088259,0.0,-0.010951978748953255,0.06746383238083624,0.002708053319047724,-0.0008889736642651778,-0.05038100690436588,-0.0038356396953329822,-0.007357573507246889,0.0,0.0,-8.019422159440473e-05,0.0,0.0,-0.009014298043664782,0.0,0.0,0.0,0.0
1,Normal,Normal,0.9993003613431276,-0.0376974890959652,0.004292821269360693,-0.0007276355501086933,0.04909089130523546,0.0,-0.010359518558808057,0.0662746662585719,0.0,-0.0008289718125379058,-0.051757911109555355,-0.0036976108317706377,0.0,0.0,0.0,0.0,0.0,0.0,0.0,0.0,0.0,0.0,0.0
2,mitm,mitm,0.9979745691947096,-0.04003625584873951,0.0,-0.0007572982233697551,0.06733892898610841,0.0,-0.030221745070090403,-0.058603764513512374,0.005314756288162675,-0.0009697127751284228,0.07250527479659169,-0.004539065905829564,0.0,0.0,0.0,0.0,0.0,0.0,0.0,0.0,0.0,0.0,0.0
3,ip-scan,ip-scan,0.3806214188549571,0.06264726732420152,-0.011824413501783409,0.042521034051523576,-0.0494102625573703,-0.11194823450289929,0.058883081531431396,0.05925935999975749,-0.012185870618145824,0.08654341554777127,-0.236914987023486,0.052837007658351275,0.0,0.0,0.0,0.0,0.0,0.0,0.0,0.0,0.0,0.0,0.0
4,Normal,Normal,0.9984786044678396,0.04256690152313039,0.0,-0.0008184223596220321,-0.04517709675035128,0.0,0.0,-0.06667826598373672,0.007518434723752974,-0.0013701835434230146,0.04815828593125032,-0.005035130322326741,0.018757782749236146,0.0,0.0,0.0,0.0,0.0,0.0,0.0,0.0,0.0,0.0
5,ddos,ddos,0.9999861872495617,-0.011623070619360685,0.031231847637308383,-0.0009643065950901589,0.014975718091140915,0.0,-0.03406775551353558,0.017980393291496366,0.0,-0.001205288973312397,-0.009433541022152096,-0.00556419170973856,0.0,0.0,0.0,0.0,0.0,0.0,0.0,0.0,0.0,0.0,0.0
6,Normal,Normal,0.9917947400392223,-0.05698834602540509,0.003145298664284698,-0.0008582451957087674,0.059719958917375866,0.0,-0.005180583851984132,0.11647977902542694,0.002188787124395519,-0.0011024151171528166,-0.10462012539228595,-0.0035633133201519577,-0.006196491192993726,0.0,0.0,-5.1324201516049106e-05,0.0,0.0,0.0,0.0,0.0,0.0,0.0
7,Normal,Normal,0.9993768435044394,-0.045272721430183745,0.005147146241692783,-0.0007400737655778557,0.03967238403108204,0.0,0.0,0.054837472152048594,0.0,-0.0008523999295236484,-0.03651566037101755,-0.003539918410598898,-0.011580640311795641,0.0,0.0,0.0,0.0,0.0,0.0,0.0,0.0,0.0,0.0
8,Normal,Normal,0.9964033191619661,0.0,0.004797347449350301,-0.0007525647908687823,0.02987687387205238,0.0,0.0,0.01824659574836466,0.002599363554665321,-0.0008851876532886295,-0.014864362867687215,-0.00397711796978311,-0.010110050534900654,0.0,0.0,0.0,0.0,0.0,0.0,0.0,0.0,0.0,0.0
9,Normal,Normal,0.9991743754637774,-0.04104368869449859,0.0041973539087532645,-0.0007618780986390375,0.04845788330291586,0.001903962797523969,-0.01601741832499695,0.048719936457937145,0.0024352151008054275,-0.000646519163599054,-0.05728045681499475,-0.0047780665801973,0.0,0.0,0.0,0.0,0.0,0.0,0.0,0.0,0.0,0.0,0.0
10,Normal,Normal,0.9999205923433839,-0.03301861486425698,0.003983968710310245,-0.0007590489489009831,0.027229262262622195,0.0,0.0,0.02550681722428203,0.0024679951190108356,-0.0009432442567864451,-0.02062169444923921,-0.003989659526254546,0.0,0.0,0.0,0.0,0.0,0.0,0.0,0.0,0.0,0.0,0.0
11,Normal,Normal,0.9982359184527455,0.04701634320670005,0.0,-0.0008338517192266835,-0.04468932671335516,0.0,0.0,-0.06448802330207404,0.007702249066905157,-0.001438302527045573,0.04950072586867444,-0.005717624563853724,0.013736916979920176,0.0,0.0,0.0,0.0,0.0,0.0,0.0,0.0,0.0,0.0
12,Normal,Normal,0.9990273932238951,-0.03905239273370925,0.004972129368315917,-0.0006985699063175416,0.03614764252524552,0.0,0.0,0.06396358873689628,0.0,-0.0008175224499391968,-0.03790997538381046,-0.004467228832378747,-0.017297675929087077,0.0,0.0,0.0,0.0,0.0,0.0,0.0,0.0,-6.252294067974739e-05,0.0
13,port-scan,port-scan,0.9986005450226315,0.04905369701648938,-0.0510438347468302,-0.0001602788750229165,-0.016504530367077382,0.03224590619753063,0.0,0.05214257359256796,-0.0874549534401191,-0.0005699048765851143,-0.02449450998364622,0.08796858842387167,0.0,0.0,0.0,0.0,0.0,0.0,0.0,0.0,0.0,0.0,0.0
14,port-scan,port-scan,0.9974499677027491,0.048549072899109126,-0.07873792432105492,-0.0002220597990709324,-0.01850949642928064,0.05559793947497536,0.0,0.06013592747050366,-0.08450534898876826,-0.0005619860730334202,-0.022371686394375846,0.07443520308711535,-0.01170871786405904,0.0,0.0,0.0,0.0,0.0,0.0,0.0,0.0,0.0,0.0
15,Normal,Normal,0.9986643390797509,0.04118761221454665,0.0,-0.0007615019861550641,-0.043972119957189054,0.0,0.0,-0.062296858310216356,0.006778479151498239,-0.0014493787567806209,0.047267110627276995,-0.005172036515937266,0.015047075501929113,0.0,0.0,0.0,0.0,0.0,0.0,0.0,0.0,0.0,0.0
16,Normal,Normal,0.9995477296020144,0.0,0.004425951065969677,-0.0007576083806340566,0.0432943180948016,0.0015677886433347124,0.0,0.06669146821113564,0.0,-0.0008124571316285984,-0.05190808358726671,-0.003549652980099999,-0.00971712672664557,0.0,0.0,0.0,0.0,0.0,0.0,0.0,0.0,-7.467309257542382e-05,0.0
17,Normal,Normal,0.9984562800058251,0.047040235871991354,0.0,-0.0008944259641052037,-0.046853317660457965,0.0,0.0,-0.06718769336078181,0.007883806565027225,-0.001330863530518893,0.05019984984845939,-0.005265222475302023,0.013566494483668397,0.0,0.0,0.0,0.0,0.0,0.0,0.0,0.0,0.0,0.0
18,Normal,Normal,0.9993511604455281,-0.04983091003443901,0.0034947428949013617,-0.000585537484639839,0.04617452038514948,0.0,0.0,0.06685279318978633,0.0,-0.0008151671914801626,-0.05254582185358802,-0.0037107205525352617,-0.005908999176818657,0.0,0.0,0.0,0.0,0.0,0.0,0.0,0.0,0.0,0.0
19,mitm,mitm,0.9912181467574184,-0.08477834322025728,0.0028455987239950718,-0.0007930193401176099,0.10806694238359293,-0.001421693838853624,-0.023213301769293634,-0.052200573783654405,0.0030393920422744076,-0.0010733774798312586,0.05491540933609623,-0.00650446946614896,0.0,0.0,0.0,0.0,0.0,0.0,0.0,0.0,0.0,0.0,0.0
20,Normal,Normal,0.999414067790699,0.0,0.004491184494177303,-0.0007233409482999961,0.04998164367717092,0.0,-0.012811382669715383,0.05310773669834312,0.0,-0.0008391105623003752,-0.05425046138671987,-0.0042119923696827,0.0,0.0,0.0,0.0,0.0,0.0,0.0,0.0,0.0,0.0,0.0
21,Normal,Normal,0.9907148100245313,-0.03922627334569707,0.011390279775416578,-0.0010570175705054952,0.03145525434818407,0.0,-0.007156925611792202,0.047184612421705935,0.0,-0.0013474509595052973,-0.027479558605875535,-0.003967396809755206,-0.01692017469636018,0.0,0.0,0.0,0.0,0.0,0.0,0.0,0.0,0.0,0.0
22,Normal,Normal,0.998749851271323,0.04377357096566168,0.0,-0.0007245095156955299,-0.043469863575721204,0.0,0.0,-0.06775520873845123,0.007825841214205797,-0.001374614339807624,0.05069623101065391,-0.005158760825338867,0.01170542279617738,0.0,0.0,0.0,0.0,0.0,0.0,0.0,0.0,0.0,0.0
23,ddos,ddos,0.9999411859557954,-0.016825562434879253,0.03217600925361751,-0.0010069387575902709,0.014318298255616386,0.0,-0.024987805233149828,0.028113605407334173,0.0,-0.00121195183082644,-0.00972578475223764,-0.005620285537555538,0.0,0.0,0.0,0.0,0.0,0.0,0.0,0.0,0.0,0.0,0.0
24,Normal,Normal,0.9715811574435638,-0.04437911471694499,0.009531542022334782,-0.0007387270874562068,0.02829996563410194,0.0,0.0,0.09109710955547855,0.0,-0.0008984133125808691,-0.027466595075149893,-0.004054338287041644,-0.054701403734896535,0.0,0.0,0.0,0.0,0.0,0.0,0.0,0.0,0.0,0.0
25,Normal,Normal,0.999280790241456,-0.05335655690433394,0.004139548762376296,-0.0007000302123960041,0.04874341631655577,0.0,-0.010018681035939715,0.04352418715375768,0.0,-0.0008489849934840812,-0.04760512742258492,-0.003908373413773096,0.0,0.0,0.0,0.0,0.0,0.0,0.0,0.0,0.0,0.0,0.0
26,Normal,Normal,0.9985090191626583,0.042434324264291355,0.0,-0.0007961658992534779,-0.041936462974248474,0.0,0.0,-0.06225110162999838,0.008248595949610905,-0.001417349163964084,0.04611617345064445,-0.005586185159108313,0.013742710213613394,0.0,0.0,0.0,0.0,0.0,0.0,0.0,0.0,0.0,0.0
27,Normal,Normal,0.9986029697871454,0.04804423926073111,0.0,-0.000816797985854099,-0.04433274230550702,0.0,0.0,-0.06904662983427683,0.0073697084790261625,-0.001342923549904243,0.051380316594518846,-0.005412671895072428,0.015290483511960015,0.0,0.0,0.0,0.0,0.0,0.0,0.0,0.0,0.0,0.0
28,Normal,Normal,0.9954807259138797,-0.03696030548732407,0.004694194402075491,-0.0008591121226601028,0.025086367099847996,0.0,0.0,0.0330770323074976,0.0,-0.0009468409657312864,-0.019949620996153883,-0.004882016635524338,-0.010322063034444417,0.0,0.0,0.0,0.0,0.0,0.0,0.0,0.0,0.0,0.0
29,mitm,mitm,0.9989419895158539,-0.07221636470776957,0.0,-0.0007678200500135974,0.09482343571539333,0.0,-0.021959532600285287,-0.21056044806093155,0.005775393790901803,-0.0010722308590579044,0.24000775568940783,-0.006071531901780085,-0.024063406263049206,0.0,0.0,-7.850558198622699e-05,0.0,0.0,0.0,0.0,0.0,0.0,0.0
30,Normal,Normal,0.9982754481556823,0.04007942737758201,0.0,-0.0008322731265312039,-0.04079613254095163,0.0031441165093138573,0.0,-0.060444205005086626,0.007195805254592347,-0.001403504486357368,0.04780693604400472,-0.004728952931837342,0.011566870724102845,0.0,0.0,0.0,0.0,0.0,0.0,0.0,0.0,0.0,0.0
31,Normal,Normal,0.9988043485504657,0.040957115907172,0.0,-0.0007926424533528276,-0.042161530568846035,0.0,0.0,-0.06302206456437912,0.008044367364270133,-0.0013524845450996682,0.05026045007240929,-0.005332774037061162,0.009055028361926913,0.0,0.0,0.0,0.0,0.0,0.0,0.0,0.0,0.0,0.0
32,mitm,mitm,0.9981820239465417,-0.06038166461568635,0.0,-0.000771049656827754,0.08604524032062491,0.0,-0.02497626336877193,-0.22464945617255608,0.004561057406444557,-0.0008662755316555194,0.25164416571647974,-0.006835942438144882,-0.02259493610414529,0.0,0.0,0.0,0.0,0.0,0.0,0.0,0.0,0.0,0.0
33,Normal,Normal,0.9913083101584939,-0.03875315764427695,0.00852311583119705,-0.0010763914141128097,0.03040770830103056,0.0,-0.0051210853652662106,0.04941484786858043,0.0,-0.0012649028021801143,-0.026913986897272337,-0.003954382982521427,-0.01917678702879307,0.0,0.0,-3.6020532037624864e-05,0.0,0.0,0.0,0.0,0.0,0.0,0.0
34,Normal,Normal,0.9985761325108631,0.04314844740902201,0.0,-0.0008522448301377847,-0.044425327658006025,0.0,0.0,-0.06392140520735684,0.007044679619679984,-0.0014400409674135836,0.04740197608766602,-0.005556735252577971,0.018718637454048417,0.0,0.0,0.0,0.0,0.0,0.0,0.0,0.0,0.0,0.0
35,Normal,Normal,0.9978701298445569,-0.04469854031935675,0.00594468436010204,-0.000844351823866413,0.03568876606584883,0.0,0.0,0.06541903727191946,0.0,-0.0008131619608412485,-0.03672503397399235,-0.004710060014532924,-0.01893070821998776,0.0,0.0,0.0,0.0,0.0,0.0,0.0,0.0,0.0,0.0
36,Normal,Normal,0.9983879559579473,0.045722831472831904,0.0,-0.0008703379515792534,-0.04206144585679456,0.0,0.0,-0.06122635447650322,0.005791126643563778,-0.0013070804969584162,0.04810806875271853,-0.005552936121386613,0.014056017529019957,0.0,0.0,0.0,0.0,0.0,0.0,0.0,0.0,0.0,0.0
37,Normal,Normal,0.9986670974467163,0.03556175232911243,0.0,-0.0009247905677701779,-0.04450490806628289,0.0,0.0,0.0,0.006190830586948768,-0.0012724979287510618,0.05040449006770949,-0.0060843674696933045,0.016625282977882377,0.0,0.0,0.0,0.0,0.0,0.0,0.0,0.0,0.0,0.0
38,Normal,Normal,0.9984183591145048,0.04676687335275056,0.0,-0.000795521801481242,-0.04869301450584453,0.0,0.0,0.0,0.0060897951703173196,-0.0012731426087816498,0.045476987157374395,-0.005121481444350065,0.012437101845000331,0.0,0.0,-5.98940681821071e-05,0.0,0.0,0.0,0.0,0.0,0.0,0.0
39,Normal,Normal,0.9856826380127387,-0.04106326437455162,0.011829565813362789,-0.0010064484027666558,0.035119862930346496,0.0,-0.006995209195554228,0.05349384381991652,0.0,-0.0013685312633976282,-0.030604026317400158,-0.004351443378903238,-0.018337115256333743,0.0,0.0,0.0,0.0,0.0,0.0,0.0,0.0,0.0,0.0
40,Normal,Normal,0.9987216197252301,0.04892271171444148,0.0,-0.0007711639777273189,-0.04511021005683849,0.0,0.0,-0.05177188402946617,0.008233441822277301,-0.0013597595720840911,0.047301124275361574,-0.005495471918857818,0.010519507963271644,0.0,0.0,-2.87034174438908e-05,0.0,0.0,0.0,0.0,0.0,0.0,0.0
41,ddos,ddos,0.9999994055760014,-0.01537675763828505,0.013788651648145555,-0.0008509569109193976,0.007527520241750095,0.0,0.0,-0.0020848775129258534,0.006816110386754781,-0.000971911653483554,0.0,-0.005799661417800873,0.0,-0.005133013968330429,0.0,0.0,0.0,0.0,0.009893075154015767,0.0,0.0,0.0,0.0
42,Normal,Normal,0.9881626634188997,-0.037004131094866756,0.009794234057386893,-0.0010467331544885558,0.03038501607672008,0.0,0.0,0.04199687733776837,0.0,-0.0013173235728337835,-0.021199927847283768,-0.0045077059540072325,-0.016067653458408188,0.0,0.0,0.0,0.0,0.0,0.0,0.0,0.0,0.0,0.0
43,mitm,mitm,0.9929480234686963,-0.007593674593774702,0.0,-0.000753179831921924,0.01104848694723568,0.0,0.0,-0.06208985537533999,0.004877313084972849,-0.0010232150420209783,0.06693432616548298,-0.004897571498274868,0.0,0.0,0.0,0.0,0.0,0.0,0.0,0.0,0.0,0.0,0.0
44,Normal,Normal,0.998420621255549,0.044748074577129655,0.0,-0.0008794591927384554,-0.04100815190721234,0.0,0.0,-0.06529462787326411,0.007337824166549417,-0.001390382787070716,0.04843456384754376,-0.005543653680380939,0.014883017530342352,0.0,0.0,0.0,0.0,0.0,0.0,0.0,0.0,0.0,0.0
45,mitm,mitm,0.997163756238044,-0.08434818135284472,0.002831361162119017,-0.0008343168362465197,0.10545325000096961,0.0,-0.024373785476126678,-0.048540648071518325,0.0033001107193570325,-0.0009271067311515005,0.05665805970529559,-0.006392491759385015,0.0,0.0,0.0,0.0,0.0,0.0,0.0,0.0,0.0,0.0,0.0
46,Normal,Normal,0.9993728413885327,-0.04363741955346205,0.004089549928748697,-0.0005771986500447213,0.04576068091261799,0.0,0.0,0.06333568895419131,0.0024510087235700036,-0.0008770047565787013,-0.04783168792838872,-0.0039330872549716124,-0.00854916806470225,0.0,0.0,0.0,0.0,0.0,0.0,0.0,0.0,0.0,0.0
47,Normal,Normal,0.991372524080896,-0.061822182170158224,0.0025186639943034217,-0.0009303450913431958,0.057432386172298726,0.0,-0.004785737735770401,0.11139714424698909,0.001653176304795622,-0.0010246023644549804,-0.10226987798718909,-0.003508758732170688,-0.009328340752014693,0.0,0.0,0.0,0.0,0.0,0.0,0.0,0.0,0.0,0.0
48,Normal,Normal,0.9988014851761144,-0.047300691601574595,0.004502705827465796,-0.000714139785257106,0.04887015327904072,0.0,-0.012514097854050485,0.04930025829062253,0.0,-0.0008718663361792466,-0.05553689678672418,-0.003819654236566528,0.0,0.0,0.0,0.0,0.0,0.0,0.0,0.0,0.0,0.0,0.0
49,Normal,Normal,0.9994394174620553,-0.0454408319644895,0.003797908598656695,-0.0006541795881041784,0.042882735165465195,0.0,0.0,0.05729423567249389,0.0028385671555810794,-0.0008690881222597337,-0.045709266417306466,-0.0037226154744121292,-0.01099672611909953,0.0,0.0,0.0,0.0,0.0,0.0,0.0,0.0,-2.752097882239863e-05,0.0
50,Normal,Normal,0.9867812148434733,-0.04072515315988428,0.01289859237672645,-0.0010693508149403682,0.03171032468321261,0.002469417132278419,-0.008055598254753625,0.05490845355401067,0.0,-0.0013689626518183665,-0.028704765764908338,-0.0036061063496676906,-0.018423096682493856,0.0,0.0,0.0,0.0,0.0,0.0,0.0,0.0,0.0,0.0
51,Normal,Normal,0.9812914782028825,-0.05966877423618913,0.010979793103962318,-0.0006736220331095746,0.031974624107569447,0.0,0.019122092077948613,0.08246248581552673,0.0,-0.0008852434541069202,-0.03196067965559463,-0.004133578220171844,-0.037851530273211746,0.0,0.0,0.0,0.0,0.0,0.0,0.0,0.0,0.0,0.0
52,Normal,Normal,0.9994365637723801,-0.03794981285476673,0.0040093379900409285,-0.0007359699095921253,0.046580187468435515,0.0,-0.009266761827491733,0.06073674863704107,0.0021739928710772724,-0.0007867077845262864,-0.04881389050592656,-0.004436632116339176,0.0,0.0,0.0,0.0,0.0,0.0,0.0,0.0,0.0,-9.303053393066706e-05,0.0
53,Normal,Normal,0.9983297584443389,0.04297587400861328,0.0,-0.0008367013736197477,-0.040360019696025505,0.0,0.0,-0.06933001840207059,0.007435834856827167,-0.0013087339790360624,0.05157820514606696,-0.005233736470962013,0.017376745261668977,0.0,0.0,0.0,0.0,0.0,0.0,0.0,0.0,0.0,0.0
54,Normal,Normal,0.9985536772987603,0.03905843355649614,0.0,-0.0008668479606400847,-0.040675558238308214,0.0032353757150882442,0.0,-0.06714699649981998,0.00650910490838496,-0.0014204418396976612,0.04733229806357845,-0.005145991302550954,0.017721742547573412,0.0,0.0,0.0,0.0,0.0,0.0,0.0,0.0,0.0,0.0
55,port-scan,port-scan,0.9999955745807404,0.045534663429363964,-0.0391770531141538,-0.00022826116974202816,-0.022033053030465984,0.0,0.0,0.06727711653581361,-0.04759814342619032,-0.0004685411874409493,-0.028879462040948062,0.04059576211631535,0.0,0.0,0.0,0.0,0.0,0.0,0.0,0.0,0.0,0.0,0.0
56,port-scan,port-scan,0.9999951749660488,0.0,-0.024937664207043027,-0.00025861424145247596,-0.03298332873919923,0.0,0.0,0.0,-0.018733907686587035,-0.000716793732031173,-0.0423723798085075,0.0,-0.03825576568545857,0.0,0.0,0.0,0.0,0.0,0.0,0.0,0.0,0.0,0.0
57,Normal,Normal,0.9921378234240662,-0.05327401227341144,0.00240034501151764,-0.0008913036199146095,0.05534147683476919,0.0,0.0,0.10731818973211019,0.0025217693510840885,-0.0010401029893067906,-0.09950246891913712,-0.0032211718494628873,-0.005934247397570348,0.0,0.0,0.0,0.0,-0.0003477898766066981,0.0,0.0,0.0,0.0,0.0
58,Normal,Normal,0.9863516710963914,-0.03862415910757716,0.013453507363363492,-0.0010699790376062696,0.02948163557741312,0.0,-0.006686009768199781,0.05392357828929843,0.0,-0.0013217636327683053,-0.028615930974110675,-0.003640866756438366,-0.016070829244184053,0.0,0.0,0.0,0.0,0.0,0.0,0.0,0.0,0.0,0.0
59,ddos,ddos,0.9999806748574223,-0.017146409734933764,0.02716968461320038,-0.0009940368572210188,0.014172839042785374,0.0,-0.02725798996449236,0.021904963723605175,0.0,-0.001114181464303354,-0.0108354870226143,-0.005944158991308634,0.0,0.0,0.0,0.0,0.0,0.0,0.0,0.0,0.0,0.0,0.0
60,ddos,ddos,0.9999014397712739,0.020133625469555813,0.0,-0.000710815455349599,-0.012422318147325974,0.0,0.0,-0.021047850344912578,0.01662455327482063,-0.0011429199104530392,0.026489431145899637,-0.010156878402247006,-0.010094837347156785,0.0,0.0,0.0,0.0,0.0,0.0,-0.003957780918196874,0.0,-7.952981243679932e-05,0.0
61,ddos,ddos,0.9997705719733804,-0.02523651525888676,0.032158360370746625,-0.0010423870713868887,0.016916684508281363,0.0,-0.03157124807521168,0.03014768760512018,0.0,-0.0010423014202465032,-0.010176554177921321,-0.005558373310641157,0.0,0.0,0.0,0.0,0.0,0.0,0.0,0.0,0.0,0.0,0.0
62,Normal,Normal,0.9996083450061747,-0.048154123816440714,0.004430392707018793,-0.0007463085294984896,0.05153151069194225,0.0,-0.009838891874062974,0.0675532121177285,0.0024946789055362156,-0.0008614135684979765,-0.0637070720610499,-0.0038943023196598555,0.0,0.0,0.0,0.0,0.0,0.0,0.0,0.0,0.0,0.0,0.0
63,Normal,Normal,0.9994232738605698,-0.046070662689196816,0.004650368414270359,-0.0007858838511653745,0.04616977051236467,0.0,-0.007601521294718549,0.058160697905881485,0.0,-0.0008815271828982001,-0.05115321570698852,-0.003534207132340929,0.0,0.0,0.0,0.0,0.0,0.0,0.0,0.0,0.0,0.0,0.0
64,Normal,Normal,0.9995212877488557,-0.045322265403797336,0.0040344589534504535,-0.0007158446852763067,0.04759904945124485,0.0017709669236767311,0.0,0.06902313403062166,0.0,-0.0009297135460320973,-0.047314723980447,-0.003668406482026035,-0.015410256131231342,0.0,0.0,0.0,0.0,0.0,0.0,0.0,0.0,0.0,0.0
65,Normal,Normal,0.998705325708977,-0.044470019641145,0.004409033666256195,-0.0008307893169935319,0.05069240175427583,0.001807053351357911,-0.012293389394021659,0.04428883018562402,0.0016925693332108527,-0.0008420584572615909,-0.05631283286872957,-0.004432365247811711,0.014239275618449971,0.0,0.0,0.0,0.0,0.0,0.0,0.0,0.0,0.0,0.0
66,Normal,Normal,0.9991711369570128,-0.03876724690174049,0.004557106874812234,-0.0007677366315620941,0.04195488484897463,0.0,0.0,0.06499146596003694,0.0,-0.0008406034748772153,-0.05049657809884304,-0.004713998059680983,-0.0074049541870994315,0.0,0.0,0.0,0.0,0.0,0.0,0.0,0.0,0.0,0.0
67,Normal,Normal,0.9979578281593711,-0.04879717693819502,0.003734528890773886,-0.0006100325961820479,0.05161913725331091,0.0,-0.01319664717041066,0.04204640938577693,0.0038385723455643304,-0.0007793132126393508,-0.06022099638104597,-0.0035280502397792763,0.01583457101541782,0.0,0.0,0.0,0.0,0.0,0.0,0.0,0.0,0.0,0.0
68,port-scan,port-scan,0.9999924052044283,0.0,-0.055730364556536245,-9.179671126525318e-05,-0.02245914681447879,0.024400722037579828,0.0,0.06889145345019432,-0.06247688128701271,-0.0005912144237259607,-0.024490562667740988,0.04410264279349767,0.0,0.0,0.0,0.0,0.0,0.0,0.0,0.0,0.0,0.0,0.0
69,Normal,Normal,0.9999270378726968,-0.03150031940647164,0.004331908247979159,-0.0008364108417549206,0.025775822727887934,0.0,0.0,0.023041630335870724,0.0023994458660146706,-0.0009439541712692579,-0.01831884040854332,-0.00436595940178466,0.0,0.0,0.0,0.0,0.0,0.0,0.0,0.0,0.0,0.0,0.0
70,Normal,Normal,0.9874542352426533,-0.041462362278207945,0.008158142241557177,-0.0010824573700960857,0.03213638038783803,0.0,0.0,0.053564751545104226,0.0,-0.0012667549037167895,-0.02894363410081233,-0.0045389312126411325,-0.019780759175343905,0.0,0.0,0.0,0.0,0.0,0.0,0.0,0.0,0.0,0.0
71,mitm,mitm,0.9985689073764443,-0.0598886924727466,0.0,-0.0007517398712773928,0.08401032427611443,0.0,-0.023401520583779683,-0.20949864019814854,0.006354847070613445,-0.0009603768200461611,0.2396739864147793,-0.005903086696633272,-0.02672779324071135,0.0,0.0,0.0,0.0,0.0,0.0,0.0,0.0,0.0,0.0
72,Normal,Normal,0.9938839763909361,-0.04231511299443408,0.004160926557588901,-0.0007965129758944187,0.028290694952210406,0.0,0.014591258071185512,0.024908736813241614,0.0030703931842682337,-0.0009950142439357022,-0.007821982051984984,-0.004542625388130752,-0.010224718418832171,0.0,0.0,0.0,0.0,0.0,0.0,0.0,0.0,0.0,0.0
73,Normal,Normal,0.9991633835311746,-0.03793970662838364,0.00447076896011845,-0.000644207850577754,0.0462056237181623,0.0,-0.010227126224096144,0.06288153624566817,0.0022920530021495293,-0.0008422897424427489,-0.04848616246594328,-0.0031222076660446787,0.0,0.0,0.0,0.0,0.0,0.0,0.0,0.0,0.0,0.0,0.0
74,Normal,Normal,0.9993870694449448,-0.05857780830599657,0.004056814454039338,-0.0008067432943379742,0.05118886871832674,0.0018388364593729528,0.0,0.025756899544339074,0.0033745879294779825,-0.0008298320550117302,-0.03459272671702447,-0.005179471177444768,0.0,0.0,0.0,0.0,0.0,0.0,0.0,0.0,0.0,0.0,0.0
75,Normal,Normal,0.9999257643907086,-0.032580662386603294,0.004133440783920323,-0.0007259677793234169,0.027396620170053787,0.0,0.0,0.028934099927712443,0.0025592707128068186,-0.0009167362192482297,-0.02200581689644841,-0.00429152152980392,0.0,0.0,0.0,0.0,0.0,0.0,0.0,0.0,0.0,0.0,0.0
76,Normal,Normal,0.9995816891613556,-0.041229049926781745,0.004256084507134343,-0.0007261263356273787,0.04497860689787191,0.0,0.0,0.06448479981792608,0.0,-0.0008367776994644259,-0.04919587475140231,-0.003833772444396374,-0.008245492679997742,0.0,0.0,0.0,0.0,0.0,0.0,0.0,0.0,0.0,0.0
77,Normal,Normal,0.999600773551812,-0.03960796046597063,0.0038792908218682706,-0.0008112839188819221,0.038377737098657695,0.0,0.0,0.04486155418771389,0.001974690847684698,-0.0008970478344140641,-0.03498584028842766,-0.0037588011027504167,0.0,0.0,0.0,0.0,0.0,-0.0003937702408274965,0.0,0.0,0.0,0.0,0.0
78,Normal,Normal,0.9874313960210642,-0.04073092555803174,0.010539273173951785,-0.0010876033615392704,0.03096004045021881,0.0,0.0,0.05285597438987815,0.0,-0.0013137648343980416,-0.02844592734551293,-0.00431204834459351,-0.022533071950100774,0.0,0.0,0.0,0.0,0.0,0.0,0.0,0.0,0.0,0.0
79,Normal,Normal,0.9857080918521842,-0.043264729538786136,0.010860529982743651,-0.001008289444734641,0.03141035519155861,0.0,0.0,0.04849950188080354,0.0,-0.0012698953401143087,-0.029249858021954015,-0.004511215748554899,-0.016030754374102542,0.0,0.0,0.0,0.0,0.0,0.0,0.0,0.0,0.0,0.0
80,Normal,Normal,0.9985875640436442,0.04336390066959459,0.0,-0.0008495993775775731,-0.04262835538525182,0.0027768814507026715,0.0,-0.06407767509717632,0.007161527560538838,-0.0013824173922658018,0.05018075498253338,-0.005973829120127997,0.013697886561858505,0.0,0.0,0.0,0.0,0.0,0.0,0.0,0.0,0.0,0.0
81,Normal,Normal,0.9978450194449999,0.04990773719035452,0.0,-0.0008471222119719933,-0.04723941152974917,0.0,0.0,-0.05868499056981262,0.0070118535208267795,-0.0014658089778880644,0.04672924165925679,-0.00570196623770245,0.01243965842574735,0.0,0.0,0.0,0.0,0.0,0.0,0.0,0.0,0.0,0.0
82,Normal,Normal,0.998267209631593,0.046308562926891145,0.0,-0.0009544509140450235,-0.044026513220794455,0.0,0.0,-0.07204276652223172,0.007947921584282041,-0.0013862827357749954,0.05011559271088902,-0.00566955515047324,0.017927904713351827,0.0,0.0,0.0,0.0,0.0,0.0,0.0,0.0,0.0,0.0
83,Normal,Normal,0.9990586203197331,-0.03805572317810635,0.00478807660063055,-0.0008020945031456881,0.03496343110259687,0.0026976540853467304,0.0,0.0663127394322977,0.0,-0.0009168398355730487,-0.03647684153039264,-0.004473570948889497,-0.020397259713590354,0.0,0.0,0.0,0.0,0.0,0.0,0.0,0.0,0.0,0.0
84,port-scan,ip-scan,0.3806214188549571,0.04198427998913046,-0.008404532355094614,0.04777662147268322,0.0,-0.11200390156116746,0.05985500821133194,0.07104699659155286,-0.008500996091655772,0.09019980176639619,-0.24768524298513686,0.05413586382640021,0.0,0.0,0.0,0.0,0.0,0.0,0.0,0.0,0.0,-0.010668089216289423,0.0
85,Normal,Normal,0.9856155897166708,-0.03971237459003849,0.011677252729507868,-0.0010498196286062515,0.03115525184806236,0.0,-0.007348489481817266,0.048472651783418495,0.0,-0.0013241955121128563,-0.027560065646455918,-0.003968649645652047,-0.01386591651984193,0.0,0.0,0.0,0.0,0.0,0.0,0.0,0.0,0.0,0.0
86,Normal,Normal,0.999496253596553,-0.051678521334378655,0.004151886244503318,-0.0007542992504444885,0.04813733203614707,0.0,0.0,0.05436476569228461,0.0,-0.0009009750599225152,-0.05010245948287954,-0.0036970789515861453,0.0,0.0,0.0,0.0,0.0,0.0,0.0,0.0,0.0,-6.79876876091565e-05,0.0
87,Normal,Normal,0.9859363695709991,-0.037664977510673284,0.010177361240237286,-0.0010946056492694971,0.0364737403914272,0.0,-0.009075644007307503,0.06033364424181852,0.0,-0.0013134426866547495,-0.0324900965752685,-0.004640040624154861,-0.019052651037882746,0.0,0.0,-5.1632643307963e-05,0.0,0.0,0.0,0.0,0.0,0.0,0.0
88,Normal,Normal,0.9874260667944417,-0.03753894352002541,0.009456578574856885,-0.0011428547118919315,0.03176242739466401,0.002662735617944977,-0.006186093310046867,0.051448909144880435,0.0,-0.0012347751129767736,-0.029244030605008475,-0.004993701230678716,-0.017782497129745844,0.0,0.0,0.0,0.0,0.0,0.0,0.0,0.0,0.0,0.0
89,replay,replay,0.9798399612627979,-0.05661899809182323,0.00430424450968095,-0.0007907734545112465,0.042551712270512555,0.0017305315314257016,0.007928424995762962,0.0722973106907044,0.0011496085736141357,-0.0011556485579082543,-0.04761143338061215,-0.003986898006461659,0.0,0.0,0.0,0.0,0.0,0.0,0.0,0.0,0.0,0.0,0.0
90,replay,replay,0.9940426235257867,-0.059203419621275476,0.003037820655718891,-0.0008022794082314847,0.05031872432753475,0.0,0.0,0.0784272963356218,0.003045106335673853,-0.0009925368585400024,-0.06022742227233308,-0.00393178656337363,0.0,0.0,0.0,0.0,0.0,0.0,0.0,0.0,0.0,0.0,0.0
91,Normal,Normal,0.9983252320709116,-0.042473506082518764,0.003737682855951918,-0.0005153689866645416,0.05294476146143833,0.0,-0.016030490088560563,0.04777135967495016,0.003598281167977888,-0.0007609587919650286,-0.05601937291407367,-0.00434410399814488,0.0,0.0,0.0,0.0,0.0,0.0,0.0,0.0,0.0,0.0,0.0
92,Normal,Normal,0.9803304196130636,-0.023527443479039713,0.006478006203670245,-0.0010553930923033127,0.0237970976160593,0.0,-0.005445761745539172,0.0,0.0,-0.0014227306490899368,-0.0011270941652915673,-0.004700422095776229,0.0,0.0,0.0,0.0,0.0,0.0,0.0,0.0,0.0,0.0,0.0
93,Normal,Normal,0.9995024105942092,-0.04930686406433204,0.004425346156934356,-0.0006911108896868091,0.05518020266643748,0.0,-0.009119884626696372,0.060666988204530446,0.0027902444587501844,-0.0008626259947844166,-0.056681360903120565,-0.0037031782229991653,0.0,0.0,0.0,0.0,0.0,0.0,0.0,0.0,0.0,0.0,0.0
94,Normal,Normal,0.999494530339919,-0.04525386002555378,0.004798628082122538,-0.0006717028046048745,0.04613765236733226,0.0,-0.0061680591794777,0.05014873205647297,0.0027556783652833844,-0.0008462000404968097,-0.04584857992335289,-0.00344275543112888,0.0,0.0,0.0,0.0,0.0,0.0,0.0,0.0,0.0,0.0,0.0
95,Normal,Normal,0.9907979547806106,-0.03724413868567041,0.01050855547934856,-0.0011130087301644582,0.033283976672746705,0.0,-0.013379150467837997,0.09094465263603807,0.0,-0.0012508914594069826,-0.054839935740356234,-0.003720756818828671,-0.029446079133925752,0.0,0.0,0.0,0.0,0.0,0.0,0.0,0.0,0.0,0.0
96,mitm,mitm,0.9107586977108661,-0.11890930738557473,0.0,-0.0006325443631468831,0.14297774006727385,0.0,-0.025248848220797687,0.07514654645355516,0.0035330584073065357,-0.0009586244641962835,-0.08893626005904538,-0.004528586394795271,0.01436240004367768,0.0,0.0,0.0,0.0,-0.0005892957547011073,0.0,0.0,0.0,0.0,0.0
97,Normal,Normal,0.986600039377175,-0.041542619741782555,0.011362503321678265,-0.001076984594605425,0.03151457446763457,0.0,-0.005703495174069484,0.051679826041591194,0.0,-0.0012887198502069866,-0.028748029985198067,-0.003611241068840549,-0.016711561352788815,0.0,0.0,0.0,0.0,0.0,0.0,0.0,0.0,-2.0229648908186813e-05,0.0
98,Normal,Normal,0.9988037855779192,-0.044205323503740235,0.0038303062571158914,-0.0007026880892646972,0.03511694821284989,0.0,0.0,0.0410007271831492,0.0030438516652394262,-0.0009058835978577649,-0.02166761693372332,-0.004149517593778313,-0.016790399430822996,0.0,0.0,0.0,0.0,0.0,0.0,0.0,0.0,0.0,0.0
99,ddos,ddos,0.9999992427714773,0.0,0.0,-0.0008434578674924966,0.0,0.0,0.0,-0.010444365249327412,0.01414802692243288,-0.0010807730107359683,0.00995525708502285,-0.008346297178585286,0.0,0.0,0.0,0.0,0.0,0.0,-0.00642057296865025,0.0,0.0,0.0,-0.0009289773920027194
100,Normal,Normal,0.9984231250005532,0.04768068072518161,0.0,-0.0008255159860737646,-0.04415011520679665,0.0028316605529165872,0.0,-0.06687635848440099,0.007222551776226683,-0.0013557980454980557,0.04939641798881825,-0.006178279445193534,0.014646175006634631,0.0,0.0,0.0,0.0,0.0,0.0,0.0,0.0,0.0,0.0
101,Normal,Normal,0.9896367458596483,-0.03758557801596705,0.005606308227229906,-0.0010193752813625488,0.029338261468088822,0.0,0.0,0.0348145294253463,0.0,-0.0012943398846736818,-0.0182653203750893,-0.0042905767780483245,-0.013909539337670994,0.0,0.0,0.0,0.0,0.0,0.0,0.0,0.0,0.0,0.0
102,Normal,Normal,0.998167345992264,0.040788201439163216,0.0,-0.0008409760013638452,-0.04083941320175899,0.0,0.0,-0.07017381363305392,0.0069667882638233996,-0.0013275782395437664,0.05000374139707562,-0.005744863372493267,0.016640687534247814,0.0,0.0,0.0,0.0,0.0,0.0,0.0,0.0,0.0,0.0
103,Normal,Normal,0.9844098146814196,-0.04247751897296044,0.012473442516186385,-0.0010802981510004707,0.034518246922066766,0.0,-0.006454132673251782,0.05309792676085552,0.0,-0.0012732002610643957,-0.0303264646129564,-0.003912314687115073,-0.01722394510566194,0.0,0.0,0.0,0.0,0.0,0.0,0.0,0.0,0.0,0.0
104,mitm,mitm,0.5433922341479575,-0.05095354043066488,-0.0194230862989347,0.0318097660798952,0.0,-0.12412514383990231,0.16918932031155415,0.0907103621499852,0.0,0.022685616785669886,-0.19292997812553436,0.03409995711268814,0.0,0.0,0.0,0.0,0.0,0.0,0.0,0.0,0.0,0.0,0.0
105,Normal,Normal,0.9994906510652674,-0.04828871805663519,0.003135251890861617,-0.0007496614364540071,0.04821713819634702,0.0,-0.00410798235703684,0.0623651832635523,0.0,-0.0008348235917333422,-0.05688021870243483,-0.0035970808450805775,-0.003098121586489082,0.0,0.0,0.0,0.0,0.0,0.0,0.0,0.0,0.0,0.0
106,Normal,Normal,0.9860554374016469,-0.04026623351351458,0.011819999370005425,-0.0010104938917004193,0.033554082575546554,0.0,-0.010059321295709342,0.05098253902170421,0.0,-0.001292253451332898,-0.028238871036587374,-0.004079198169527035,-0.01917899554125532,0.0,0.0,-3.837792545080626e-05,0.0,0.0,0.0,0.0,0.0,-1.613214039183561e-05,0.0
107,Normal,Normal,0.9785887544635554,-0.043193279774893636,0.009082080393628046,-0.0008377789131177381,0.029898564153653655,0.0,0.0,0.0871929596140623,0.0,-0.0009923671112843277,-0.02775491340387279,-0.004082721286070638,-0.0482176905610928,0.0,0.0,0.0,0.0,0.0,0.0,0.0,0.0,0.0,0.0
108,Normal,Normal,0.9867553760625831,-0.03900563532693624,0.008224842710923181,-0.0010865837950772596,0.031457655418483534,0.002981174308571118,0.0,0.05429553393259261,0.0,-0.0013013421298173921,-0.030548752462557224,-0.004024439184744868,-0.01678436561505146,0.0,0.0,0.0,0.0,0.0,0.0,0.0,0.0,0.0,0.0
109,Normal,Normal,0.9985933841042247,0.044483660073514585,0.0,-0.0007189270433278892,-0.04390391856009697,0.002275226750065966,0.0,-0.06442501253841557,0.00655479381941611,-0.0013530728636085062,0.04952390551855385,-0.005629151048017523,0.013406421227066433,0.0,0.0,0.0,0.0,0.0,0.0,0.0,0.0,0.0,0.0
110,ddos,ddos,0.9999984479624581,-0.015092604249885481,0.008286686065131702,-0.0008308544773888817,0.009208883416964995,0.0,0.0,0.0,0.004558639088954708,-0.000994957338521828,0.0,-0.00558244744221614,-0.009547438561588004,-0.007825584244413668,0.0,-9.592139197506667e-05,0.0,0.0,0.01212069933389656,0.0,0.0,0.0,0.0
111,Normal,Normal,0.9995932135145124,-0.04309411103291794,0.003885290759902505,-0.0007520729840548248,0.04671967058886436,0.0019412626037878175,-0.006721028012267933,0.06190790452361291,0.0,-0.0007657828977376145,-0.05092055395588911,-0.004492118544124396,-0.005081863087724514,0.0,0.0,0.0,0.0,0.0,0.0,0.0,0.0,0.0,0.0
112,Normal,Normal,0.997148301151499,-0.05104636686252542,0.004264817602682579,-0.0007151416320579226,0.0632725952668082,0.0,-0.01721063524864284,0.0,0.003082784219343295,-0.0006637967600682013,0.009655047452482841,-0.00472977488135867,0.0,0.0,0.0,0.0,0.0,0.0,0.0,0.0,0.0,0.0,0.006308155433143267
113,Normal,Normal,0.9994656989987354,-0.03967860183733629,0.004215730120260796,-0.000682841634589027,0.0467673492182598,0.0,0.0,0.06649432985912032,0.002914401054980799,-0.0008199333610821473,-0.04708497537472157,-0.0036913472424801403,-0.011909647457980307,0.0,0.0,0.0,0.0,0.0,0.0,0.0,0.0,0.0,0.0
114,Normal,Normal,0.9986074863038928,0.04029087195768595,0.0,-0.000823409448176376,-0.03959634003597915,0.0,0.0,-0.06594134677905777,0.007732550035467906,-0.0014439445345967633,0.048378358619934544,-0.005377339140938582,0.01443477485696423,0.0,0.0,0.0,0.0,0.0,0.0,0.0,0.0,0.0,0.0
115,ddos,ddos,0.9999750728956733,-0.01653872846951569,0.030216513620659906,-0.000992779507933794,0.013428631951326698,0.0,-0.028613595267926877,0.0,0.0,-0.0010361861013405173,-0.0075566099404583515,-0.005340420182102536,0.0,0.0,0.0,-6.261150872972203e-05,0.0,0.0,0.0,0.0,0.0,0.0,0.0
116,Normal,Normal,0.9996234551332038,-0.04776671268838066,0.004063534429187384,-0.0006677750099558804,0.050041132229969795,0.0019340266868077202,0.0,0.06948960428759028,0.0,-0.0008342540559917526,-0.048869381795368365,-0.003873347444259499,-0.012864538227916276,0.0,0.0,0.0,0.0,0.0,0.0,0.0,0.0,0.0,0.0
117,Normal,Normal,0.9980541830298887,0.040221154641970236,0.0,-0.0007643948678958621,-0.04060739676369281,0.0,0.0,-0.0679542468982186,0.007719325571607888,-0.0012773943909401985,0.05076472525783877,-0.00615902380642466,0.015852901625844053,0.0,0.0,0.0,0.0,0.0,0.0,0.0,0.0,0.0,0.0
118,Normal,Normal,0.985884985133463,-0.045313214538819056,0.011112989244395128,-0.0010714667356209364,0.03339984195900455,0.0,0.0,0.05742701659305685,0.0,-0.0013078057883822082,-0.030520660354009323,-0.004023379731601765,-0.02581494995383019,0.0,0.0,0.0,0.0,-0.0002537599408081945,0.0,0.0,0.0,0.0,0.0
119,Normal,Normal,0.9990260707559431,-0.05304250949925199,0.004142496812845017,-0.0007294568158288432,0.05611278618121075,0.0,-0.009138883293828863,0.026585984187112673,0.0028146929101684065,-0.0008128097784903876,-0.026296554715483818,-0.004196903300638042,0.0,0.0,0.0,0.0,0.0,0.0,-0.00712999129615613,0.0,0.0,0.0,0.0
120,Normal,Normal,0.9994532601373356,-0.04337677920582182,0.0043306397842073855,-0.0006690313783299854,0.046358783028289156,0.0,0.0,0.06443889540955991,0.0029457718453717013,-0.0009195406737856948,-0.04929717991587105,-0.004476409279978559,-0.009097282886384377,0.0,0.0,-7.10478880568792e-05,0.0,0.0,0.0,0.0,0.0,0.0,0.0
121,port-scan,port-scan,0.9998866303556615,0.0,-0.04809643539404404,-0.00024267733952343108,-0.019574692190356718,0.017396621185095995,0.0,0.07347708269981654,-0.07419848407422203,-0.0005261107350029812,-0.028545373107317532,0.055373089367221844,0.0,0.0,0.0,0.0,0.0,0.0,0.0,0.0,0.0,0.0,0.0
122,Normal,Normal,0.9981611231488828,0.040006504867820286,0.0,-0.0007809390623764836,-0.03893119725213356,0.0,0.0,-0.06791605208629495,0.006450872503330173,-0.0013221988718195533,0.047593592452923994,-0.00390695629352323,0.016994617745024903,0.0,0.0,0.0,0.0,0.0,0.0,0.0,0.0,0.0,0.0
123,Normal,Normal,0.999024544070952,-0.05384616041342061,0.00410673688860595,-0.0007057227560871081,0.05287931355655323,0.0016398976750629582,-0.010699208880348313,0.0568061700840373,0.0,-0.0008113779344836776,-0.06531073816486854,-0.0037173984065853203,0.0,0.0,0.0,0.0,0.0,0.0,0.0,0.0,0.0,0.0,0.0
124,Normal,Normal,0.9959739155428798,-0.04428055649358395,0.007506731781083711,-0.000776107413871442,0.0309932840436616,0.0,0.0,0.05520121846557197,0.0,-0.0009160351613864277,-0.024366151071755267,-0.004311773266467513,-0.02254164201467787,0.0,0.0,0.0,0.0,0.0,0.0,0.0,0.0,0.0,0.0
125,Normal,Normal,0.9994402759223517,-0.05379740780745008,0.004193619835257644,-0.000706257375548767,0.04256151839407003,0.0,0.0,0.04647273384254704,0.0,-0.0008918848733515396,-0.037982805549006605,-0.0038491647348750865,0.0,0.0,0.0,-3.221670041663195e-05,0.0,0.0,0.0,0.0,0.0,0.0,0.0
126,replay,replay,0.976171506315801,0.06891366328628924,-0.00945860630293046,0.0010425188563614979,-0.10042979894743533,-0.005554622848613805,0.055167489631719045,-0.23710207879991874,0.0059983678686066745,-0.003990904345187315,0.23469970626302109,-0.014694200150254433,0.0,0.0,0.0,0.0,0.0,0.0,0.0,0.0,0.0,0.00011594694771313238,0.0
127,port-scan,port-scan,0.9999693403182908,0.04091863201549617,-0.04945419136206371,-0.0001606808374124436,-0.021651110384273413,0.021416778510008398,0.0,0.06316642777247498,-0.0876670103539148,-0.0005308033074325491,-0.025106350218800217,0.07933705556058124,-0.024669973242331836,0.0,0.0,0.0,0.0,0.0,0.0,0.0,0.0,0.0,0.0
128,Normal,Normal,0.9966932367375879,-0.04668990221315644,0.004043602703661416,-0.0005992035096262751,0.05555005475788681,0.0,-0.01511851119466442,0.05893687940167089,0.002852682382484337,-0.0008721049580596657,-0.07525655298711002,-0.004137173839737126,0.0,0.0,0.0,0.0,0.0,0.0,0.0,0.0,0.0,0.0,0.0
129,Normal,Normal,0.9944032325177143,-0.050151872377580495,0.0073021405773689855,-0.000777146145670152,0.03102853180230049,0.0,0.018394183456280928,0.07360990097840521,0.0,-0.0009195671622971574,-0.030098378666402734,-0.003495083569141899,-0.03161713823932402,0.0,0.0,0.0,0.0,0.0,0.0,0.0,0.0,0.0,0.0
130,Normal,Normal,0.9984715695661887,0.0411954300970125,0.0,-0.0008450744682164,-0.04081793815675622,0.0,0.0,-0.06937144071749068,0.006340372947271303,-0.001292808664008117,0.0535812624207141,-0.005067220967448636,0.014822028616351051,0.0,0.0,0.0,0.0,0.0,0.0,0.0,0.0,0.0,0.0
131,port-scan,port-scan,0.999995870441594,0.0,-0.034642018716269596,-0.000206881042302693,-0.02127219563093944,0.0,0.0,0.07437899341793079,-0.044819567050044064,-0.0005667505357317801,-0.02869613182510322,0.03332923449897329,-0.015208077856412101,0.0,0.0,0.0,0.0,0.0,0.0,0.0,0.0,0.0,0.0
132,Normal,Normal,0.9992465546453486,-0.04089331252863987,0.004477956206318737,-0.0006858868933645216,0.0523136521944734,0.0,-0.015709482473468022,0.07256428878457132,0.0,-0.0007960363747729774,-0.07198312260196366,-0.0028876574830703685,0.0,0.0,0.0,-9.440444085147299e-05,0.0,0.0,0.0,0.0,0.0,0.0,0.0
133,Normal,Normal,0.9995088968973168,-0.047111997411125484,0.003535748344308369,-0.0006879121908235415,0.04372023879709544,0.0,0.0,0.06762195679759829,0.0,-0.0008114866965410133,-0.047928604044833276,-0.004214733876733653,-0.007297462166747232,0.0,0.0,0.0,0.0,0.0,0.0,0.0,0.0,0.0,0.0
134,ip-scan,ip-scan,0.3806214188549571,0.05272276196100895,-0.00873766963983296,0.043155414966346645,-0.04444773166331356,-0.11037581343426099,0.05999574240857056,0.0654972924394271,-0.008380878314537583,0.08878227058498311,-0.23619022145200808,0.05662525343847571,0.0,0.0,0.0,0.0027188301764466405,0.0,0.0,0.0,0.0,0.0,0.0,0.0
135,Normal,Normal,0.9984531812171924,0.04841635632736711,0.0,-0.0008599476373885391,-0.04646732267236558,0.0,0.0,-0.0684730746646914,0.008446777721908024,-0.001386299672168859,0.05187591134800984,-0.005732385218710689,0.012873103848890961,0.0,0.0,0.0,0.0,0.0,0.0,0.0,0.0,0.0,0.0
136,Normal,Normal,0.999464146991127,-0.04894420471359951,0.004640705295484074,-0.000780443931325878,0.04736936705782882,0.0,0.0,0.05732079406482867,0.0,-0.0009044884858193016,-0.04720115600670063,-0.004111912566009195,-0.007617843261014487,0.0,0.0,0.0,0.0,0.0,0.0,0.0,0.0,0.0,0.0
137,Normal,Normal,0.9985541234997249,0.04985509269193533,0.0,-0.0008365689080697411,-0.04221031204648641,0.0024756416666899747,0.0,-0.056159957214248234,0.006654097489064201,-0.0013825484273031427,0.04840799494260857,-0.005577712325452723,0.014312957395134246,0.0,0.0,0.0,0.0,0.0,0.0,0.0,0.0,0.0,0.0
138,Normal,Normal,0.9981031157812199,0.04205971808637867,0.0,-0.0007960492992343589,-0.04317481204808665,0.0,0.0,-0.06545133329679932,0.008125782233714567,-0.0013954525711405547,0.050269509774666266,-0.006547192270016268,0.013552671157261598,0.0,0.0,0.0,0.0,0.0,0.0,0.0,0.0,0.0,0.0
139,Normal,Normal,0.9985968645369038,0.054992478607327006,0.0,-0.0008535545289302814,-0.0442989813241302,0.0,-0.006064917917046685,-0.060387867632249216,0.007767785266962983,-0.0014002088945084155,0.04838456003279555,-0.005643257900876975,0.01723741297516612,0.0,0.0,0.0,0.0,0.0,0.0,0.0,0.0,0.0,0.0
140,Normal,Normal,0.9902945205038782,-0.0653336029686921,0.0029289434280329275,-0.0006883139477513852,0.07116604500646603,0.0,-0.00520251304050436,0.12350557600204709,0.0,-0.0006919894558104678,-0.11273367107806434,-0.00468305356991196,-0.004657574274463171,0.0,0.0,0.0,0.0,0.0,-0.006113062987226222,0.0,0.0,-8.15324600361722e-05,0.0
141,Normal,Normal,0.9869010062768975,-0.042638360431680074,0.011287954663141152,-0.0011416686631484521,0.03171131832508988,0.0,0.0,0.05207097517094853,0.0,-0.0012775915666218079,-0.027900722494986246,-0.0035813715306817866,-0.018155814095242924,0.0,0.0,0.0,0.0,0.0,0.0,0.0,0.0,0.0,0.0
142,port-scan,port-scan,0.9998955163561315,0.0,0.0,-0.00040141681838262396,-0.03523556967412026,0.0,0.0,0.12263311237439069,-0.0420417892155274,-0.0006369904132440039,-0.05468181729962601,0.006561068203880837,-0.029864198636887676,0.0,0.0,0.0,0.0,0.0,0.0,0.0,0.0,0.0,0.0
143,Normal,Normal,0.9905840407120126,-0.03331073379722413,0.011702363912546403,-0.001100544912999987,0.031138438614791687,0.002560822754162421,-0.014911469414512392,0.09181072529175148,0.0,-0.0012788823264197674,-0.051186742261501876,-0.0032266801867710335,-0.02956401669785219,0.0,0.0,0.0,0.0,0.0,0.0,0.0,0.0,0.0,0.0
144,Normal,Normal,0.9996016922885396,-0.04260509992014368,0.004328684177785827,-0.0007390097566936434,0.04818654739166292,0.0,-0.005612958131856228,0.07290912491549036,0.0,-0.0008997286676972468,-0.05176781510920898,-0.0043128406535450125,-0.010862172903381128,0.0,0.0,0.0,0.0,-0.0004969935422423539,0.0,0.0,0.0,-0.00011880950899766813,0.0
145,mitm,mitm,0.9687370655790607,-0.11037418568772811,0.00389732983701809,-0.0007597800420759494,0.14198467421484343,0.0,-0.0322094141811164,0.01680322713449045,0.00347596384530343,-0.0009035335546829041,-0.023975345067505004,-0.005220713798484908,0.012261065152813368,0.0,0.0,0.0,0.0,0.0,0.0,0.0,0.0,0.0,0.0
146,Normal,Normal,0.9989880828062421,0.03123683679335626,0.0,-0.000827824167531695,-0.03920508852360707,0.0,0.0,0.0,0.007580110573359823,-0.001328387491796757,0.04863999342329729,-0.005059405604408569,0.013968985228816306,0.0,0.0,0.0,0.0,0.0,0.0,0.0,0.0,0.0,0.0
147,Normal,Normal,0.9974117246331754,-0.04969634920804396,0.005581104062784618,-0.000660495800395822,0.03145867753087746,0.0,0.010459717936692384,0.04364884424042554,0.0,-0.000914295002297385,-0.023474340762529602,-0.0035811033001290566,-0.019488361012288534,0.0,0.0,0.0,0.0,0.0,0.0,0.0,0.0,0.0,0.0
148,Normal,Normal,0.9995086847033562,-0.042449233048898555,0.004143119708648287,-0.000593106722809871,0.04881992892630718,0.0,0.0,0.06388833697325132,0.0025983832627983587,-0.0008994909005939397,-0.04860783517144874,-0.0040760088347907755,-0.007130101285266714,0.0,0.0,0.0,0.0,0.0,0.0,0.0,0.0,0.0,0.0
149,ddos,ddos,0.9999985908202567,0.0,0.0,-0.0007625346406151483,-0.007659350583036052,0.0,0.014462378468117548,-0.02090135266920966,0.01659899615886083,-0.0010365347650691695,0.023911084712153786,-0.009621910910962485,-0.009063285410005645,0.0,0.0,0.0,0.0,0.0,0.0,0.0,0.0,0.0,0.0
150,Normal,Normal,0.9982228448158061,0.047751860776451,0.0,-0.0007775056329223768,-0.04211154185603074,0.0,0.0,-0.06256813774721638,0.007466189279380745,-0.001329949936558106,0.05403126772568899,-0.006043274597311382,0.013577912026946892,0.0,0.0,0.0,0.0,0.0,0.0,0.0,0.0,0.0,0.0
151,Normal,Normal,0.9986369122484091,0.040887283264244186,0.0,-0.0008064376178661941,-0.04026518444055678,0.0,0.0,-0.06319340177925681,0.008134463789140931,-0.0014449263941410193,0.047727524465842684,-0.005285741913834479,0.016807080429085602,0.0,0.0,0.0,0.0,0.0,0.0,0.0,0.0,0.0,0.0
152,Normal,Normal,0.9990071318556359,-0.0431010999554107,0.003945166063920165,-0.0006972992989181024,0.04608752770139507,0.0,0.0,0.0639878709153743,0.00242051030803973,-0.0009431992367499715,-0.04728088171600027,-0.0033803821817226937,-0.010068841021967577,0.0,0.0,0.0,0.0,0.0,0.0,0.0,0.0,0.0,0.0
153,Normal,Normal,0.9874596055835216,-0.04284470741437457,0.012134366611481082,-0.001175851631176436,0.030619878538866645,0.0032878911785528503,0.0,0.049678652258766165,0.0,-0.0012797164118609516,-0.026747170293140245,-0.003995919269986809,-0.014380580047824908,0.0,0.0,0.0,0.0,0.0,0.0,0.0,0.0,0.0,0.0
154,mitm,mitm,0.9956324863706497,-0.07076105549086323,0.0,-0.000765436847269478,0.08666109097021824,0.0,-0.019229975898651445,-0.21970627822021546,0.0051524837580059655,-0.001008877145522359,0.2407518257026497,-0.005636065360450822,-0.017739265096785486,0.0,0.0,0.0,0.0,0.0,0.0,0.0,0.0,0.0,0.0
155,Normal,Normal,0.9874056106066378,-0.03998359679957799,0.013421073957618563,-0.0011075195699732743,0.03016736376826882,0.002253589716449199,-0.0077998297936676605,0.05041857153239232,0.0,-0.0012392613859785128,-0.028354816850319695,-0.004356560561847522,-0.01825374124530428,0.0,0.0,0.0,0.0,0.0,0.0,0.0,0.0,0.0,0.0
156,Normal,Normal,0.9968617225481132,-0.04932670231062609,0.004415784564346419,-0.0007468758033327949,0.0556664965416936,0.0,-0.015672239237425868,0.05940644841546264,0.0,-0.0007244414893936487,-0.07377379068141864,-0.0038711342846885093,0.012466397322448274,0.0,0.0,0.0,0.0,0.0,0.0,0.0,0.0,0.0,0.0
157,Normal,Normal,0.9855382371599869,-0.037444376396323815,0.0059271499261967925,-0.000877401529098481,0.029701613287302017,0.0,0.0,0.03446027256212966,0.0,-0.0008925997673960597,-0.012750470141753574,-0.004242057007505283,0.0,0.0,0.0,0.0,0.0,0.0,0.0,0.0,0.0,0.0,0.0
158,Normal,Normal,0.9986645998255509,0.03870311068573757,0.0,-0.0007695604853141766,-0.044049252116796826,0.0,0.0,-0.06384606252995913,0.0078124639987552655,-0.0014333499957991565,0.048392802953971074,-0.0049260047604959235,0.0151292606197865,0.0,0.0,0.0,0.0,0.0,0.0,0.0,0.0,0.0,0.0
159,mitm,mitm,0.9408180938596064,-0.10129709162583579,0.0,-0.000738506716639963,0.11725364332442732,-0.0006027113755099693,-0.015604185300922477,0.14521067935497703,0.0,-0.0008377159571996238,-0.15966036223479552,-0.004572156515450161,0.019704398168671842,0.0,0.0,0.0,0.0,0.0,0.0,0.0,0.0,0.0,0.0
160,Normal,Normal,0.9993391828092931,-0.04123852415119402,0.004194487673110747,-0.0007103532794028301,0.04681682469690777,0.0,0.0,0.0660514660879245,0.0,-0.0009774631587356518,-0.04814041009836264,-0.003161231952649596,-0.010227763069714166,0.0,0.0,0.0,0.0,0.0,0.0,0.0,0.0,0.0,0.0
161,Normal,Normal,0.9959938674574284,-0.03464056792108857,0.005519223015912512,-0.0007724707724191441,0.02320410912297563,0.0,0.0,0.030002995504181597,0.0,-0.0010294820227487057,-0.017153075830874224,-0.0036432437810352282,-0.0120835255426161,0.0,0.0,0.0,0.0,0.0,0.0,0.0,0.0,0.0,0.0
162,replay,replay,0.9185288443747359,0.03404859506341994,-0.017303195545561045,-0.0009899095091547357,-0.022367509795300423,0.0,0.0,-0.08372801014613802,0.0166086177827475,-0.001593510359878666,0.030070273174702712,-0.005486771344563615,0.04077899786815129,0.0,0.0,0.0,0.0,0.0,0.0,0.0,0.0,-8.764957474372611e-05,0.0
163,Normal,Normal,0.9991765741111182,-0.05311439610939293,0.004528323923398167,-0.0006892068466512213,0.054657371005933826,0.0012550091999934745,-0.009902108019176655,0.028388882152174055,0.0,-0.0008420358929038837,-0.031898456712641236,-0.004072156073510288,0.0,0.0,0.0,0.0,0.0,0.0,0.0,0.0,0.0,0.0,0.0
164,Normal,Normal,0.9892916813413775,-0.04015302765355823,0.009101843887098782,-0.0011280497983897117,0.03197217819165825,0.0,0.0,0.07868770990319737,0.0,-0.0012162369092091623,-0.04595143399814338,-0.0027698813667017437,-0.02395399832920159,0.0,0.0,0.0,0.0,0.0,0.0,0.0,0.0,0.0,0.0
165,Normal,Normal,0.9888104847144875,-0.03625259189740204,0.009717727664645365,-0.001122698457979484,0.032481525383330455,0.003131652391334644,-0.0094589063309833,0.0625415873176337,0.0,-0.0013613488654084759,-0.0347572672900699,-0.0035697653657961706,-0.022934350647691885,0.0,0.0,0.0,0.0,0.0,0.0,0.0,0.0,0.0,0.0
166,Normal,Normal,0.9983909388812396,-0.03922245722031311,0.004699765971879218,-0.0007094103343322039,0.034642636082838706,0.0,0.0,0.05752561837041166,0.0025565630497278507,-0.0009229105862956882,-0.029702647440554064,-0.004674186048626051,-0.019912268752566784,0.0,0.0,0.0,0.0,0.0,0.0,0.0,0.0,0.0,0.0
167,Normal,Normal,0.9544772803291164,-0.04363382658899798,0.009933486574656133,-0.0007773740087987053,0.02995293393106732,0.002110229916266519,0.0,0.09596755644732367,0.0,-0.0009242955251254227,-0.026261365324555048,-0.003939820512518149,-0.058148232950315064,0.0,0.0,0.0,0.0,0.0,0.0,0.0,0.0,0.0,0.0
168,ddos,ddos,0.9999992647067868,-0.013958511059587073,0.014473632903845051,-0.0008922572447632277,0.010764585345458757,-0.00018979040274150666,-0.013186743688080186,0.019534432148958298,0.0029508670109346102,-0.0009285529243064636,-0.006120104564333433,-0.004930042226249277,-0.011265726072326517,0.0,0.0,-5.289181892868377e-05,0.0,0.0,0.0,0.0,0.0,0.0,0.0
169,Normal,Normal,0.9995474359924573,0.0,0.003854252388795099,-0.000720905096484155,0.044523912969640075,0.0,-0.00768331429673767,0.057650129864077124,0.002251604868806885,-0.0008920679364703833,-0.046927187211510145,-0.0035853943161338964,-0.009346332053506273,0.0,0.0,0.0,0.0,0.0,0.0,0.0,0.0,0.0,0.0
170,replay,mitm,0.5441089029262157,-0.042047181295197,-0.01857414848130911,0.030493493102860782,0.0,-0.12985372230076203,0.15687074207232524,0.08438104889698228,-0.005197519660781039,0.024400495111327244,-0.18132511109483218,0.03435476264935028,0.0,0.0,0.0,0.0,0.0,0.0,0.0,0.0,0.0,0.0,0.0
171,Normal,Normal,0.9872992672729816,-0.03930134619552799,0.00968081662895438,-0.0010951886593733352,0.0305394171183044,0.0014652468433390409,-0.00628674128804009,0.051009072659885364,0.0,-0.001274865118294528,-0.028922921967496535,-0.0033747654426912158,-0.01866586475805074,0.0,0.0,0.0,0.0,0.0,0.0,0.0,0.0,-2.1583140671169523e-05,0.0
172,Normal,Normal,0.9985390578630295,0.04522338829916035,0.0,-0.0008170566909811971,-0.04356208903689859,0.0,0.0,-0.06173598496512739,0.007220477800492837,-0.0014513765427426383,0.04887319524448637,-0.005306631569619141,0.01384693717978779,0.0,0.0,0.0,0.0,0.0,0.0,0.0,0.0,0.0,0.0
173,port-scan,port-scan,0.9999877554567863,0.0,-0.04776862412084154,-0.00019128915911604914,-0.023734212709324642,0.02258801757816339,0.0,0.06608758852120888,-0.05944030070486331,-0.0006028392723637377,-0.024626629531677963,0.04695126675449051,0.0,0.0,0.0,0.0,0.0,0.015070584554795876,0.0,0.0,0.0,0.0,0.0
174,Normal,Normal,0.99386036949746,-0.06418648717073275,0.00296175039261197,-0.0009346101034872448,0.05476153139962353,0.0,0.0,0.08040096926210963,0.0,-0.0011767862887494486,-0.07198310922714458,-0.0029047998296984506,-0.012570825311425577,0.0,0.0,0.0,0.0,0.0,0.0,0.0,0.0,0.0,0.0
175,Normal,Normal,0.9987074657930087,0.04231252269049833,0.0,-0.0008022854000210946,-0.0432061973909518,0.0,0.0,-0.06364650016087503,0.006650266948508819,-0.0013469756623048286,0.047818933663587374,-0.005350750476517919,0.016601670769020235,0.0,0.0,0.0,0.0,0.0,0.0,0.0,0.0,0.0,0.0
176,Normal,Normal,0.9995489598356757,-0.03738682544930648,0.005112534448726882,-0.0007599728828738499,0.04953206818313627,0.0,-0.013787989473339732,0.06127873667666694,0.0,-0.0008597617775293382,-0.05002407930252786,-0.003934182387748565,0.0,0.0,0.0,0.0,0.0,0.0,0.0,0.0,0.0,0.0,0.0
177,Normal,Normal,0.9901600839136143,-0.03647301174585375,0.008122290354262237,-0.0011027240248090825,0.029365076080956676,0.003443444400571746,-0.004004494729736595,0.03177291167850121,0.0,-0.0011894290676819324,-0.01925724822534546,-0.00476826258658358,-0.008807992270681497,0.0,0.0,0.0,0.0,0.0,0.0,0.0,0.0,0.0,0.0
178,Normal,Normal,0.9970216677082047,0.06031174307384563,0.0,-0.0006966053228584977,-0.052197633180810804,0.0,-0.009950776687279466,-0.03714433758508007,0.0038033871145042066,-0.0010768069568451203,0.02500071153241722,-0.004571664255995969,0.00939926846441235,0.0,0.0,0.0,0.0,0.0,0.0,0.0,0.0,0.0,0.0
179,Normal,Normal,0.995412146757679,-0.06818537164830872,0.0033248398972951423,-0.0007134680984980827,0.07091848454464833,0.0,-0.012258593125689735,0.09141367052198077,0.0022036706642683777,-0.0007827199587173138,-0.09658239120726853,-0.004384407794136707,0.0,0.0,0.0,0.0,0.0,0.0,0.0,0.0,0.0,0.0,0.0
180,Normal,Normal,0.9860502304165849,-0.04647611872120083,0.013993278757400508,-0.001045586052601404,0.03343358918303529,0.002504546230149189,0.0,0.050154275812383,0.0,-0.0013718742563792526,-0.03106197987860365,-0.0037841550737484865,-0.01603382950808625,0.0,0.0,-5.8407814130094366e-05,0.0,0.0,0.0,0.0,0.0,0.0,0.0
181,Normal,Normal,0.9873923694115551,-0.03904294757438416,0.009936977096855634,-0.0010381413946413565,0.032097365984540244,0.0,0.0,0.049115317346284625,0.0,-0.0012140118108162775,-0.03040226244788109,-0.00406912591314316,-0.014621550298707384,0.0,0.0,0.0,0.0,0.0,0.0,0.0,0.0,-3.680340583397103e-05,0.0
182,port-scan,port-scan,0.9999167838726881,0.05431133838927382,-0.055628503734548695,-0.00016815167795660758,-0.020465106749799896,0.019924428055047717,0.0,0.05977884096647983,-0.0717503447004989,-0.0005366944707087412,-0.022213981331642145,0.058289243135720675,0.0,0.0,0.0,0.0,0.0,0.0,0.0,0.0,0.0,0.0,0.0
183,Normal,Normal,0.9986165148369961,0.045323441577574564,0.0,-0.0007770527800440173,-0.041296645348831026,0.0,0.0,-0.06267067538676008,0.008240407270234222,-0.0013508371431666237,0.048051923307495165,-0.00473358438338797,0.010352766618588827,0.0,0.0,0.0,0.0,0.0,0.0,0.0,0.0,0.0,0.0
184,Normal,Normal,0.9984988577819588,0.04073149628921596,0.0,-0.0008605220414547541,-0.041283360272323655,0.002158817965041082,0.0,-0.06355070609931718,0.006801926037467814,-0.0014285514158926156,0.046430677726182354,-0.00603433529849151,0.014766675595276934,0.0,0.0,0.0,0.0,0.0,0.0,0.0,0.0,0.0,0.0
185,Normal,Normal,0.9942201799447206,-0.056864120860167205,0.0031467678957658794,-0.0009171462018299868,0.04806636919138063,0.0017108375723368374,0.0,0.08779718495381733,0.00217499542385945,-0.0012359472753424904,-0.06730255940827767,-0.0033964294576886455,-0.016124008925689486,0.0,0.0,0.0,0.0,0.0,0.0,0.0,0.0,0.0,0.0
186,ddos,ddos,0.9999246605391058,-0.013895923039232002,0.018306809115758424,-0.0010044768343079194,0.01752949038113478,0.0,-0.024114556868514242,0.030450815257399736,0.0,-0.0011616186071263378,-0.011830788683816587,-0.006090448689171248,0.0,0.0,0.0,0.0,0.0,0.0,0.0,0.0,0.0,0.0,0.0
187,port-scan,port-scan,0.9999889589174736,0.04347690367415158,-0.0523390887034215,-0.00020245726845758913,-0.020277098414316234,0.020353591846534704,0.0,0.06744459216407221,-0.04543077235159358,-0.0006679522087843944,-0.0275741022578793,0.03157802791165163,0.0,0.0,0.0,0.0,0.0,0.0,0.0,0.0,0.0,0.0,0.0
188,Normal,Normal,0.9966288539158892,-0.0437763930103179,0.00725132852849383,-0.0006930411453705584,0.035138722628309506,0.0,0.0,0.068245447664559,0.0,-0.0009212140510426588,-0.03464234163906292,-0.0039019878792032484,-0.024447124387312544,0.0,0.0,0.0,0.0,0.0,0.0,0.0,0.0,0.0,0.0
189,Normal,Normal,0.9994171234774364,-0.04967757917944436,0.003933478661653354,-0.0006759605602636317,0.04524482026759182,0.0,0.0,0.020542412248601066,0.0031658822313820646,-0.0008292325220581479,-0.01905270533072291,-0.004989867830731497,0.0,0.0,0.0,0.0,0.0,0.0,0.0,0.0,0.0,0.0,0.0
190,port-scan,ip-scan,0.3703643672384513,0.04749997181396737,-0.0077704169933623625,0.04144942629079287,-0.04513805769063886,-0.09765071895860046,0.05381324017781776,0.06477348044989695,-0.005895991223316136,0.08645899106456946,-0.2507571121662314,0.04782988882910859,0.0,0.0,0.0,0.0,0.0,0.0,0.0,0.0,0.0,0.0,0.0
191,port-scan,port-scan,0.9999910007143895,0.0,-0.047064018788778056,-0.00016585972177455503,-0.022574545190760575,0.010885419105668204,0.0,0.07567992969940895,-0.0650054489648675,-0.0005073161594342577,-0.027723344000252434,0.05488073269407949,-0.022611370054499053,0.0,0.0,0.0,0.0,0.0,0.0,0.0,0.0,0.0,0.0
192,Normal,Normal,0.9984302232013728,0.04479270236440425,0.0,-0.0008353859972474866,-0.04167657308850053,0.0,0.0,-0.06388425068395909,0.00768185575598703,-0.0013776526480984372,0.04925727727744538,-0.005698864152120237,0.014728780609138974,0.0,0.0,0.0,0.0,0.0,0.0,0.0,0.0,0.0,0.0
193,Normal,Normal,0.9985830811586222,0.04260635894492868,0.0,-0.0007886956276064398,-0.04211331449537069,0.0,0.0,-0.06753109799377188,0.006395284742654321,-0.0013567314706542893,0.0482984024345606,-0.0043773373161248,0.01821484800809738,0.0,0.0,0.0,0.0,0.0,0.0,0.0,0.0,0.0,0.0
194,replay,replay,0.9992259259050844,0.0,0.0,-0.0005522310072337925,0.0,0.0,0.0,0.017639774560468197,0.006122835804042631,-0.0006682484040491726,-0.0253457451251081,-0.003336318033285781,0.0,0.0,0.0,0.0,0.0,0.0,0.0,0.0,0.0,0.0,0.006664849019774154
195,Normal,Normal,0.9983839139119949,0.043304071343341674,0.0,-0.0008948698410039635,-0.042132267596666585,0.0,0.0,-0.06807268357031515,0.009070034977873688,-0.0013847594081361294,0.049063117315918045,-0.005787453892166854,0.012139023347629523,0.0,0.0,0.0,0.0,0.0,0.0,0.0,0.0,0.0,0.0
196,Normal,Normal,0.9980417951204889,0.038267493502081515,0.0,-0.0008253518242282426,-0.04162138099787446,0.002550636842545105,0.0,-0.06782658014486893,0.007431383021549783,-0.0014636992890778374,0.050766754977699224,-0.006157001453017874,0.017223544980770025,0.0,0.0,0.0,0.0,0.0,0.0,0.0,0.0,0.0,0.0
197,Normal,Normal,0.9982806553285478,0.040305291755320605,0.0,-0.0008296166265177313,-0.042785799138264295,0.002326363546956124,0.0,-0.07077889992441097,0.006437989608562909,-0.0012869173039260213,0.052762085662987755,-0.005257458928874037,0.013370048415552597,0.0,0.0,0.0,0.0,0.0,0.0,0.0,0.0,0.0,0.0
198,Normal,Normal,0.9995811052531665,-0.041917761978120416,0.004219210834679036,-0.0006876365078435248,0.04707031613260206,0.0,0.0,0.06375917677176463,0.002515253890230499,-0.0008870344012413424,-0.047473275183775886,-0.004174024087873006,-0.005612758721846897,0.0,0.0,-7.875020545625588e-05,0.0,0.0,0.0,0.0,0.0,0.0,0.0
199,Normal,Normal,0.9859060385722229,-0.043618324410274766,0.012288803599582756,-0.001069703400997513,0.03250158253529727,0.0,0.0,0.05239203183937709,0.0,-0.001279157997363718,-0.0282721905782066,-0.00337679648345661,-0.018967056129742182,0.0,0.0,0.0,0.0,0.0,0.0,0.0,0.0,0.0,0.0
