index,true,pred_label,pred_prob,shap_sBytesAvg,shap_rBytesAvg,shap_sFinRate,shap_sttl,shap_rttl,shap_sAckDelayMax,shap_rAckDelayMax,shap_sPackets,shap_rPackets,shap_sWinTCP,shap_rWinTCP,shap_sInterPacketAvg,shap_rInterPacketAvg
0,0,0,0.8133248400279095,-0.020583662916286282,0.020583662916286324,0.0,0.0,0.015491262887566514,-0.0154912628875665,-0.009198471290439506,0.009198471290439603,0.016463889321603285,-0.016463889321603226,0.01714811487182939,-0.01714811487182957,0.04856235224013464
1,0,0,0.8812078548030341,-0.02342991239000216,0.02342991239000226,0.0,0.0,0.0,0.0,-0.00917308743405243,0.009173087434052499,0.01794667732209972,-0.017946677322099765,0.0411839676890476,-0.0411839676890477,-0.08303671470552391
2,0,0,0.8849226137050054,-0.02334477847768264,0.023344778477682744,0.0,0.0,0.0,0.0,-0.008353651290462671,0.00835365129046256,0.017240279178430365,-0.017240279178430507,0.041347624432735486,-0.041347624432735604,-0.08157963192343189
3,0,0,0.816316488198116,-0.021830492207163637,0.0218304922071636,0.0,0.0,0.015178261625206881,-0.015178261625206824,0.0,0.0,0.014372678333348488,-0.014372678333348585,0.015140912902364705,-0.015140912902364731,0.04485758598458564
4,0,0,0.8797470546132156,-0.02327711562229513,0.023277115622294998,0.0,0.0,0.0,0.0,-0.009333714771527696,0.009333714771527862,0.017656000820169437,-0.017656000820169444,0.0405271457296533,-0.04052714572965325,-0.08555373013141589
5,0,0,0.8125818672049532,-0.020018289207139318,0.020018289207139297,0.0,0.0,0.01536844478682745,-0.015368444786827511,0.0,0.0,0.015838962488480792,-0.01583896248848091,0.042559562519313615,-0.042559562519313664,0.045919911234515866
6,0,0,0.8476985739876843,-0.018962560003420784,0.018962560003420812,0.0,0.0,0.015017000484043176,-0.015017000484043204,-0.009090901415858138,0.009090901415858055,0.016287437558705167,-0.016287437558705223,0.042760439885868265,-0.04276043988586821,0.04608261136483794
7,1,0,0.847020805025912,-0.019890146548173514,0.019890146548173532,0.0,0.0,0.01437201784983449,-0.014372017849834428,0.0,0.0,0.015963399019308544,-0.015963399019308436,0.04191928746574668,-0.04191928746574647,0.05678313432693639
8,0,0,0.8600875424848751,-0.02375962370499755,0.023759623704997613,0.0,0.0,0.0,0.0,-0.008981884774597007,0.008981884774596868,0.017330664678145983,-0.01733066467814616,0.01837012616621587,-0.018370126166215944,-0.08676266155188306
9,0,0,0.8312487938786574,-0.020668043148308585,0.020668043148308606,0.0,0.0,0.015441437813915652,-0.015441437813915649,0.0,0.0,0.01511810557808941,-0.01511810557808945,0.0432094761147025,-0.04320947611470256,0.047147162176665515
10,0,0,0.881326734063349,-0.023200176142270854,0.023200176142270733,0.0,0.0,0.0,0.0,-0.00937337489978013,0.009373374899780212,0.017600012896812317,-0.017600012896812216,0.041247948863919026,-0.04124794886391905,-0.08237817840440687
11,0,0,0.810858994248415,-0.02055560902157965,0.020555609021579605,0.0,0.0,0.015903739379951917,-0.015903739379952053,0.0,0.0,0.015120294191680362,-0.015120294191680584,0.01601096310389959,-0.016010963103899628,0.057269516032171085
12,0,0,0.8800352227918453,-0.023225460900433398,0.023225460900433485,0.0,0.0,0.0,0.0,-0.009366577266635978,0.00936657726663613,0.01741413239137055,-0.017414132391370497,0.040349913722226995,-0.040349913722226974,-0.08546496265414984
13,0,0,0.8361266652183987,-0.019975058293165825,0.019975058293165874,0.0,0.0,0.01576037590460666,-0.015760375904606605,-0.010390549894092008,0.01039054989409216,0.01671032841073743,-0.016710328410737305,0.042200977878595045,-0.04220097787859509,0.04666716457524591
14,0,0,0.8472088056469499,-0.019911979867579907,0.019911979867579917,0.0,0.0,0.014847832591029533,-0.014847832591029505,-0.008357561916047529,0.00835756191604764,0.015692169949397736,-0.015692169949397608,0.04281862540141215,-0.04281862540141217,0.04640229579519247
15,1,0,0.8776502840115673,-0.023476759826856753,0.02347675982685676,0.0,0.0,0.0,0.0,-0.00924170593792692,0.009241705937926975,0.018450847959209846,-0.018450847959209822,0.040746617935630045,-0.04074661793563005,-0.08314454613677526
16,0,0,0.8527247739634474,-0.019607967455451434,0.01960796745545148,0.0,0.0,0.01489325661182591,-0.014893256611825908,-0.009033310846651627,0.009033310846651765,0.016590851524203882,-0.01659085152420383,0.04290153231366871,-0.04290153231366877,0.053920808662772886
17,0,0,0.6507366476149055,-0.022344547203651706,0.022344547203651772,0.0,0.0,0.01606370324599864,-0.01606370324599868,0.0,0.0,0.013651742603341281,-0.013651742603341292,0.011347648301128749,-0.01134764830112886,0.05244126467764328
18,0,0,0.7377166830852435,-0.06889478920750383,0.06889478920750385,-0.01483217523832324,0.014832175238323406,-0.07200068698176161,0.07200068698176153,0.0,0.0,0.0,0.0,-0.10809182293717214,0.10809182293717205,0.06360837029813246
19,0,0,0.8442096159646573,-0.02012737317572633,0.020127373175726337,0.0,0.0,0.01565454914960992,-0.015654549149609925,-0.008926463773304374,0.008926463773304541,0.01631247773456596,-0.01631247773456585,0.042993161164602674,-0.04299316116460262,0.043695350293399465
20,0,0,0.8451253633780008,-0.01962856956871575,0.01962856956871592,0.0,0.0,0.01637846494575015,-0.016378464945750036,-0.009194881781147843,0.009194881781147982,0.017171757291788967,-0.01717175729178893,0.04249698794860259,-0.04249698794860269,0.04614174244365046
21,0,0,0.879663167360107,-0.023340443756911796,0.023340443756911966,0.0,0.0,0.0,0.0,-0.008978165039823377,0.008978165039823183,0.017414501522895774,-0.017414501522895944,0.04089861293650641,-0.040898612936506575,-0.0827892413664105
22,1,1,0.9969342724862021,0.0,0.0,-0.1397273245381109,0.13972732453811104,-0.0463601517309647,0.046360151730964486,0.0,0.0,-0.19194602454940574,0.19194602454940557,0.01664321320901827,-0.016643213209018303,-0.03403704396633663
23,0,0,0.7332548124346835,-0.021886166356692185,0.021886166356692216,0.0,0.0,0.016576672807642044,-0.016576672807642086,0.0,0.0,0.015392685512204045,-0.015392685512204074,0.013474706806393521,-0.013474706806393424,0.05340690850888579
24,0,0,0.8803452443790668,-0.023319273754743186,0.02331927375474326,0.0,0.0,0.0,0.0,-0.008529633156027838,0.008529633156027921,0.01793763364591122,-0.017937633645911076,0.04061385012335899,-0.04061385012335895,-0.08559054628808375
25,0,0,0.8796104680147622,-0.023867881280294344,0.023867881280294382,0.0,0.0,0.0,0.0,-0.00995361884991075,0.009953618849910861,0.01826583706183969,-0.01826583706183958,0.04117762871585639,-0.04117762871585631,-0.08286471829354941
26,1,0,0.8161234716509098,-0.01985683788780257,0.01985683788780265,0.0,0.0,0.015913442508393747,-0.015913442508393688,-0.009409296119136545,0.009409296119136643,0.015716653960567147,-0.015716653960567036,0.016560629876114064,-0.016560629876114414,0.04887874315632169
27,0,0,0.8297151106538933,-0.019684787927683297,0.019684787927683342,0.0,0.0,0.015082198320031147,-0.015082198320031204,0.0,0.0,0.01598208283515279,-0.015982082835152914,0.04277629336334566,-0.04277629336334577,0.044994584525360905
28,0,0,0.8182970887522623,-0.020469156145296468,0.020469156145296444,0.0,0.0,0.015835305364057518,-0.015835305364057514,0.0,0.0,0.01602921284539454,-0.01602921284539455,0.04263812425929184,-0.042638124259291824,0.04536027379812335
29,0,0,0.8394433731974111,-0.019908449415422105,0.019908449415422177,0.0,0.0,0.015538016384510089,-0.015538016384510168,-0.009272683165816559,0.009272683165816545,0.016062954156178755,-0.01606295415617883,0.042773472315544916,-0.04277347231554493,0.04638758801086122
30,0,0,0.829536802297978,-0.02011406604087962,0.020114066040879612,0.0,0.0,0.015154438930363126,-0.015154438930363244,0.0,0.0,0.01540452655282465,-0.015404526552824708,0.04327455233824091,-0.04327455233824087,0.04715543730403331
31,0,0,0.8949430190496038,0.39743725883964415,-0.39743725883964426,0.030445955094588115,-0.03044595509458816,-0.038174607610156785,0.03817460761015697,0.0,0.0,0.0,0.0,-0.2399058862601959,0.23990588626019604,-0.029362755185861508
32,0,0,0.9362384068067032,0.023987180896211404,-0.023987180896211605,0.25107504510492384,-0.25107504510492384,-0.057023614786935274,0.05702361478693524,0.0,0.0,0.010556096866444764,-0.01055609686644468,0.033212175456286214,-0.03321217545628619,-0.016691790306792915
33,1,0,0.806984656799538,-0.02077554380719559,0.02077554380719572,0.0,0.0,0.01549000311115172,-0.015490003111151658,-0.009603493025341754,0.009603493025341817,0.015724527334996692,-0.01572452733499662,0.015493364804848494,-0.015493364804848921,0.04660609112039198
34,0,0,0.883103256887678,-0.02359854119429632,0.023598541194296416,0.0,0.0,0.0,0.0,-0.009780581974236036,0.00978058197423623,0.018117511741691076,-0.01811751174169095,0.040740519958380586,-0.04074051995838065,-0.08109447252169058
35,0,0,0.8391997982613072,-0.01948380351916961,0.01948380351916974,0.0,0.0,0.01496321813789944,-0.014963218137899508,-0.009899986768819619,0.009899986768819771,0.016735016314488635,-0.016735016314488604,0.04315301150445761,-0.04315301150445758,0.04137224152686656
36,0,0,0.6720861732455781,0.12497561455668366,-0.1249756145566835,-0.1824390845888509,0.1824390845888507,-0.06611507169971112,0.06611507169971116,0.14678790260178423,-0.14678790260178423,-0.25958942584331596,0.25958942584331596,0.0,0.0,-0.04952046444483664
37,0,0,0.8788218252807447,-0.023155105240738782,0.023155105240738837,0.0,0.0,0.0,0.0,-0.009241931991413876,0.009241931991413974,0.017753474071922376,-0.01775347407192226,0.04120422814423087,-0.04120422814423091,-0.08606803389796028
38,0,0,0.8163226209834898,-0.0843029358731675,0.08430293587316756,-0.07900615637721872,0.07900615637721875,-0.0724904550219717,0.07249045502197177,0.27241125515598164,-0.27241125515598175,-0.24455698936462408,0.24455698936462414,0.0,0.0,-0.05020105987484398
39,1,0,0.8169610265268163,-0.020461865284341692,0.020461865284341633,0.0,0.0,0.015670422220997505,-0.015670422220997474,-0.009128820303794055,0.009128820303793889,0.01643840422192878,-0.01643840422192893,0.01619964295244371,-0.016199642952443836,0.051914743933719636
40,0,0,0.8763123262473848,-0.023408511742263917,0.023408511742264063,0.0,0.0,0.0,0.0,-0.009614894758520981,0.009614894758520953,0.017975695904814525,-0.01797569590481454,0.04129977847743267,-0.04129977847743271,-0.08348852644771508
41,1,0,0.8778127522827553,-0.023886940958269265,0.02388694095826942,0.0,0.0,0.0,0.0,-0.008507961555893923,0.008507961555894034,0.017553078122178614,-0.01755307812217872,0.04086939271001108,-0.040869392710011124,-0.08609175737489924
42,0,0,0.8485103800512257,-0.018681506629863218,0.01868150662986325,0.0,0.0,0.014445852270321344,-0.014445852270321274,-0.008805720232338207,0.008805720232338152,0.01615822615492729,-0.016158226154927288,0.042428604077333065,-0.042428604077333176,0.04658140661833377
43,0,0,0.8583742881873272,-0.023599249003617408,0.02359924900361764,0.0,0.0,0.0,0.0,-0.009490346230930785,0.009490346230930938,0.017751297413116165,-0.01775129741311611,0.018950655001060534,-0.01895065500106072,-0.08437440490280651
44,0,0,0.8800394279787356,-0.022703213687880336,0.02270321368788032,0.0,0.0,0.0,0.0,-0.009380784441624879,0.009380784441624768,0.018181398771028204,-0.018181398771028326,0.0408611836848973,-0.040861183684897426,-0.0861086825067413
45,0,0,0.8436297789040477,-0.02019303141248994,0.020193031412489976,0.0,0.0,0.01557485741936037,-0.015574857419360393,-0.010291618480093453,0.01029161848009362,0.01649660093292915,-0.016496600932929043,0.043526651857008734,-0.04352665185700868,0.04453730261149543
46,0,0,0.8393282837577025,-0.019375548780859182,0.01937554878085924,0.0,0.0,0.015229510137127183,-0.015229510137127186,-0.009632823254946354,0.00963282325494648,0.016652478447848233,-0.016652478447848167,0.04291456672025105,-0.04291456672025114,0.044162531730164975
47,1,0,0.9081485247945276,0.023357739762219425,-0.02335773976221952,0.2735739583540017,-0.2735739583540016,-0.05848504417709589,0.05848504417709593,0.0,0.0,0.009352089889916593,-0.009352089889916558,0.03437434233476352,-0.03437434233476348,-0.014035366467864935
48,0,0,0.8614141538571698,0.41336062459363765,-0.41336062459363787,0.02843467065988204,-0.02843467065988191,-0.03506258620001397,0.03506258620001409,0.0,0.0,0.0,0.0,-0.27375228085329,0.2737522808532901,-0.024369327129710558
49,0,0,0.8454428007340572,-0.019527389468771937,0.019527389468771927,0.0,0.0,0.015540503587619287,-0.015540503587619287,-0.009191506870193294,0.009191506870193378,0.017371153099676327,-0.017371153099676285,0.04206561013189902,-0.042065610131899175,0.04399996851792778
50,0,0,0.8424233033260423,-0.020392833129537637,0.020392833129537585,0.0,0.0,0.015561373084602521,-0.01556137308460258,-0.008700590384030926,0.008700590384030801,0.016489948704635854,-0.016489948704635944,0.042586892734217084,-0.04258689273421706,0.04700223075489724
51,0,0,0.8796814956455699,-0.02405809311594342,0.024058093115943494,0.0,0.0,0.0,0.0,0.0,0.0,0.016309358479771916,-0.016309358479771843,0.039404199294092286,-0.039404199294092265,-0.08391645407015079
52,0,0,0.853284135667838,-0.023900329012979296,0.023900329012979272,0.0,0.0,0.0,0.0,-0.009414611520109792,0.009414611520109709,0.018028472421092807,-0.018028472421092814,0.01792259919237531,-0.017922599192375238,-0.08761917193783705
53,0,0,0.8063347931802447,-0.021211174275686136,0.021211174275686133,0.0,0.0,0.014892462171997906,-0.01489246217199785,-0.009891195899067257,0.009891195899067416,0.016151724771151354,-0.01615172477115124,0.01668059904758925,-0.016680599047589482,0.04906897793109094
54,0,0,0.8710965852081929,-0.06659540066698964,0.06659540066698966,0.0,0.0,-0.06584924596515927,0.06584924596515933,0.0,0.0,0.013954551050874675,-0.013954551050874814,0.030663045749049544,-0.03066304574904967,0.027795074107196508
55,0,0,0.8400573818297481,-0.019624550305287515,0.019624550305287484,0.0,0.0,0.014468220476820844,-0.01446822047682078,-0.009379756561930436,0.009379756561930283,0.016027630354575533,-0.016027630354575766,0.042512508684005745,-0.04251250868400584,0.04637066726395351
56,0,0,0.8397402271838227,-0.019526858593545922,0.019526858593545863,0.0,0.0,0.016023977141478633,-0.016023977141478657,-0.009441796460514879,0.009441796460514768,0.016564977403349442,-0.016564977403349432,0.04273173227127352,-0.04273173227127349,0.04130722211833232
57,0,0,0.8810044380417272,-0.022775100227347918,0.02277510022734804,0.0,0.0,0.0,0.0,-0.00899310183912752,0.008993101839127313,0.017399680221502577,-0.017399680221502754,0.04101341125964895,-0.04101341125964906,-0.08224525829833469
58,0,0,0.8415310054352745,-0.019773301115314536,0.019773301115314557,0.0,0.0,0.014939784392954718,-0.014939784392954661,-0.009989686285911042,0.009989686285911167,0.016731531315608977,-0.01673153131560887,0.042467108022547426,-0.04246710802254741,0.05175533407476054
59,0,0,0.7977448639009246,-0.02108256649087657,0.02108256649087651,0.0,0.0,0.015727434666134705,-0.015727434666134747,0.0,0.0,0.01563636558961841,-0.01563636558961845,0.015108734591092769,-0.015108734591092873,0.049481775303392
60,0,0,0.8148377628606589,-0.0892050573493004,0.08920505734930025,-0.07814098529586863,0.0781409852958686,-0.0703889348020962,0.07038893480209643,0.27621184527155473,-0.27621184527155473,-0.24577873138632092,0.2457787313863209,0.0,0.0,-0.05278878895292442
61,0,0,0.8511533787995915,-0.019071090628946942,0.019071090628946956,0.0,0.0,0.014569384987445104,-0.014569384987445075,-0.00943913121921322,0.009439131219213137,0.016750257825388415,-0.016750257825388453,0.04281465301411701,-0.042814653014117146,0.05170568568771351
62,0,0,0.8830418591898705,-0.023310643917297987,0.023310643917297938,0.0,0.0,0.0,0.0,-0.008866210980608913,0.008866210980608968,0.017521737591538147,-0.017521737591538147,0.041234487614670766,-0.04123448761467086,-0.08182109128706207
63,0,0,0.8798807887768083,-0.023403267279470383,0.023403267279470404,0.0,0.0,0.0,0.0,-0.008825104194032374,0.008825104194032318,0.017908480936309524,-0.017908480936309625,0.040958937793697935,-0.04095893779369797,-0.08326943764359514
64,1,1,0.8835686415266241,0.3085024035841289,-0.30850240358412884,0.017747546676979198,-0.017747546676979198,-0.02722370044484114,0.027223700444841147,0.0,0.0,0.0,0.0,-0.5102236881217361,0.510223688121736,-0.018094155474969318
65,1,1,0.9400727701390815,0.2662659558389274,-0.2662659558389275,0.02397459790467507,-0.023974597904674825,-0.03562136960549143,0.035621369605491233,0.0,0.0,0.0,0.0,-0.4550860188063156,0.4550860188063157,-0.02185972829726672
66,0,0,0.8124826499789963,-0.020767000160320116,0.020767000160320112,0.0,0.0,0.01592443629702458,-0.015924436297024513,-0.008787288825555281,0.008787288825555281,0.01650707134324136,-0.01650707134324129,0.01596235432101559,-0.01596235432101586,0.048480297718462476
67,0,0,0.8092868917346847,-0.02127252693832613,0.021272526938326142,0.0,0.0,0.015686285891290373,-0.015686285891290418,-0.009593114081543452,0.009593114081543563,0.016084948399174237,-0.016084948399174123,0.015656361984431755,-0.015656361984431884,0.04903404106192837
68,0,0,0.8457443067940233,-0.019388560073075264,0.019388560073075302,0.0,0.0,0.015056228021653522,-0.015056228021653567,-0.009503535278581776,0.00950353527858172,0.016356477481457153,-0.016356477481457236,0.04275760160390958,-0.04275760160390948,0.0466200971131428
69,0,0,0.8459955358015483,-0.019653828271784458,0.019653828271784426,0.0,0.0,0.015617652870753463,-0.015617652870753436,-0.009085856660681596,0.009085856660681665,0.01667592097893773,-0.016675920978937643,0.04332718636231473,-0.04332718636231468,0.04610634213637696
70,0,0,0.8559312330760193,-0.023788247272743857,0.023788247272743764,0.0,0.0,0.0,0.0,-0.009335538455475398,0.009335538455475273,0.017877973711492107,-0.017877973711492204,0.01810364620415424,-0.018103646204154066,-0.08715204159263554
71,0,0,0.8814704351046508,-0.02412474332870698,0.024124743328707045,0.0,0.0,0.0,0.0,0.0,0.0,0.015869058992747286,-0.015869058992747175,0.03993027777241242,-0.03993027777241242,-0.08416479553271321
72,0,0,0.8418637397511815,-0.01977040000377762,0.01977040000377767,0.0,0.0,0.014955239890725787,-0.01495523989072575,-0.00966566470999386,0.009665664709993901,0.01665422705611491,-0.01665422705611488,0.04307562294288659,-0.0430756229428866,0.04382126771821882
73,1,1,0.9837461353828809,0.012773575394849874,-0.012773575394850023,0.18624667593792382,-0.18624667593792377,-0.04280461968933608,0.04280461968933627,0.0,0.0,0.0,0.0,0.01966701981432791,-0.019667019814327873,0.016665871125328448
74,0,0,0.8459307962252244,-0.019360728319141186,0.019360728319141186,0.0,0.0,0.01593760303726479,-0.01593760303726488,-0.008918234463492658,0.008918234463492603,0.016729890211618727,-0.016729890211618772,0.04269920097931224,-0.04269920097931216,0.04411579525197011
75,0,0,0.8814856527227706,-0.024058928647782557,0.024058928647782613,0.0,0.0,0.0,0.0,-0.009511761474980812,0.009511761474980854,0.017758637704918458,-0.01775863770491834,0.04117961235420869,-0.04117961235420875,-0.08216657847183145
76,0,0,0.8162801588038017,-0.08453633680233977,0.08453633680233986,-0.07823378476155941,0.07823378476155955,-0.07108656814325078,0.07108656814325083,0.2724614400083054,-0.2724614400083054,-0.24680341551674678,0.24680341551674667,0.0,0.0,-0.0507493267543104
77,0,0,0.8485251288031853,-0.01974944692130324,0.019749446921303197,0.0,0.0,0.014423106880800611,-0.014423106880800667,-0.010914500539924848,0.01091450053992471,0.016218306373809187,-0.016218306373809253,0.04223603467798659,-0.04223603467798666,0.05793618760313167
78,0,0,0.8367991708969384,-0.019944923253287578,0.01994492325328751,0.0,0.0,0.0146014330271399,-0.014601433027139852,-0.009738856891964048,0.009738856891963979,0.0158403120045239,-0.01584031200452394,0.042875690267458334,-0.04287569026745832,0.047420160096271036
79,0,0,0.8826576997697886,-0.023025712054564353,0.023025712054564225,0.0,0.0,0.0,0.0,-0.00929309264557962,0.009293092645579717,0.01770001567661177,-0.01770001567661167,0.04084583524495135,-0.04084583524495125,-0.08196151611671179
80,0,0,0.815426063708415,-0.02045669528918818,0.02045669528918831,0.0,0.0,0.015836449343344286,-0.015836449343344296,0.0,0.0,0.016081691140046036,-0.01608169114004591,0.04296193235421205,-0.04296193235421197,0.044997051923476056
81,0,0,0.8273175770564426,-0.02434206949339097,0.024342069493390947,0.0,0.0,-0.009173704802115518,0.009173704802115545,-0.009541580798998944,0.009541580798999085,0.017014285479737705,-0.01701428547973759,0.0,0.0,-0.09225322718739963
82,0,0,0.8428671110597125,0.026604962491843725,-0.02660496249184383,0.2930938350729335,-0.2930938350729337,-0.05728052398459136,0.057280523984591464,0.0,0.0,0.01337403796440266,-0.013374037964402632,0.030696666020366054,-0.030696666020366015,0.0
83,1,0,0.7943909197376214,-0.02096845592688817,0.02096845592688826,0.0,0.0,0.015731583842482518,-0.01573158384248242,0.0,0.0,0.015797848273562894,-0.015797848273562794,0.015479323137257125,-0.015479323137257365,0.049723122977878266
84,0,0,0.84406563713406,-0.018983173420114095,0.018983173420114113,0.0,0.0,0.015369476551034678,-0.01536947655103475,-0.009429232709513957,0.009429232709513888,0.01612539996917888,-0.016125399969178947,0.042604448348091926,-0.042604448348092065,0.04632892291401764
85,0,0,0.8364646602040255,-0.020008645837834592,0.020008645837834547,0.0,0.0,0.014344017489661846,-0.014344017489661848,-0.009059435814603445,0.009059435814603334,0.01600977495686752,-0.016009774956867628,0.04347274673941161,-0.04347274673941152,0.04444335171492435
86,0,0,0.8923432505463592,0.4087585261703354,-0.40875852617033553,0.028594453876855257,-0.02859445387685517,-0.04070895454404283,0.040708954544042726,0.0,0.0,0.0,0.0,-0.25075212962280724,0.25075212962280735,-0.02324325964256493
87,0,0,0.813308860099822,-0.020106368850479502,0.02010636885047948,0.0,0.0,0.016476752367545255,-0.01647675236754525,-0.008910994269953704,0.008910994269953676,0.01618023293268149,-0.016180232932681525,0.015993460601315606,-0.015993460601315842,0.045979575009805686
88,0,0,0.8446240183928722,-0.019634260602801164,0.01963426060280118,0.0,0.0,0.0150115770767081,-0.015011577076708008,-0.009338143086118189,0.009338143086118314,0.0163789701607047,-0.016378970160704623,0.04259205527279433,-0.042592055272794326,0.04718725480779742
89,0,0,0.8824166683339597,-0.023390644669606577,0.02339064466960644,0.0,0.0,0.0,0.0,-0.010212975658028284,0.010212975658028214,0.01841670908539901,-0.018416709085399115,0.04104416196550115,-0.04104416196550116,-0.08146523642024708
90,0,0,0.8442131927079687,-0.01994913447268253,0.01994913447268259,0.0,0.0,0.016047124980249426,-0.016047124980249548,-0.008843716786759881,0.008843716786759909,0.016947527609639693,-0.016947527609639693,0.04260385126379542,-0.04260385126379555,0.04403915823134356
91,0,0,0.850591348420093,-0.019877917595760724,0.019877917595760686,0.0,0.0,0.014836030045709832,-0.01483603004570987,-0.008502104209260924,0.008502104209260883,0.015954605960504086,-0.015954605960504145,0.04268181817791569,-0.04268181817791558,0.05134096031119402
92,0,0,0.8475818736315357,-0.020326383702007005,0.02032638370200706,0.0,0.0,0.014185846741492177,-0.014185846741492172,0.0,0.0,0.014926995557052453,-0.014926995557052306,0.04134097347856146,-0.04134097347856144,0.0430512470870488
93,0,0,0.814673838031233,-0.019714102473961884,0.019714102473961978,0.0,0.0,0.01590660262810339,-0.01590660262810335,-0.009717329370259459,0.009717329370259584,0.016604751355733305,-0.016604751355733253,0.016457724940932023,-0.016457724940932353,0.04895155602001599
94,0,0,0.9033943711117013,0.02421804935766551,-0.024218049357665264,0.2763942431291886,-0.2763942431291888,-0.056105817684845606,0.05610581768484576,0.0,0.0,0.01017700753276419,-0.010177007532764074,0.03330629449449357,-0.03330629449449342,0.0
95,0,0,0.8052512158540028,-0.020856984355665954,0.020856984355665915,0.0,0.0,0.015968042429371557,-0.01596804242937162,-0.009807589088187671,0.009807589088187539,0.01579431296165618,-0.015794312961656266,0.01683394072107311,-0.016833940721073234,0.043480609923904776
96,0,0,0.7594129969217955,0.0,0.0,0.34574643585194065,-0.34574643585194065,-0.11952193601835745,0.11952193601835764,0.0,0.0,0.0,0.0,-0.009607129849202591,0.0096071298492027,-0.023163664991793443
97,0,0,0.8362303133481273,-0.019845006782187036,0.019845006782186914,0.0,0.0,0.014962513377596336,-0.0149625133775964,0.0,0.0,0.014893968145009248,-0.014893968145009425,0.04256450536834671,-0.042564505368346765,0.04706549733632402
98,0,0,0.8499205037166199,-0.01915494737339249,0.019154947373392548,0.0,0.0,0.014938868992363182,-0.01493886899236326,-0.008140672563575257,0.008140672563575355,0.016953858919625066,-0.016953858919625073,0.04278614071213034,-0.04278614071213046,0.04622239504294115
99,1,0,0.7896555671437674,-0.025540648520563643,0.025540648520563706,0.0,0.0,0.0,0.0,-0.01082396836690673,0.010823968366906862,0.017345668932009492,-0.017345668932009412,-0.03697743074154478,0.036977430741544665,-0.10238247830148718
100,0,0,0.8521524983222257,-0.018610500473463534,0.01861050047346348,0.0,0.0,0.015300176817076707,-0.015300176817076684,-0.008452627939939866,0.008452627939939908,0.016843918455871406,-0.01684391845587144,0.04341782232110581,-0.04341782232110582,0.043378760642062156
101,0,0,0.8034937683345518,-0.020058881582013233,0.020058881582013185,0.0,0.0,0.016453358008263648,-0.016453358008263613,-0.008536790991015439,0.008536790991015508,0.016524753878420267,-0.01652475387842017,0.04479944172791102,-0.04479944172791104,0.0476898634914174
102,0,0,0.8268772511492126,-0.0206094525114333,0.020609452511433323,0.0,0.0,0.014897092125760885,-0.014897092125760935,0.0,0.0,0.015878798018120345,-0.015878798018120394,0.043025373226127754,-0.04302537322612792,0.05277880489709636
103,0,0,0.886052332152046,-0.022724212353289183,0.022724212353289284,0.0,0.0,0.0,0.0,-0.008679013397508206,0.008679013397508303,0.01799143240398796,-0.017991432403987883,0.04090095080474709,-0.040900950804747,-0.061378149099733235
104,1,0,0.7960718275380875,-0.020566816138723375,0.020566816138723288,0.0,0.0,0.015452687758794333,-0.015452687758794353,0.0,0.0,0.015258717730206978,-0.015258717730207,0.015220432765873157,-0.015220432765873279,0.04643640206145451
105,1,0,0.8457625602064022,-0.018981944557177364,0.0189819445571774,0.0,0.0,0.015626966218037917,-0.01562696621803781,-0.008971506022476303,0.008971506022476441,0.016687673652751138,-0.016687673652751082,0.04237898073950205,-0.04237898073950205,0.04655507095321146
106,0,0,0.8354801196012359,-0.0208039643933196,0.0208039643933196,0.0,0.0,0.015233009439033345,-0.015233009439033432,0.0,0.0,0.015619645775031808,-0.015619645775031936,0.043248105422468534,-0.04324810542246857,0.046468542897993556
107,1,0,0.801769716840268,-0.02134262629985324,0.02134262629985323,0.0,0.0,0.014943584506488479,-0.014943584506488475,0.0,0.0,0.015543364369235856,-0.015543364369235925,0.015566998037987207,-0.015566998037987076,0.04934298491437047
108,0,0,0.851857767004378,-0.019564725610662782,0.01956472561066266,0.0,0.0,0.015752276258228566,-0.015752276258228535,-0.007823778207117521,0.007823778207117396,0.017345004983602287,-0.01734500498360235,0.042932480750286994,-0.0429324807502869,0.045379009455748166
109,0,0,0.8228350310390016,-0.020983799709746887,0.020983799709746807,0.0,0.0,0.015501967152516984,-0.01550196715251709,0.0,0.0,0.01595663125232956,-0.015956631252329774,0.04323763347066733,-0.04323763347066736,0.047519356915738976
110,1,1,0.863837703740085,0.2783052232555592,-0.2783052232555591,0.026042838177762317,-0.026042838177762206,-0.033148502181004624,0.03314850218100448,0.0,0.0,0.0,0.0,-0.5317519666688854,0.5317519666688854,-0.018424328649315518
111,0,0,0.8498426493537874,-0.02467769233537709,0.024677692335377092,0.0,0.0,0.0,0.0,-0.008700707838503047,0.008700707838503213,0.017698194627789984,-0.017698194627789862,0.017931134480177118,-0.017931134480177396,-0.08571487116824664
112,0,0,0.8568930445802709,-0.019519414323356483,0.01951941432335632,0.0,0.0,0.015284997141279417,-0.015284997141279403,-0.008280942047422524,0.00828094204742233,0.016172237893012423,-0.016172237893012503,0.04234647986189088,-0.042346479861890766,0.05320922572215736
113,0,0,0.8301593959271952,-0.020037700038097215,0.020037700038097187,0.0,0.0,0.01583581033295568,-0.015835810332955617,-0.010144580179522536,0.010144580179522467,0.015599481768056839,-0.015599481768056868,0.0424832574524849,-0.042483257452484914,0.04397588089619003
114,0,0,0.8787596450472969,-0.022950697714171478,0.022950697714171703,0.0,0.0,0.0,0.0,-0.009059732930156439,0.009059732930156328,0.01821167865974852,-0.018211678659748622,0.04068290962722526,-0.04068290962722532,-0.08031177739069136
115,1,0,0.6679818527654245,-0.022604725304342,0.022604725304342124,0.0,0.0,0.01631649107211147,-0.016316491072111496,0.0,0.0,0.014526244149961759,-0.014526244149961702,-0.021808322186583275,0.021808322186583292,0.05130445361622922
116,0,0,0.877862673666061,-0.02336506150729133,0.023365061507291306,0.0,0.0,0.0,0.0,-0.009105518336096907,0.009105518336096755,0.01778068760071334,-0.017780687600713486,0.04087551050569105,-0.040875510505691166,-0.08337278857309022
117,0,0,0.8442798061751455,-0.019776035277240887,0.01977603527724098,0.0,0.0,0.015385447465938075,-0.015385447465938003,-0.009004115947499586,0.009004115947499655,0.016537404538713257,-0.016537404538713187,0.042717375843212606,-0.04271737584321254,0.045960069431713504
118,0,0,0.8806308995960765,0.41018929905866697,-0.4101892990586672,0.02734830938659277,-0.02734830938659265,-0.03872919819838427,0.03872919819838422,0.0,0.0,0.0,0.0,-0.25916123758664056,0.2591612375866405,-0.02571224499643291
119,0,0,0.8780550661645654,-0.023382805554669893,0.02338280555466991,0.0,0.0,0.0,0.0,-0.00886577363520119,0.008865773635201274,0.017559345478582067,-0.017559345478582015,0.04117605874005469,-0.04117605874005472,-0.08609158404956421
120,1,0,0.9499511542084412,-0.02476841573774102,0.02476841573774086,0.0,0.0,0.10015547359375034,-0.10015547359375028,0.0,0.0,0.006259388335798172,-0.006259388335798116,0.0187705778471511,-0.01877057784715116,-0.04314199023905231
121,0,0,0.8822737411588886,-0.023779881086591976,0.023779881086592014,0.0,0.0,0.0,0.0,-0.009611277346923297,0.009611277346923255,0.018530062203513803,-0.018530062203513817,0.04095904608933327,-0.04095904608933333,-0.08205365583657281
122,0,0,0.8430483069964505,-0.019636994438200717,0.01963699443820072,0.0,0.0,0.015457955534006623,-0.015457955534006728,-0.009217720337036703,0.009217720337036661,0.017114113371988055,-0.017114113371988076,0.04291417703337746,-0.04291417703337749,0.04384033668392641
123,0,0,0.8350885237095051,-0.02038609486308806,0.020386094863088088,0.0,0.0,0.015053598078318195,-0.015053598078318228,0.0,0.0,0.01588021553624909,-0.015880215536248958,0.04201794261577116,-0.04201794261577107,0.04654315226744357
124,0,0,0.8438542988480829,-0.01906254994690736,0.01906254994690733,0.0,0.0,0.015536510699844465,-0.015536510699844342,-0.009562699854594112,0.009562699854594195,0.01637331497946068,-0.016373314979460513,0.042277030593427314,-0.04227703059342718,0.04418471346163034
125,0,0,0.8812772594617024,0.4015760478233589,-0.40157604782335904,0.02861925177319672,-0.028619251773196627,-0.041790943511586714,0.041790943511586714,0.0,0.0,0.019372367257534023,-0.01937236725753394,-0.2500074698999768,0.25000746989997685,-0.025922408112878347
126,0,0,0.8814858709473496,-0.023444557997063842,0.023444557997063818,0.0,0.0,0.0,0.0,-0.009199044408696566,0.009199044408696455,0.017849238960578072,-0.0178492389605781,0.04091149472229209,-0.04091149472229199,-0.0822697048044594
127,1,1,0.6364361066539437,-0.02515077589176549,0.025150775891765457,0.0,0.0,0.014172550450164044,-0.014172550450164,0.0,0.0,0.011624904380426052,-0.011624904380426003,0.03892427031576325,-0.03892427031576338,0.07751930778786374
128,1,0,0.7972701283138317,-0.021522773467620018,0.021522773467620014,0.0,0.0,0.015822802472016027,-0.015822802472015993,0.0,0.0,0.01577653137450659,-0.015776531374506637,0.015458081767103718,-0.015458081767103985,0.046893341420287185
129,0,0,0.8396347388231977,-0.019862771151006917,0.019862771151006885,0.0,0.0,0.015005286152908906,-0.015005286152908906,-0.009583888557656448,0.009583888557656337,0.016267298376585915,-0.016267298376586085,0.04278534735774949,-0.042785347357749484,0.04455510867891624
130,0,0,0.8241211763932561,-0.02459642574022021,0.024596425740220286,0.0,0.0,-0.008536208409813895,0.008536208409813825,-0.009472354813778226,0.009472354813778327,0.017178705365060828,-0.01717870536506081,0.0,0.0,-0.0933221267790001
131,0,0,0.882083372232935,-0.022952183264229997,0.022952183264230135,0.0,0.0,0.0,0.0,-0.009112088121625478,0.009112088121625561,0.017793523534872385,-0.017793523534872346,0.04095562417028593,-0.040955624170285865,-0.08214486685961922
132,0,0,0.8806594519775064,-0.02271503204927058,0.02271503204927052,0.0,0.0,0.0,0.0,-0.00934678506332201,0.009346785063322094,0.017635003980905343,-0.017635003980905273,0.040557338480104156,-0.04055733848010421,-0.08535668315900242
133,0,0,0.8076478978892493,-0.01911384974481189,0.019113849744811888,0.0,0.0,0.017067891391279597,-0.01706789139127966,-0.00859050966799163,0.008590509667991526,0.017324776460234607,-0.01732477646023474,0.04373716994905655,-0.04373716994905655,0.05038995543648514
134,0,0,0.8454028439592659,-0.019383691353489826,0.019383691353489878,0.0,0.0,0.015400266764490796,-0.015400266764490864,-0.009171841410109474,0.009171841410109599,0.015893908827450884,-0.01589390882745085,0.04240033517524473,-0.04240033517524468,0.04625628216613611
135,0,0,0.8443183664402248,-0.019130699653604807,0.019130699653604824,0.0,0.0,0.014932017528691402,-0.014932017528691489,-0.009071368442939348,0.009071368442939473,0.015987934430001856,-0.015987934430001786,0.04224948956438127,-0.04224948956438125,0.046265260752946645
136,0,0,0.8320450064807579,-0.020011123695924005,0.020011123695924112,0.0,0.0,0.015277332068101017,-0.015277332068100988,0.0,0.0,0.01600066086594641,-0.016000660865946297,0.042746818100533754,-0.042746818100533816,0.04361756724147105
137,0,0,0.8658251607829837,0.0,0.0,0.0,0.0,0.010973515226803114,-0.010973515226803145,0.0,0.0,0.012422839400056618,-0.012422839400056646,0.01602245606942778,-0.01602245606942764,0.04144380647943731
138,0,0,0.8449664872328246,-0.019682079596256254,0.01968207959625632,0.0,0.0,0.015071919778413028,-0.015071919778413117,-0.008639285153899487,0.00863928515389964,0.016123907018174965,-0.016123907018174836,0.04268835223715992,-0.04268835223715981,0.04689270072741563
139,1,1,0.9021414991854828,0.24892065418379974,-0.24892065418379994,0.0,0.0,-0.031167095461419735,0.0311670954614199,0.0,0.0,0.012602585518905696,-0.012602585518905807,-0.5110125339237657,0.5110125339237653,-0.024374659381114782
140,0,0,0.8815260204886514,-0.023204911509352135,0.02320491150935214,0.0,0.0,0.0,0.0,-0.00908688821191303,0.009086888211912988,0.018169958475176214,-0.018169958475176252,0.040793504032779995,-0.04079350403278005,-0.08579064137317345
141,0,0,0.8836662876501656,-0.023284069214087412,0.023284069214087398,0.0,0.0,0.0,0.0,-0.009487309359602986,0.009487309359603124,0.017934556908338155,-0.017934556908338093,0.0408081799671933,-0.040808179967193235,-0.08149439758858434
142,1,0,0.852047452399427,-0.02399424431533448,0.023994244315334593,0.0,0.0,0.0,0.0,-0.009420919510161871,0.009420919510161774,0.016719961850043055,-0.01671996185004315,0.01805582161281995,-0.018055821612819906,-0.08215484481744788
143,0,0,0.8813601618922092,-0.02353299362158534,0.023532993621585254,0.0,0.0,0.0,0.0,-0.009631996642341933,0.009631996642342003,0.017914608906747755,-0.017914608906747728,0.04121776009064897,-0.04121776009064897,-0.08205930883670833
144,0,0,0.8406937617274072,-0.01872759719449285,0.01872759719449286,0.0,0.0,0.01483165225374399,-0.014831652253744023,-0.009249836362641775,0.00924983636264183,0.01598835364825682,-0.015988353648256844,0.04285518310312063,-0.04285518310312067,0.044037233200368696
145,0,0,0.839945337971768,-0.021075894198845348,0.02107589419884536,0.0,0.0,0.013880731671002722,-0.013880731671002816,0.0,0.0,0.015184256091382554,-0.015184256091382709,0.041663543141035465,-0.041663543141035694,0.04008475467672711
146,1,0,0.8140383119899591,-0.08803055923870524,0.08803055923870515,-0.07422069481749806,0.0742206948174979,-0.07344866968217492,0.07344866968217484,0.27353525830270664,-0.27353525830270636,-0.24815643780401764,0.24815643780401753,0.0,0.0,-0.050304175428804235
147,0,0,0.8429311048369548,-0.019857605635634858,0.019857605635634806,0.0,0.0,0.015097611951447357,-0.015097611951447322,-0.009402012170535212,0.009402012170535268,0.016268904289615645,-0.016268904289615506,0.042935121447691495,-0.042935121447691606,0.04675989553723498
148,0,0,0.8128277785287101,-0.020681100564299438,0.020681100564299438,0.0,0.0,0.015511408211891025,-0.015511408211890952,-0.0095361751254905,0.009536175125490487,0.015677933224431208,-0.015677933224431263,0.016145526664530525,-0.016145526664530566,0.0496057923583858
149,1,0,0.8600480792459274,-0.01889861698935053,0.01889861698935056,0.0,0.0,0.015775154516172122,-0.01577515451617203,-0.008636622859138743,0.008636622859138798,0.01664656899822582,-0.01664656899822574,0.042689086610928594,-0.042689086610928496,0.0535807483865428
150,0,0,0.8811787316963072,-0.022805130660100228,0.022805130660100367,0.0,0.0,0.0,0.0,-0.009393662816062298,0.009393662816062257,0.017817604129730887,-0.017817604129730984,0.04104557409064261,-0.041045574090642516,-0.08187651626938171
151,0,0,0.8408330081967464,-0.019456995411546708,0.01945699541154675,0.0,0.0,0.015528455493695014,-0.015528455493695064,-0.00931762830150469,0.009317628301504607,0.01649274731634894,-0.016492747316348935,0.04254794234146995,-0.042547942341470066,0.04370918236565694
152,0,0,0.8444740399400323,-0.019819240838297794,0.019819240838297912,0.0,0.0,0.01570211502793279,-0.015702115027932832,-0.009027045107256798,0.009027045107256798,0.016235234634676046,-0.01623523463467608,0.04269880037133061,-0.042698800371330545,0.046324480239480034
153,0,0,0.8448375586273292,-0.019742251986493528,0.01974225198649342,0.0,0.0,0.015533844696872473,-0.015533844696872575,-0.009708011273096284,0.009708011273096256,0.01705434508511769,-0.017054345085117852,0.042452003451480785,-0.042452003451480806,0.0461152908393007
154,0,0,0.8823285425513773,-0.022727712437814955,0.0227277124378149,0.0,0.0,0.0,0.0,-0.00944528783836715,0.009445287838367025,0.017713575072402166,-0.017713575072402225,0.04097136860874849,-0.04097136860874843,-0.08236148341605698
155,0,0,0.6403081854277505,-0.021757680664719774,0.02175768066471977,0.0,0.0,0.01820183887973955,-0.01820183887973954,-0.009383060706433813,0.009383060706433757,0.01571091557196301,-0.015710915571962983,-0.12250579848654035,0.12250579848654018,0.07194688588323954
156,0,0,0.8398931030673732,-0.01957488243749222,0.019574882437492322,0.0,0.0,0.015631690756555346,-0.015631690756555315,-0.009617780132616952,0.009617780132617049,0.016179988813959257,-0.01617998881395922,0.042891989082551,-0.04289198908255112,0.041461460407894286
157,0,0,0.8439789007572103,-0.019729634859862673,0.019729634859862698,0.0,0.0,0.016092473389964616,-0.01609247338996469,-0.008825750627726697,0.00882575062772667,0.0165842170454417,-0.016584217045441732,0.042753271339018725,-0.04275327133901868,0.04584144164075189
158,0,0,0.8792715445451583,-0.023012429745502844,0.023012429745502907,0.0,0.0,0.0,0.0,-0.008999180085097036,0.008999180085097105,0.017119030883501137,-0.017119030883501068,0.041159872048747964,-0.04115987204874781,-0.0830006834534165
159,1,1,0.9314656515223242,0.023257340092793267,-0.02325734009279327,0.24459920456351117,-0.24459920456351084,-0.05589785302067885,0.05589785302067875,0.0,0.0,0.009590003782690149,-0.00959000378269026,0.0,0.0,0.01453160664819838
160,1,0,0.878105743759454,-0.023049258346275105,0.023049258346274925,0.0,0.0,0.0,0.0,-0.00955309794923842,0.009553097949238573,0.01768203930700332,-0.01768203930700317,0.041006191000567405,-0.04100619100056733,-0.08600553488204864
161,0,0,0.8822361111303701,-0.023346940905300217,0.023346940905300314,0.0,0.0,0.0,0.0,-0.008939726321349095,0.008939726321349012,0.01842301075136309,-0.018423010751363135,0.04122644388787754,-0.041226443887877516,-0.08237010549389846
162,1,0,0.7788871320800955,-0.020803895137705163,0.02080389513770516,0.0,0.0,0.015971389024417467,-0.015971389024417495,0.0,0.0,0.01629384805293552,-0.016293848052935576,-0.013680539375995355,0.013680539375995265,0.053790672132834894
163,0,0,0.8817532078044428,-0.02295913863178686,0.02295913863178698,0.0,0.0,0.0,0.0,-0.009397674752713664,0.009397674752713567,0.017567337858296356,-0.01756733785829646,0.040827218126581404,-0.040827218126581515,-0.08204401368969853
164,0,0,0.8262287798906515,-0.02040239015824981,0.02040239015824982,0.0,0.0,0.015786732446373023,-0.015786732446372923,-0.009630485577240153,0.00963048557724032,0.016277053826887523,-0.016277053826887454,0.01685464103824491,-0.016854641038245237,0.056507121713176435
165,0,0,0.8477823652951226,-0.019530615246658042,0.019530615246658,0.0,0.0,0.01576790274385814,-0.015767902743858222,-0.009377890862717633,0.009377890862717522,0.016340743312983182,-0.016340743312983276,0.04278112711441158,-0.04278112711441151,0.046360522480742926
166,1,0,0.8808669519073775,-0.022471923782190668,0.022471923782190595,0.0,0.0,0.0,0.0,-0.00864938810146998,0.008649388101470035,0.01737619778306643,-0.01737619778306643,0.04059473760173634,-0.04059473760173644,-0.08204115936382488
167,0,0,0.7989586146035411,-0.021157743352646086,0.021157743352646124,0.0,0.0,0.015324923457679124,-0.01532492345767907,0.0,0.0,0.016340281947611265,-0.016340281947611165,0.014982044106288903,-0.014982044106288919,0.050016246566410585
168,1,0,0.6987302807939316,-0.0245524967662503,0.024552496766250324,0.0,0.0,-0.010479434743288931,0.010479434743289004,-0.008966338406224066,0.008966338406223955,0.01850770074063216,-0.01850770074063226,-0.07957013736151926,0.07957013736151923,-0.015602393650320739
169,0,0,0.8898480515548629,0.0,0.0,0.0,0.0,0.011065982436762425,-0.011065982436762463,0.0,0.0,0.014060195961691025,-0.01406019596169107,0.03889387569632103,-0.03889387569632103,0.03631855465497606
170,1,1,0.9034795319527715,0.2562883027175953,-0.2562883027175954,0.019664815051948645,-0.01966481505194848,-0.03243791195746646,0.03243791195746656,-0.0075192095593650254,0.007519209559365803,0.0,0.0,-0.5155075413343583,0.5155075413343579,-0.025555079521166774
171,0,0,0.8286308655115884,-0.020258185307766487,0.020258185307766394,0.0,0.0,0.014772477725529731,-0.014772477725529693,0.0,0.0,0.01570383294122651,-0.015703832941226615,0.043418394830460685,-0.04341839483046072,0.04694732578260339
172,0,0,0.8466445402368117,-0.020107163168707448,0.0201071631687075,0.0,0.0,0.015487321197344122,-0.015487321197344105,-0.008832515023648166,0.008832515023648235,0.016563477425646348,-0.016563477425646244,0.042516448276967406,-0.042516448276967475,0.04628618143286535
173,0,0,0.8000274536860429,-0.02003708347157029,0.02003708347157032,0.0,0.0,0.015439866832913223,-0.015439866832913339,0.0,0.0,0.01552749441511082,-0.015527494415110924,0.015780914676988094,-0.015780914676988233,0.04673743254864998
174,0,0,0.8798849785839458,-0.02346627255885854,0.02346627255885872,0.0,0.0,0.0,0.0,-0.009733106813189174,0.009733106813189271,0.017629058857669164,-0.01762905885766908,0.04061991857313361,-0.04061991857313344,-0.08546507903381434
175,0,0,0.7714631604902453,-0.024031666474693535,0.02403166647469346,0.0,0.0,0.03672252265025627,-0.0367225226502562,0.0,0.0,0.015858722244774356,-0.015858722244774387,0.014616521838757711,-0.01461652183875773,0.050803955276529054
176,1,0,0.8824266531526613,-0.022563644159760397,0.02256364415976027,0.0,0.0,0.0,0.0,-0.00954859478513978,0.009548594785139919,0.018612806090116344,-0.01861280609011621,0.04022954133726151,-0.0402295413372615,-0.08163121311247201
177,0,0,0.822444997771751,-0.020112591092728633,0.020112591092728543,0.0,0.0,0.015588805231489119,-0.015588805231489125,0.0,0.0,0.016023217431864217,-0.01602321743186423,0.04279980099144352,-0.042799800991443565,0.04773642876555473
178,0,0,0.8317539187529779,-0.019786874841965174,0.01978687484196522,0.0,0.0,0.014829080660952636,-0.014829080660952584,0.0,0.0,0.016038098804952942,-0.01603809880495283,0.042528672215821614,-0.04252867221582154,0.04371969196217635
179,0,0,0.8442220633201581,-0.01926721015016616,0.019267210150166213,0.0,0.0,0.015044670635777632,-0.01504467063577762,-0.00953278339489208,0.009532783394892136,0.016097768147937987,-0.016097768147937876,0.042972541934168926,-0.042972541934168974,0.043711168647195583
180,0,0,0.9305059101338413,0.024989700945831667,-0.02498970094583171,0.257287992853214,-0.2572879928532142,-0.05929996448505133,0.0592999644850515,0.0,0.0,0.015904108716604637,-0.015904108716604498,0.031878733372957574,-0.03187873337295746,-0.014093121407728837
181,1,0,0.8685077739374892,-0.023233590187787836,0.023233590187787912,0.0,0.0,0.0,0.0,-0.00941616716766222,0.009416167167662429,0.01718988067470615,-0.017189880674706098,0.041285251388054646,-0.04128525138805456,-0.08794281714113264
182,0,0,0.8708725072765789,-0.0236913512920133,0.023691351292013222,0.0,0.0,0.0,0.0,-0.00965253052979187,0.009652530529792064,0.017940474688791203,-0.017940474688791095,0.04134676261523121,-0.04134676261523126,-0.08434042707872139
183,0,0,0.8536277691507907,-0.019022090409535317,0.0190220904095353,0.0,0.0,0.015417764625747963,-0.015417764625747989,-0.009181702010522111,0.00918170201052218,0.016931944939104403,-0.01693194493910435,0.04220290497968553,-0.042202904979685416,0.05081035666986808
184,0,0,0.8976392365035294,0.027996078840655213,-0.027996078840655313,0.2811840309339924,-0.2811840309339924,-0.05910879233576737,0.05910879233576731,0.0,0.0,0.01188429799486894,-0.01188429799486898,0.01681349504820989,-0.016813495048209788,0.0
185,1,1,0.859040610931688,0.2694266241660457,-0.26942662416604585,0.027934567589170036,-0.02793456758917017,-0.026081806661943607,0.02608180666194361,0.0,0.0,0.0,0.0,-0.5335389949479602,0.5335389949479605,-0.013528765875334803
186,0,0,0.880662919603489,-0.02316588836485225,0.023165888364852345,0.0,0.0,0.0,0.0,-0.008704581658642407,0.008704581658642366,0.017354518386878817,-0.01735451838687887,0.0411807856574458,-0.04118078565744586,-0.08588299891532912
187,0,0,0.8795687425927337,-0.022973652099972652,0.02297365209997269,0.0,0.0,0.0,0.0,-0.009369075536433097,0.009369075536433291,0.017943318813645734,-0.017943318813645658,0.041007189439922556,-0.041007189439922494,-0.0793361154581903
188,0,0,0.8370978828203924,-0.01991525516480028,0.019915255164800322,0.0,0.0,0.014287068553316087,-0.014287068553316027,-0.009469875684572582,0.009469875684572596,0.01599175384512889,-0.015991753845128933,0.04278936072338858,-0.042789360723388514,0.047039624815032106
189,0,0,0.8137716396421325,-0.019808165397067604,0.019808165397067562,0.0,0.0,0.015474859298019165,-0.015474859298019256,-0.009141009164922761,0.00914100916492272,0.01624392580369989,-0.0162439258036999,0.016282530637659245,-0.016282530637659182,0.04890034249257642
190,0,0,0.8621219443674715,-0.02060462723812462,0.020604627238124708,0.0,0.0,0.014154758276617635,-0.014154758276617706,0.0,0.0,0.015225939645742002,-0.015225939645741895,0.04251243359833506,-0.04251243359833493,0.0519778762596188
191,0,0,0.7921289498808353,-0.020033303419867133,0.02003330341986717,0.0,0.0,0.01573563014832365,-0.015735630148323708,-0.009126044011955353,0.009126044011955506,0.015559758007418887,-0.015559758007418791,0.04385229060838065,-0.04385229060838061,0.04744569346284703
192,0,0,0.8354227360595223,-0.020242181110757308,0.020242181110757377,0.0,0.0,0.014624294017575909,-0.014624294017575786,0.0,0.0,0.015643123206388394,-0.01564312320638831,0.04270655040469512,-0.04270655040469508,0.04681032860399273
193,0,0,0.8438517615512425,-0.01898981331436647,0.018989813314366603,0.0,0.0,0.01522107424798372,-0.015221074247983616,-0.009481357231419824,0.00948135723141999,0.01679223093730112,-0.01679223093730103,0.04322794706212786,-0.04322794706212788,0.04628561634808969
194,0,0,0.8783765717890615,-0.023147739704877466,0.023147739704877626,0.0,0.0,0.0,0.0,-0.009390900619239556,0.009390900619239431,0.018027251209406812,-0.01802725120940695,0.04139491414485753,-0.04139491414485749,-0.08350934351460132
195,1,0,0.8394779068569947,-0.020569630912425738,0.020569630912425675,0.0,0.0,0.014267239154198048,-0.014267239154198067,0.0,0.0,0.014569269556927975,-0.014569269556928154,0.04109608841072592,-0.04109608841072596,0.04224996446526731
196,0,0,0.8587919961379625,-0.023581401266531136,0.023581401266531146,0.0,0.0,0.0,0.0,-0.009571577916474061,0.00957157791647402,0.017675952023805577,-0.017675952023805667,0.018824741696607673,-0.018824741696607826,-0.0871331006620905
197,0,0,0.8425952020722685,-0.01972881828720225,0.019728818287202167,0.0,0.0,0.01517048934602639,-0.015170489346026458,-0.00862468084994314,0.008624680849943084,0.01647169531397718,-0.016471695313977224,0.0424183225093992,-0.04241832250939925,0.04355004375822215
198,0,0,0.8828224083765169,-0.023416080851228916,0.023416080851229027,0.0,0.0,0.0,0.0,-0.00924678650299765,0.009246786502997748,0.018194893709136996,-0.018194893709136854,0.040821065351941827,-0.040821065351941875,-0.08193765542305599
199,0,0,0.6546474179454429,-0.021653354076548857,0.021653354076548826,0.0,0.0,0.018514406246892642,-0.01851440624689261,-0.009180364288492934,0.009180364288493018,0.014865980254758462,-0.014865980254758425,-0.08830080606756574,0.08830080606756578,0.05338159827373392
