index,true,pred_label,pred_prob,shap_start,shap_end,shap_startOffset,shap_endOffset,shap_duration,shap_sPackets,shap_rPackets,shap_sBytesSum,shap_rBytesSum,shap_sBytesMax,shap_rBytesMax,shap_sBytesMin,shap_rBytesMin,shap_sBytesAvg,shap_rBytesAvg,shap_sLoad,shap_rLoad,shap_sPayloadSum,shap_rPayloadSum,shap_sPayloadMax,shap_rPayloadMax,shap_sPayloadMin,shap_rPayloadMin,shap_sPayloadAvg,shap_rPayloadAvg,shap_sInterPacketAvg,shap_rInterPacketAvg,shap_sttl,shap_rttl,shap_sAckRate,shap_rAckRate,shap_sUrgRate,shap_rUrgRate,shap_sFinRate,shap_rFinRate,shap_sPshRate,shap_rPshRate,shap_sSynRate,shap_rSynRate,shap_sRstRate,shap_rRstRate,shap_sWinTCP,shap_rWinTCP,shap_sFragmentRate,shap_rFragmentRate,shap_sAckDelayMax,shap_rAckDelayMax,shap_sAckDelayMin,shap_rAckDelayMin,shap_sAckDelayAvg,shap_label
0,0,0,0.9839935456728323,0.04440844995247051,-0.044408449952470376,0.0414573743311748,-0.04145737433117471,0.0,0.0,0.0,0.0,0.0,0.0,0.00400500129635845,-0.004005001296358502,0.0,0.0,0.0029324767134295796,-0.002932476713429652,0.0,0.0,0.0,0.0,0.0,0.0,0.0,0.0,0.0,0.0,0.0,0.0,0.0,0.0,0.001659325034646969,-0.0016593250346468857,0.0,0.0,0.0,0.0,0.0,0.0,0.0,0.0,0.0,0.0,0.0,0.0,0.0,0.0,0.0,0.0,0.0,0.0,0.0
1,0,0,0.9843922727579729,0.04567078385008858,-0.04567078385008867,0.040719134239058916,-0.04071913423905891,0.0,0.0,0.0,0.0,0.0,0.0,0.004863306729195531,-0.004863306729195519,0.0018597674106421937,-0.0018597674106422381,0.002319543892664714,-0.0023195438926646196,0.0,0.0,0.0,0.0,0.0,0.0,0.0,0.0,0.0,0.0,0.0,0.0,0.0,0.0,0.0,0.0,0.0,0.0,0.0,0.0,0.0,0.0,0.0,0.0,0.0,0.0,0.0,0.0,0.0,0.0,0.0,0.0,0.0,0.0,0.0
2,0,0,0.985626139384164,0.04371989945413516,-0.0437198994541352,0.04151028644317896,-0.04151028644317886,0.0,0.0,0.0,0.0,0.0,0.0,0.0,0.0,0.0,0.0,0.004029695829436559,-0.00402969582943649,0.0,0.0,0.0,0.0,0.0,0.0,0.0,0.0,0.0,0.0,0.0,0.0,0.0,0.0,0.0,0.0,0.0,0.0,0.0,0.0,0.0,0.0,0.0,0.0,0.0,0.0,0.0,0.0,0.0,0.0,0.0,0.0,0.0,0.0,0.0
3,0,0,0.9834910408157378,0.042891182525531056,-0.04289118252553096,0.04146044816138653,-0.04146044816138645,0.0,0.0,0.0,0.0,0.0,0.0,0.003539784868928016,-0.003539784868927993,0.001997249189053221,-0.0019972491890532878,0.0026280788730904427,-0.002628078873090417,0.0,0.0,0.0,0.0,0.0,0.0,0.0,0.0,0.0,0.0,0.0,0.0,0.0,0.0,0.0,0.0,0.0,0.0,0.0,0.0,0.0019653364448263566,-0.0019653364448263834,0.0,0.0,0.0,0.0,0.0,0.0,0.0,0.0,0.0,0.0,0.0,0.0,0.0
4,0,0,0.9845395414001903,0.04405932412068072,-0.04405932412068069,0.042398808350252296,-0.04239880835025241,0.0,0.0,0.0,0.0,0.0,0.0,0.004026043603544396,-0.004026043603544354,0.00304837306671808,-0.003048373066718147,0.0028456879898364363,-0.0028456879898363643,0.0,0.0,0.0,0.0,0.0,0.0,0.0,0.0,0.0,0.0,0.0,0.0,0.0,0.0,0.0,0.0,0.0,0.0,0.0,0.0,0.0,0.0,0.0,0.0,0.0,0.0,0.0,0.0,0.0,0.0,0.0,0.0,0.0,0.0,0.0
5,0,0,0.9838033070384562,0.04506933234591125,-0.04506933234591122,0.04097893729747612,-0.04097893729747609,0.0,0.0,0.0,0.0,0.0,0.0,0.004058335908889052,-0.004058335908889054,0.001983606093059668,-0.001983606093059643,0.003248034417475025,-0.0032480344174750475,0.0,0.0,0.0,0.0,0.0,0.0,0.0,0.0,0.0014004542123100625,-0.0014004542123101245,0.0,0.0,0.0,0.0,0.0,0.0,0.0,0.0,0.0,0.0,0.0017787828180548893,-0.001778782818054806,0.0,0.0,0.0,0.0,0.0,0.0,0.0,0.0,0.0,0.0,0.0,0.0,0.0015022758219412347
6,0,0,0.9836627299569373,0.044406699523418074,-0.0444066995234181,0.042168199229953,-0.04216819922995313,0.0,0.0,0.0,0.0,0.0,0.0,0.0042033752271526115,-0.004203375227152577,0.0,0.0,0.0021484130749687825,-0.0021484130749687505,0.0,0.0,0.0,0.0,0.0,0.0,0.0012710060914049859,-0.0012710060914048749,0.0,0.0,0.0,0.0,0.0,0.0,0.0,0.0,0.0,0.0,0.0,0.0,0.0,0.0,0.0,0.0,0.0,0.0,0.0,0.0,0.0,0.0,0.0,0.0,0.0,0.0,0.0019234059774279125
7,1,1,0.8112384133946385,-0.023034239420688708,0.023034239420688832,-0.021842260167119387,0.021842260167119397,-0.0012249188089877585,0.0012249188089877613,-0.0009465493560356641,0.0009465493560355531,0.0,0.0,0.003949985520565599,-0.003949985520565721,0.0,0.0,0.0,0.0,0.0,0.0,0.0,0.0,0.0,0.0,0.0,0.0,0.0,0.0,0.0,0.0,0.0,0.0,0.0,0.0,-0.0016930850763545349,0.001693085076354767,0.0,0.0,0.0,0.0,0.0,0.0,0.0,0.0,0.0,0.0,0.0,0.0,0.0,0.0,0.0,0.0,0.0
8,0,0,0.9842484163954766,0.04428703777107852,-0.04428703777107853,0.0414134086566665,-0.04141340865666653,0.0,0.0,0.0,0.0,0.0,0.0,0.004335746950756629,-0.004335746950756502,0.0017247159338465976,-0.001724715933846527,0.003597613639299991,-0.003597613639300053,0.0,0.0,0.0,0.0,0.0,0.0,0.0,0.0,0.0,0.0,0.0,0.0,0.0,0.0,0.0,0.0,0.0,0.0,0.0,0.0,0.0,0.0,0.0,0.0,0.0,0.0,0.0,0.0,0.00217407730332916,-0.002174077303329165,0.0,0.0,0.0,0.0,0.002019618285593899
9,0,0,0.9837037982134801,0.04332295855141882,-0.043322958551419016,0.04343504797120739,-0.04343504797120734,0.0,0.0,0.0,0.0,0.0,0.0,0.0028752721330560353,-0.0028752721330560158,0.00261838437601594,-0.002618384376015869,0.0027641085942577337,-0.0027641085942577553,0.0,0.0,0.0,0.0,0.0024391971850886924,-0.002439197185088634,0.0,0.0,0.0,0.0,0.0,0.0,0.0,0.0,0.0,0.0,0.0,0.0,0.0,0.0,0.0,0.0,0.0,0.0,0.0,0.0,0.0,0.0,0.0,0.0,0.0,0.0,0.0,0.0,0.0
10,0,0,0.9843262335613094,0.04467832654302365,-0.04467832654302364,0.040882635237722585,-0.04088263523772268,0.0,0.0,0.0,0.0,0.0,0.0,0.0031767318845985206,-0.0031767318845985658,0.002436017339902886,-0.002436017339902773,0.0031713792111098702,-0.0031713792111098386,0.0,0.0,0.0,0.0,0.0,0.0,0.0,0.0,0.0,0.0,0.0,0.0,0.0,0.0,0.0,0.0,0.0,0.0,0.0,0.0,0.0,0.0,0.0,0.0,0.0,0.0,0.0,0.0,0.0,0.0,0.0,0.0,0.0,0.0,0.0031063598822525184
11,0,0,0.9849515174656625,0.04387117031769456,-0.04387117031769476,0.042806680474401546,-0.04280668047440154,0.0,0.0,0.0,0.0,0.0,0.0,0.003971021065105361,-0.00397102106510518,0.002700342843327098,-0.002700342843327018,0.003965503809455928,-0.003965503809455859,0.0,0.0,0.0,0.0,0.0,0.0,0.0,0.0,0.0,0.0,0.0,0.0,0.0,0.0,0.0,0.0,0.0,0.0,0.0,0.0,0.0015750641091385157,-0.0015750641091386033,0.0,0.0,0.0,0.0,0.0,0.0,0.0,0.0,0.0,0.0,0.0,0.0,0.0
12,0,0,0.9856513417522472,0.04417658381969272,-0.04417658381969264,0.04399898490221794,-0.04399898490221782,0.0,0.0,0.0,0.0,0.0,0.0,0.004770382888147515,-0.0047703828881475565,0.0017582204159547182,-0.0017582204159547038,0.002540185507322219,-0.002540185507322242,0.0,0.0,0.0,0.0,0.0,0.0,0.0,0.0,0.0,0.0,0.0,0.0,0.0,0.0,0.0,0.0,0.0,0.0,0.0,0.0,0.0,0.0,0.0,0.0,0.0,0.0,0.0,0.0,0.0,0.0,0.0,0.0,0.0,0.0,0.0
13,0,0,0.9839201369629803,0.044872402962559794,-0.04487240296255987,0.0414508106387051,-0.04145081063870502,0.0,0.0,0.0,0.0,0.0,0.0,0.003990510523857764,-0.0039905105238578105,0.0,0.0,0.0026794599973685683,-0.002679459997368519,0.0,0.0,0.0,0.0,0.0,0.0,0.0,0.0,0.0,0.0,0.0,0.0,0.0,0.0,0.0,0.0,0.0,0.0,0.0019689668971781815,-0.001968966897178156,0.00179244213012425,-0.00179244213012425,0.0,0.0,0.0,0.0,0.0,0.0,0.0,0.0,0.0,0.0,0.0,0.0,0.0
14,0,0,0.9840918400643951,0.04345671784917186,-0.0434567178491719,0.04247321279551407,-0.04247321279551413,0.0,0.0,0.0,0.0,0.0,0.0,0.0032793672175339393,-0.003279367217533956,0.0,0.0,0.002968800556064381,-0.0029688005560643783,0.0,0.0,0.0,0.0,0.0,0.0,0.0,0.0,0.0,0.0,0.0,0.0,0.0,0.0,0.0016315277805353614,-0.0016315277805353582,0.0,0.0,0.0,0.0,0.0,0.0,0.0,0.0,0.0,0.0,0.0,0.0,0.0,0.0,0.0,0.0,0.0,0.0,0.0
15,1,1,0.8011804941404959,-0.025796827845206573,0.025796827845206656,-0.024784642635986513,0.024784642635986447,0.0,0.0,0.0,0.0,0.0,0.0,0.0028963338438980925,-0.0028963338438980223,0.0,0.0,0.0,0.0,0.0,0.0,0.0,0.0,0.0,0.0,0.0,0.0,0.0,0.0,0.0,0.0,0.0,0.0,0.0,0.0,-0.0019353565108547466,0.0019353565108548576,0.0,0.0,0.0,0.0,0.0,0.0,0.0,0.0,0.0,0.0,0.0,0.0,0.0,0.0,0.0,0.0,0.0
16,0,0,0.9845641858287686,0.04383023797360721,-0.04383023797360711,0.04311641324474683,-0.04311641324474677,0.0,0.0,0.0,0.0,0.0,0.0,0.003688314526299285,-0.003688314526299414,0.0028290817735129492,-0.0028290817735130047,0.001981058110314599,-0.001981058110314586,0.0,0.0,0.0,0.0,0.0,0.0,0.0,0.0,0.0,0.0,0.0,0.0,0.0,0.0,0.00115616266251084,-0.0011561626625108123,0.0,0.0,0.0,0.0,0.0,0.0,0.0,0.0,0.0,0.0,0.0,0.0,0.0,0.0,0.0,0.0,0.0,0.0,0.0018166226271434393
17,0,0,0.9833790220324,0.04468058893598139,-0.04468058893598131,0.04227741130825927,-0.0422774113082592,0.0,0.0,0.0,0.0,0.0,0.0,0.0031323391194095357,-0.0031323391194095513,0.0023901256854799084,-0.002390125685479906,0.0027614829570865654,-0.0027614829570865194,0.0,0.0,0.0,0.0,0.0,0.0,0.0,0.0,0.0,0.0,0.0,0.0,0.0,0.0,0.0,0.0,0.0,0.0,0.0,0.0,0.0019168641062435046,-0.0019168641062434775,0.0,0.0,0.0,0.0,0.0,0.0,0.0,0.0,0.0,0.0,0.0,0.0,0.0
18,0,0,0.9836704761289521,0.04352296484659561,-0.043522964846595596,0.04058564400032455,-0.04058564400032454,0.0,0.0,0.0,0.0,0.0,0.0,0.0,0.0,0.0,0.0,0.0,0.0,0.0,0.0,0.0,0.0,0.0,0.0,0.0,0.0,0.0,0.0,0.0,0.0,0.0,0.0,0.0,0.0,0.0,0.0,0.0,0.0,0.0,0.0,0.0,0.0,0.0,0.0,0.0,0.0,0.0,0.0,0.0,0.0,0.0,0.0,0.0022435514286057237
19,0,0,0.9839555668500551,0.04623841636848927,-0.04623841636848926,0.041524718676526066,-0.041524718676526004,0.0,0.0,0.0,0.0,0.0,0.0,0.004567734358604677,-0.004567734358604692,0.0,0.0,0.0026981419397548953,-0.0026981419397549633,0.0,0.0,0.0,0.0,0.0,0.0,0.0,0.0,0.0014669259168139659,-0.0014669259168139381,0.0,0.0,0.0,0.0,0.0,0.0,0.0,0.0,0.0,0.0,0.0016840956894065597,-0.0016840956894066362,0.0,0.0,0.0,0.0,0.0,0.0,0.0,0.0,0.0,0.0,0.0,0.0,0.0
20,0,0,0.9838645724473629,0.043410934645088876,-0.04341093464508882,0.04291993519531922,-0.04291993519531901,0.0,0.0,0.0,0.0,0.0015107133967034263,-0.0015107133967032494,0.004684281851191878,-0.004684281851191831,0.002598618933550774,-0.0025986189335508044,0.0027639356172161535,-0.002763935617216203,0.0,0.0,0.0,0.0,0.0,0.0,0.0,0.0,0.0,0.0,0.0,0.0,0.0,0.0,0.0,0.0,0.0,0.0,0.0,0.0,0.0,0.0,0.0,0.0,0.0,0.0,0.0,0.0,0.0,0.0,0.0,0.0,0.0,0.0,0.0
21,0,0,0.9852004989646121,0.04390446349870405,-0.04390446349870406,0.04205539986575735,-0.04205539986575732,0.0,0.0,0.0,0.0,0.0,0.0,0.004050688878952785,-0.004050688878952787,0.0017321785150268276,-0.0017321785150267999,0.002627633012912994,-0.002627633012912902,0.0,0.0,0.0,0.0,0.0,0.0,0.0,0.0,0.0,0.0,0.0,0.0,0.0,0.0,0.0,0.0,0.0,0.0,0.0,0.0,0.0,0.0,0.0,0.0,0.0,0.0,0.0,0.0,0.0,0.0,0.0,0.0,0.0,0.0,0.0021309640832780337
22,1,1,0.9986162283387554,-0.1408516025614112,0.14085160256141116,-0.13693648932585478,0.13693648932585453,0.0,0.0,0.0,0.0,0.0,0.0,0.0,0.0,0.0,0.0,0.0,0.0,0.0,0.0,0.0,0.0,0.0,0.0,0.0,0.0,-0.019146365403132377,0.01914636540313236,0.0,0.0,0.0,0.0,-0.020641969916040736,0.020641969916040816,0.0,0.0,0.0,0.0,0.0,0.0,0.0,0.0,0.0,0.0,0.0,0.0,0.0,0.0,0.0,0.0,0.0,0.0,0.0
23,0,0,0.9835361537394175,0.04411010885984775,-0.04411010885984776,0.04288561688777773,-0.04288561688777771,0.0,0.0,0.0,0.0,0.0,0.0,0.004237347966182234,-0.004237347966182236,0.0012359559987749347,-0.0012359559987749624,0.002729685664661827,-0.002729685664661858,0.0,0.0,0.0,0.0,0.0,0.0,0.0,0.0,0.0019973113544864344,-0.0019973113544864405,0.001666183447454514,-0.001666183447454487,0.0,0.0,0.0,0.0,0.0,0.0,0.0,0.0,0.0017377175103254043,-0.001737717510325471,0.0,0.0,0.0,0.0,0.0,0.0,0.0,0.0,0.0,0.0,0.0,0.0,0.0
24,0,0,0.9851164953415585,0.04512857949825455,-0.04512857949825454,0.04195368029525528,-0.04195368029525531,0.0,0.0,0.0,0.0,0.0,0.0,0.0045300850536487015,-0.004530085053648735,0.002647136939384379,-0.0026471369393843568,0.0031515603215984313,-0.00315156032159852,0.0,0.0,0.0,0.0,0.0,0.0,0.0,0.0,0.0,0.0,0.0,0.0,0.0,0.0,0.0016307818661273998,-0.0016307818661274165,0.0,0.0,0.0,0.0,0.0,0.0,0.0,0.0,0.0,0.0,0.0,0.0,0.0,0.0,0.0019191662561447082,-0.0019191662561446905,0.0,0.0,0.0
25,0,0,0.9845804900682715,0.043959069922735204,-0.04395906992273518,0.041747252409166664,-0.0417472524091666,0.0,0.0,0.0,0.0,0.0,0.0,0.003034536318838792,-0.0030345363188388342,0.0,0.0,0.0024416087772982653,-0.002441608777298222,0.0,0.0,0.0,0.0,0.0,0.0,0.0,0.0,0.0,0.0,0.0,0.0,0.0,0.0,0.0,0.0,0.0,0.0,0.0,0.0,0.0019907221394659795,-0.0019907221394660285,0.0,0.0,0.0,0.0,0.0,0.0,0.0,0.0,0.0,0.0,0.0,0.0,0.0018994969878270984
26,1,1,0.9957852470663304,-0.23028318404298997,0.23028318404298997,-0.22215027651246932,0.22215027651246924,0.0,0.0,0.0,0.0,0.0,0.0,0.0,0.0,0.0,0.0,0.0,0.0,0.0,0.0,0.0,0.0,0.0,0.0,0.0,0.0,-0.002854765127155677,0.0028547651271557143,0.0,0.0,0.0,0.0,0.0,0.0,0.0,0.0,0.0,0.0,0.0,0.0,-0.002141891231740439,0.0021418912317405763,0.0,0.0,0.0,0.0,-0.004816519281798828,0.004816519281798825,0.0,0.0,0.0,0.0,-0.0038939847978546366
27,0,0,0.9848207794511616,0.04447571966873536,-0.044475719668735536,0.043237476599071206,-0.04323747659907132,0.0,0.0,0.0019501569970990916,-0.001950156997099164,0.0,0.0,0.003970963907114792,-0.0039709639071148,0.0,0.0,0.0030108150856185687,-0.003010815085618534,0.0,0.0,0.0,0.0,0.0017978124245302263,-0.001797812424530143,0.0,0.0,0.0,0.0,0.0,0.0,0.0,0.0,0.0,0.0,0.0,0.0,0.0,0.0,0.0,0.0,0.0,0.0,0.0,0.0,0.0,0.0,0.0,0.0,0.0,0.0,0.00235215156487187,-0.002352151564871861,0.0
28,0,0,0.9843156907090062,0.04579269992822913,-0.04579269992822921,0.04273219386159149,-0.042732193861591605,0.0,0.0,0.0,0.0,0.0,0.0,0.003173629191948571,-0.0031736291919485637,0.0014076754485628062,-0.001407675448562681,0.0029484909638302277,-0.0029484909638301947,0.0,0.0,0.0,0.0,0.0,0.0,0.0,0.0,0.0,0.0,0.0,0.0,0.0,0.0,0.0,0.0,0.0,0.0,0.0,0.0,0.0024954650373060186,-0.002495465037306013,0.0,0.0,0.0,0.0,0.0,0.0,0.0,0.0,0.0,0.0,0.0,0.0,0.0
29,0,0,0.983953074245868,0.04524830400330003,-0.045248304003300044,0.04148878751882852,-0.041488787518828396,0.0,0.0,0.0,0.0,0.0,0.0,0.003786054877792921,-0.0037860548777929144,0.0018725069254550354,-0.0018725069254550248,0.003792137332846588,-0.003792137332846605,0.0,0.0,0.0,0.0,0.0,0.0,0.0,0.0,0.0,0.0,0.0,0.0,0.0,0.0,0.0,0.0,0.0,0.0,0.0,0.0,0.0015772746365971535,-0.001577274636597209,0.0,0.0,0.0,0.0,0.0,0.0,0.0,0.0,0.0,0.0,0.0,0.0,0.0
30,0,0,0.9847105246289796,0.04594009692750825,-0.04594009692750815,0.04208517568794442,-0.04208517568794427,0.0,0.0,0.0,0.0,0.0,0.0,0.0041306911097515496,-0.004130691109751615,0.0,0.0,0.004277966257387634,-0.004277966257387667,0.0016809269372606017,-0.0016809269372607405,0.0,0.0,0.0017489896615589832,-0.0017489896615590153,0.0015589684415013411,-0.0015589684415013771,0.0,0.0,0.0,0.0,0.0,0.0,0.0,0.0,0.0,0.0,0.0,0.0,0.0,0.0,0.0,0.0,0.0,0.0,0.0,0.0,0.0,0.0,0.0,0.0,0.0,0.0,0.0
31,0,0,0.9834156883843685,0.039944560315945316,-0.039944560315945406,0.03851456204924921,-0.03851456204924922,0.0,0.0,0.0,0.0,0.0,0.0,0.0020772318018513506,-0.002077231801851396,0.0,0.0,0.0010240621242632603,-0.0010240621242632924,0.0,0.0,0.0,0.0,0.0,0.0,0.0,0.0,0.0025899208977618136,-0.002589920897761766,0.0,0.0,0.0,0.0,0.0,0.0,0.0,0.0,0.0,0.0,0.0,0.0,0.0015897722611446443,-0.0015897722611445662,0.0,0.0,0.0,0.0,0.0,0.0,0.0,0.0,0.0,0.0,0.0
32,0,0,0.9839389285643605,0.04039466402619354,-0.040394664026193565,0.040273986547375296,-0.04027398654737526,0.0,0.0,0.0,0.0,0.0,0.0,0.0021637257538614785,-0.0021637257538614507,0.0,0.0,0.0,0.0,0.0,0.0,0.0,0.0,0.013380017907498879,-0.013380017907498865,0.0,0.0,0.0,0.0,0.0,0.0,0.0,0.0,0.0,0.0,0.0,0.0,0.0,0.0,0.0,0.0,0.0,0.0,0.011693466825925335,-0.011693466825925362,0.0,0.0,0.0,0.0,0.0,0.0,0.0,0.0,0.0
33,1,1,0.9951833481762302,-0.23057017894356893,0.2305701789435689,-0.22358457010396776,0.22358457010396796,0.0,0.0,0.013085931727141538,-0.013085931727141665,0.0,0.0,0.0,0.0,0.0,0.0,0.0,0.0,0.0,0.0,0.0,0.0,0.0,0.0,0.0,0.0,-0.005351019792232797,0.005351019792232669,-0.0035861722693679736,0.003586172269367976,0.0,0.0,0.0,0.0,0.0,0.0,0.0,0.0,0.0,0.0,0.0,0.0,0.0,0.0,0.0,0.0,0.0,0.0,-0.004995264358192605,0.00499526435819273,0.0,0.0,0.0
34,0,0,0.9856709765604457,0.04443154998917233,-0.04443154998917225,0.0421069549554468,-0.042106954955446814,0.0,0.0,0.0,0.0,0.0,0.0,0.004090537112056673,-0.004090537112056672,0.0,0.0,0.0037670646480453948,-0.0037670646480454533,0.0,0.0,0.0,0.0,0.0,0.0,0.0,0.0,0.0,0.0,0.0,0.0,0.0,0.0,0.0,0.0,0.0,0.0,0.0,0.0,0.0,0.0,0.0,0.0,0.0,0.0,0.0,0.0,0.0,0.0,0.0,0.0,0.002169815088935251,-0.002169815088935211,0.0016671426603129536
35,0,0,0.9842718085044246,0.04455790309932658,-0.044557903099326675,0.04402083508949346,-0.04402083508949359,0.0,0.0,0.0,0.0,0.0,0.0,0.004166212034175244,-0.004166212034175181,0.0,0.0,0.002314331035725451,-0.0023143310357254566,0.0,0.0,0.0,0.0,0.0,0.0,0.0,0.0,0.0,0.0,0.0,0.0,0.0,0.0,0.0,0.0,0.0,0.0,0.0,0.0,0.0,0.0,0.0,0.0,0.0,0.0,0.0,0.0,0.0,0.0,0.0,0.0,0.0,0.0,0.0
36,0,0,0.9580324762172742,0.04321967598761725,-0.04321967598761723,0.04184523195876587,-0.041845231958765855,0.0,0.0,0.0,0.0,0.0,0.0,0.0,0.0,0.0,0.0,0.0,0.0,0.0,0.0,0.0,0.0,0.0,0.0,0.03752470226514564,-0.037524702265145614,-0.021898164729496617,0.021898164729496673,0.0,0.0,0.0,0.0,-0.04144639540439383,0.04144639540439379,0.0,0.0,0.0,0.0,0.0,0.0,0.0,0.0,0.0,0.0,0.0,0.0,0.0,0.0,0.0,0.0,0.0,0.0,0.0
37,0,0,0.9851866014067842,0.04362590839937041,-0.04362590839937037,0.04399727433181186,-0.04399727433181185,0.0,0.0,0.0,0.0,0.0,0.0,0.003372329621708063,-0.0033723296217079866,0.0,0.0,0.003103587149672734,-0.0031035871496725986,0.0,0.0,0.0,0.0,0.0,0.0,0.0,0.0,0.0,0.0,0.0,0.0,0.0,0.0,0.0018343861378443112,-0.0018343861378444294,0.0,0.0,0.0,0.0,0.0,0.0,0.0,0.0,0.0,0.0,0.0,0.0,0.0,0.0,0.0,0.0,0.0,0.0,0.0021586841407143093
38,0,0,0.9922370590839875,0.04343388314549688,-0.04343388314549691,0.03867553459349397,-0.038675534593493946,0.0,0.0,0.0,0.0,0.0,0.0,0.0,0.0,0.0,0.0,0.0,0.0,0.0,0.0,0.0,0.0,0.0,0.0,0.0,0.0,0.0,0.0,0.0,0.0,0.0,0.0,0.0,0.0,0.0353655009163121,-0.03536550091631208,0.0,0.0,0.0,0.0,0.0,0.0,0.0,0.0,0.0,0.0,0.0,0.0,0.0,0.0,0.0,0.0,0.0
39,1,1,0.8124062253096814,-0.023164177928293887,0.023164177928293794,-0.023044766754354025,0.023044766754353924,0.0,0.0,0.0,0.0,0.0,0.0,0.003345019081559819,-0.003345019081560041,0.0,0.0,0.0,0.0,0.0,0.0,0.0,0.0,0.0,0.0,0.0,0.0,0.0,0.0,0.0,0.0,0.0,0.0,0.0,0.0,-0.0020063575377144037,0.002006357537714522,0.0,0.0,0.0,0.0,0.0,0.0,0.0,0.0,0.0,0.0,0.0,0.0,0.0,0.0,0.0,0.0,0.0
40,0,0,0.9854647419907461,0.04502445149681682,-0.045024451496816775,0.04302333124114138,-0.04302333124114131,0.0,0.0,0.0,0.0,0.0,0.0,0.003769143206133223,-0.0037691432061332537,0.0,0.0,0.0031955044367158758,-0.00319550443671597,0.0,0.0,0.0,0.0,0.0,0.0,0.0,0.0,0.0,0.0,0.0,0.0,0.0,0.0,0.002127311591978262,-0.0021273115919782405,0.0,0.0,0.0,0.0,0.0021290492898401047,-0.0021290492898401433,0.0,0.0,0.0,0.0,0.0,0.0,0.0,0.0,0.0,0.0,0.0,0.0,0.002541312360579382
41,1,1,0.9921705364825635,-0.21006398837555448,0.21006398837555457,-0.1897655115482375,0.18976551154823762,0.0,0.0,0.00902078311143606,-0.009020783111435726,0.0,0.0,0.0,0.0,0.0,0.0,0.0,0.0,0.0,0.0,0.0,0.0,0.0,0.0,-0.005444287821431827,0.005444287821431942,0.0,0.0,0.0,0.0,0.0,0.0,0.0,0.0,0.0,0.0,0.0,0.0,-0.0032300397025005773,0.003230039702500447,0.009369619097946468,-0.009369619097946341,-0.0026184589678847313,0.0026184589678846263,0.0,0.0,0.0,0.0,0.0,0.0,0.0,0.0,0.0
42,0,0,0.9845471939434514,0.045859508108790845,-0.04585950810879079,0.043506590852891665,-0.04350659085289154,0.0,0.0,0.0,0.0,0.0,0.0,0.003948706883032892,-0.0039487068830328775,0.0,0.0,0.003260712826947041,-0.0032607128269470553,0.0,0.0,0.0,0.0,0.0,0.0,0.0,0.0,0.0,0.0,0.0,0.0,0.0,0.0,0.0,0.0,0.0,0.0,0.0,0.0,0.0,0.0,0.0,0.0,0.0,0.0,0.0014258376956983176,-0.0014258376956983732,0.0,0.0,0.0,0.0,0.0,0.0,0.0017608431503101144
43,0,0,0.9846546477331788,0.04439799880322777,-0.044397998803227985,0.04217383400419985,-0.04217383400419984,0.0,0.0,0.0,0.0,0.0,0.0,0.0031985134542112364,-0.003198513454211052,0.0,0.0,0.0036338804241053037,-0.003633880424105297,0.0,0.0,0.0,0.0,0.0,0.0,0.0,0.0,0.0,0.0,0.0022392867226788404,-0.002239286722679007,0.0,0.0,0.0,0.0,0.0,0.0,0.0020560144427498555,-0.002056014442749837,0.0,0.0,0.0,0.0,0.0,0.0,0.0,0.0,0.0,0.0,0.0,0.0,0.0,0.0,0.0
44,0,0,0.9846608516520056,0.04330819196397517,-0.043308191963975146,0.04096487239987842,-0.04096487239987841,0.0,0.0,0.0,0.0,0.0,0.0,0.005023400528651224,-0.005023400528651172,0.0,0.0,0.002565871193946039,-0.0025658711939460224,0.0,0.0,0.0,0.0,0.0,0.0,0.0,0.0,0.0,0.0,0.0,0.0,0.0,0.0,0.0,0.0,0.0,0.0,0.0,0.0,0.0,0.0,0.0,0.0,0.0,0.0,0.0,0.0,0.0,0.0,0.0,0.0,0.0,0.0,0.0
45,0,0,0.9838135229064549,0.04414727292462088,-0.04414727292462091,0.042415828524115885,-0.042415828524115975,0.0,0.0,0.0,0.0,0.0,0.0,0.0045507901873160644,-0.004550790187316029,0.0014315905434238163,-0.0014315905434238163,0.002776902267902542,-0.0027769022679025794,0.0,0.0,0.0,0.0,0.0,0.0,0.0,0.0,0.0,0.0,0.0,0.0,0.0,0.0,0.0,0.0,0.0,0.0,0.0,0.0,0.0,0.0,0.0,0.0,0.0,0.0,0.0013784275865452733,-0.0013784275865453529,0.0,0.0,0.0,0.0,0.0,0.0,0.0
46,0,0,0.9836927214129385,0.04399660332688051,-0.043996603326880435,0.04172875526944347,-0.041728755269443446,0.0,0.0,0.0,0.0,0.0,0.0,0.0030995246024649523,-0.003099524602464934,0.0022620995813677288,-0.002262099581367626,0.003310303983373384,-0.003310303983373529,0.0,0.0,0.0,0.0,0.0,0.0,0.0,0.0,0.0026449409667252295,-0.0026449409667253358,0.0,0.0,0.0,0.0,0.0,0.0,0.0,0.0,0.0,0.0,0.0,0.0,0.0,0.0,0.0,0.0,0.0,0.0,0.0,0.0,0.0,0.0,0.0,0.0,0.0022353053450857945
47,1,1,0.8154866752756873,-0.02389473715906022,0.02389473715906027,-0.02233053337171693,0.022330533371716855,0.0,0.0,0.0,0.0,0.0,0.0,0.0,0.0,0.0,0.0,0.0,0.0,0.0,0.0,0.0,0.0,0.0476762952407537,-0.047676295240753876,0.0,0.0,0.0,0.0,0.0,0.0,0.0,0.0,0.0,0.0,0.0,0.0,0.0,0.0,0.0,0.0,0.0,0.0,0.035465246118015825,-0.035465246118015714,-0.021003601023572592,0.021003601023572627,0.0,0.0,0.0,0.0,-0.030613250618485893,0.030613250618486063,-0.026803759671021644
48,0,0,0.9823500333021106,0.04170487389181785,-0.04170487389181778,0.040121384958850405,-0.04012138495885033,0.0,0.0,0.0,0.0,0.0,0.0,0.002360327478341945,-0.0023603274783419565,0.0,0.0,0.0,0.0,0.0,0.0,0.0,0.0,0.0,0.0,0.0,0.0,0.003129179267016764,-0.0031291792670167635,0.0,0.0,0.0,0.0,0.0,0.0,0.0,0.0,0.0,0.0,0.0,0.0,0.0023728133033584257,-0.0023728133033583793,0.0,0.0,0.0,0.0,0.0,0.0,0.0,0.0,0.0,0.0,0.0
49,0,0,0.9849156449615114,0.044804895634386006,-0.04480489563438596,0.04226626935942646,-0.04226626935942643,0.0,0.0,0.0,0.0,0.0,0.0,0.004204886383057453,-0.00420488638305733,0.0019028220626918421,-0.001902822062691878,0.003009463840124384,-0.0030094638401243962,0.0,0.0,0.0,0.0,0.0,0.0,0.0,0.0,0.0,0.0,0.0,0.0,0.0,0.0,0.001193645592403203,-0.001193645592403203,0.0,0.0,0.0,0.0,0.0,0.0,0.0,0.0,0.0,0.0,0.0,0.0,0.0,0.0,0.0,0.0,0.0,0.0,0.0015721889100306077
50,0,0,0.9837320686020771,0.0440222681396163,-0.04402226813961636,0.042405288368822555,-0.04240528836882262,0.0,0.0,0.0,0.0,0.0,0.0,0.004467959551556166,-0.0044679595515561416,0.0,0.0,0.0030769349391547357,-0.0030769349391546255,0.0,0.0,0.0,0.0,0.0,0.0,0.0,0.0,0.0,0.0,0.0,0.0,0.0,0.0,0.0,0.0,0.0,0.0,0.0,0.0,0.0014057972505392702,-0.0014057972505392424,0.0,0.0,0.0,0.0,0.0,0.0,0.0,0.0,0.0,0.0,0.0,0.0,0.0017786356373441124
51,0,0,0.9848330842211257,0.04362795983056197,-0.04362795983056198,0.041866777555297496,-0.04186677755529755,0.0,0.0,0.0,0.0,0.0,0.0,0.004208638629254959,-0.004208638629254949,0.002726016293928353,-0.0027260162939284588,0.003109523131429836,-0.0031095231314298066,0.0,0.0,0.0,0.0,0.0018600667286432782,-0.0018600667286432782,0.0,0.0,0.0,0.0,0.0,0.0,0.0,0.0,0.0,0.0,0.0,0.0,0.0,0.0,0.002280542664842107,-0.0022805426648421154,0.0,0.0,0.0,0.0,0.0,0.0,0.0,0.0,0.0,0.0,0.0,0.0,0.0
52,0,0,0.9844035211869324,0.04349021067739487,-0.04349021067739482,0.04259264624094744,-0.04259264624094738,0.0,0.0,0.0,0.0,0.0,0.0,0.004131089935432284,-0.004131089935432347,0.0,0.0,0.0022805210781227264,-0.0022805210781227264,0.0,0.0,0.0,0.0,0.0,0.0,0.0,0.0,0.0,0.0,0.0,0.0,0.0,0.0,0.0,0.0,0.0,0.0,0.0,0.0,0.0015783129769456894,-0.0015783129769456616,0.0,0.0,0.0,0.0,0.0,0.0,0.0,0.0,0.0,0.0,0.0,0.0,0.0
53,0,0,0.9840160913048592,0.04422619535586956,-0.04422619535586949,0.042132467978691794,-0.042132467978691725,0.0,0.0,0.0,0.0,0.0,0.0,0.004994318243246419,-0.004994318243246504,0.0022638967894989858,-0.002263896789499073,0.0023106625450659544,-0.0023106625450659405,0.0,0.0,0.0,0.0,0.0,0.0,0.0,0.0,0.0,0.0,0.0,0.0,0.0,0.0,0.0,0.0,0.0,0.0,0.0,0.0,0.001955819519714297,-0.0019558195197142414,0.0,0.0,0.0,0.0,0.0,0.0,0.0,0.0,0.0,0.0,0.0,0.0,0.0018299342779731827
54,0,0,0.9831247721410732,0.04459867868135384,-0.044598678681353754,0.04288055888799384,-0.04288055888799388,0.0,0.0,0.0,0.0,0.0,0.0,-0.013802882879234491,0.013802882879234514,0.0,0.0,0.0,0.0,0.0,0.0,0.0,0.0,0.0,0.0,0.0,0.0,0.0,0.0,0.0,0.0,0.0,0.0,0.0,0.0,0.0,0.0,0.0,0.0,0.0,0.0,0.0,0.0,0.0,0.0,0.0,0.0,0.0,0.0,0.0,0.0,0.0,0.0,0.0
55,0,0,0.9845718784044016,0.04485955855647905,-0.04485955855647892,0.042054547087100984,-0.04205454708710077,0.0,0.0,0.0,0.0,0.0,0.0,0.004061936366189032,-0.004061936366189108,0.0,0.0,0.0038546551893720612,-0.003854655189372021,0.0,0.0,0.0,0.0,0.0,0.0,0.0018412215592057285,-0.0018412215592058458,0.0,0.0,0.0,0.0,0.0,0.0,0.0,0.0,0.0,0.0,0.0,0.0,0.0020505809676742153,-0.002050580967674302,0.0,0.0,0.0,0.0,0.0013619659219498148,-0.0013619659219498703,0.0,0.0,0.0,0.0,0.0,0.0,0.0024176795772862633
56,0,0,0.9834053610008567,0.04476638725111264,-0.044766387251112726,0.04298802009262983,-0.04298802009262978,0.0,0.0,0.0,0.0,0.0,0.0,0.0037906841384910735,-0.003790684138491102,0.0016929514756911532,-0.0016929514756912234,0.0019101418500407287,-0.0019101418500406288,0.0,0.0,0.0,0.0,0.0,0.0,0.0,0.0,0.0,0.0,0.0,0.0,0.0,0.0,0.0,0.0,0.0,0.0,0.0,0.0,0.0019813873112195083,-0.0019813873112195087,0.0,0.0,0.0,0.0,0.0,0.0,0.0,0.0,0.0,0.0,0.0,0.0,0.0
57,0,0,0.9847654061532732,0.04380559034028943,-0.04380559034028941,0.04209927286477426,-0.0420992728647743,0.0,0.0,0.0018371203686404105,-0.001837120368640382,0.0,0.0,0.003401093978292178,-0.003401093978292191,0.0,0.0,0.0030485329270223244,-0.003048532927022294,0.0,0.0,0.0,0.0,0.0,0.0,0.0,0.0,0.0,0.0,0.0,0.0,0.0,0.0,0.0,0.0,0.0,0.0,0.0,0.0,0.0,0.0,0.0,0.0,0.0,0.0,0.0015673027502934866,-0.0015673027502935422,0.0,0.0,0.0,0.0,0.0,0.0,0.0
58,0,0,0.98411964052151,0.043889108934994245,-0.04388910893499429,0.041579095610382234,-0.041579095610382186,0.0,0.0,0.0,0.0,0.0,0.0,0.00391029995559556,-0.003910299955595537,0.0,0.0,0.0031496640203888984,-0.00314966402038893,0.0,0.0,0.0,0.0,0.0,0.0,0.0,0.0,0.0,0.0,0.0,0.0,0.0,0.0,0.001299102634344157,-0.0012991026343442125,0.0,0.0,0.0,0.0,0.0024336837378720277,-0.002433683737872025,0.0,0.0,0.0,0.0,0.0,0.0,0.0,0.0,0.0,0.0,0.0,0.0,0.0016239739702838178
59,0,0,0.9847052545717349,0.04359100138149629,-0.043591001381496255,0.041934235561729434,-0.04193423556172935,0.0,0.0,0.0,0.0,0.0,0.0,0.0028543887425433135,-0.0028543887425434076,0.0,0.0,0.0033552291310860174,-0.003355229131085998,0.0,0.0,0.0,0.0,0.0,0.0,0.0,0.0,0.001730988836015357,-0.0017309888360153847,0.0,0.0,0.0,0.0,0.0,0.0,0.0,0.0,0.0,0.0,0.0,0.0,0.0,0.0,0.0,0.0,0.0,0.0,0.0020140333003810383,-0.0020140333003810214,0.0,0.0,0.0,0.0,0.002246193871119364
60,0,0,0.9871915647821484,0.04268441777538367,-0.04268441777538363,0.04021855784424187,-0.04021855784424181,0.0,0.0,0.0,0.0,0.0,0.0,0.0,0.0,0.0,0.0,0.0,0.0,0.0,0.0,0.0,0.0,0.0,0.0,0.0,0.0,0.0,0.0,0.0,0.0,0.0,0.0,0.0,0.0,0.019345884822282708,-0.019345884822282642,0.0,0.0,0.0,0.0,0.0,0.0,0.0,0.0,0.0,0.0,0.0,0.0,0.0,0.0,0.0,0.0,0.0
61,0,0,0.9840338214788722,0.044882078860449245,-0.04488207886044923,0.04400135489712789,-0.044001354897127885,0.0,0.0,0.0,0.0,0.0,0.0,0.004193327977772941,-0.004193327977772943,0.0,0.0,0.002772977605115013,-0.002772977605114947,0.0,0.0,0.0,0.0,0.0,0.0,0.0,0.0,0.0013120125686332251,-0.0013120125686331974,0.0,0.0,0.0,0.0,0.0,0.0,0.0,0.0,0.0,0.0,0.0,0.0,0.0,0.0,0.0,0.0,0.0,0.0,0.0,0.0,0.0,0.0,0.0,0.0,0.0
62,0,0,0.9851772118485177,0.045048260156765475,-0.04504826015676542,0.04297554101574144,-0.04297554101574136,0.0,0.0,0.0,0.0,0.0,0.0,0.0032010511706931284,-0.003201051170693058,0.0,0.0,0.0035058228587096832,-0.0035058228587096334,0.0,0.0,0.0,0.0,0.0,0.0,0.0,0.0,0.0,0.0,0.0,0.0,0.0,0.0,0.0,0.0,0.0,0.0,0.0,0.0,0.0,0.0,0.0,0.0,0.0,0.0,0.0,0.0,0.0,0.0,0.0,0.0,0.0,0.0,0.0019035569431792192
63,0,0,0.9854498983772951,0.04377841702304482,-0.043778417023044726,0.043262395693945195,-0.04326239569394516,0.0,0.0,0.0,0.0,0.0,0.0,0.0034005303745718377,-0.0034005303745718017,0.0020425349842741747,-0.002042534984274258,0.0029689342404191116,-0.002968934240418995,0.0,0.0,0.0,0.0,0.0,0.0,0.0,0.0,0.0,0.0,0.0,0.0,0.0,0.0,0.0,0.0,0.0,0.0,0.0,0.0,0.0,0.0,0.0,0.0,0.0,0.0,0.0,0.0,0.0,0.0,0.0,0.0,0.0,0.0,0.001835728879186167
64,1,1,0.997283851911542,-0.2236094493579428,0.2236094493579428,-0.21220736837181445,0.21220736837181428,0.0,0.0,0.0,0.0,0.0,0.0,0.0,0.0,0.0,0.0,0.0,0.0,0.0,0.0,0.0,0.0,0.0,0.0,0.0,0.0,0.0,0.0,-0.004594529383530222,0.004594529383530337,0.0,0.0,0.0,0.0,0.0,0.0,-0.003198074592774769,0.003198074592774769,0.0,0.0,0.0,0.0,0.0,0.0,0.0,0.0,0.0,0.0,0.0,0.0,0.0,0.0,-0.01340188635482799
65,1,1,0.9972785073432323,-0.22607827760131355,0.22607827760131374,-0.21378372496049433,0.2137837249604944,0.0,0.0,0.0,0.0,0.0,0.0,0.0,0.0,0.0,0.0,0.0,0.0,0.0,0.0,0.0,0.0,0.0,0.0,0.0,0.0,0.0,0.0,-0.007056472138247045,0.00705647213824704,0.0,0.0,0.0,0.0,0.0,0.0,0.0,0.0,0.0,0.0,0.0,0.0,0.0,0.0,0.0,0.0,0.0,0.0,-0.00862391014376069,0.008623910143760453,0.0,0.0,-0.024367226368078865
66,0,0,0.9834962841571028,0.0451080056382551,-0.04510800563825503,0.04287967531713435,-0.04287967531713424,0.0,0.0,0.0,0.0,0.0,0.0,0.004314240351456913,-0.004314240351457021,0.002224940015704444,-0.0022249400157044537,0.0021369022957840908,-0.002136902295783995,0.0,0.0,0.0,0.0,0.0,0.0,0.0,0.0,0.0,0.0,0.0,0.0,0.0,0.0,0.0,0.0,0.0,0.0,0.0,0.0,0.0,0.0,0.0,0.0,0.0,0.0,0.0,0.0,0.0,0.0,0.0,0.0,0.0,0.0,0.0012969927412265407
67,0,0,0.9834440618698815,0.045866990480590626,-0.04586699048059053,0.04145465258757351,-0.04145465258757339,0.0,0.0,0.0,0.0,0.0,0.0,0.00386018963905974,-0.0038601896390597643,0.001591304695006184,-0.0015913046950062316,0.002987295841847162,-0.002987295841847186,0.0,0.0,0.0,0.0,0.0,0.0,0.0,0.0,0.0,0.0,0.0,0.0,0.0,0.0,0.0,0.0,0.0,0.0,0.0,0.0,0.001607162777480414,-0.0016071627774804165,0.0,0.0,0.0,0.0,0.0,0.0,0.0,0.0,0.00163002621669171,-0.0016300262166918241,0.0,0.0,0.0
68,0,0,0.9837405599453717,0.043929666572775576,-0.043929666572775666,0.04201134147259057,-0.04201134147259065,0.0,0.0,0.0,0.0,0.0,0.0,0.004984282279191619,-0.004984282279191663,0.0,0.0,0.0033988892231324726,-0.0033988892231324717,0.0,0.0,0.0,0.0,0.0,0.0,0.0015362401107169076,-0.0015362401107169251,0.0,0.0,0.0,0.0,0.0,0.0,0.0,0.0,0.0,0.0,0.0,0.0,0.0,0.0,0.0,0.0,0.0,0.0,0.0016599564004089018,-0.0016599564004089258,0.0,0.0,0.0,0.0,0.0,0.0,0.0
69,0,0,0.9836099741049487,0.04378149467594253,-0.04378149467594256,0.04294296875981725,-0.04294296875981727,0.0,0.0,0.0,0.0,0.0,0.0,0.002976855665028333,-0.0029768556650283874,0.0,0.0,0.0036422595946932475,-0.003642259594693327,0.0,0.0,0.0,0.0,0.0,0.0,0.0,0.0,0.0,0.0,0.0,0.0,0.0,0.0,0.0,0.0,0.0,0.0,0.0,0.0,0.0012731332385656157,-0.0012731332385656378,0.0,0.0,0.0,0.0,0.0,0.0,0.0,0.0,0.0,0.0,0.0,0.0,0.0
70,0,0,0.9843369690363405,0.04307403083465262,-0.04307403083465261,0.044137292798263277,-0.04413729279826333,0.0,0.0,0.0,0.0,0.0,0.0,0.003638055182603307,-0.0036380551826033273,0.0,0.0,0.0038109851164404226,-0.0038109851164404365,0.0,0.0,0.0,0.0,0.0,0.0,0.0,0.0,0.0,0.0,0.0,0.0,0.0,0.0,0.0,0.0,0.0,0.0,0.0,0.0,0.0012595143512601874,-0.001259514351260082,0.0,0.0,0.0,0.0,0.0,0.0,0.0,0.0,0.0,0.0,0.0,0.0,0.0013287445165728329
71,0,0,0.9855554606499594,0.04541882452736241,-0.04541882452736244,0.04377625567658274,-0.04377625567658272,0.0,0.0,0.0,0.0,0.0,0.0,0.0036979998470609357,-0.0036979998470609687,0.0016364825965287377,-0.0016364825965286822,0.003374895644015078,-0.003374895644014943,0.0,0.0,0.0,0.0,0.0,0.0,0.0,0.0,0.0,0.0,0.0,0.0,0.0,0.0,0.0,0.0,0.0,0.0,0.0,0.0,0.0,0.0,0.0,0.0,0.0,0.0,0.0,0.0,0.0,0.0,0.0,0.0,0.0,0.0,0.0018222121197609114
72,0,0,0.9840491345037748,0.04381599220768181,-0.04381599220768192,0.041624984322528015,-0.04162498432252819,0.0,0.0,0.0,0.0,0.0,0.0,0.003824352860243341,-0.0038243528602433254,0.0,0.0,0.003317730358516091,-0.003317730358515952,0.0,0.0,0.0,0.0,0.0,0.0,0.0,0.0,0.0,0.0,0.0,0.0,0.0,0.0,0.0,0.0,0.0,0.0,0.0,0.0,0.0022701400683804076,-0.00227014006838033,0.0,0.0,0.0,0.0,0.0,0.0,0.0,0.0,0.0,0.0,0.0,0.0,0.0
73,1,1,0.9941876827677575,-0.20512108651006208,0.2051210865100621,-0.2013991663434291,0.20139916634342916,0.020416093165383693,-0.020416093165383554,0.0,0.0,0.0,0.0,0.0,0.0,0.0,0.0,0.0,0.0,0.0,0.0,0.0,0.0,0.03199494409216337,-0.031994944092163205,0.0,0.0,0.0,0.0,0.0,0.0,0.0,0.0,0.0,0.0,0.0,0.0,0.0,0.0,0.0,0.0,0.0,0.0,0.020488667885711465,-0.020488667885711576,-0.01380260096637701,0.013802600966376958,0.0,0.0,0.0,0.0,0.0,0.0,-0.031020036306615352
74,0,0,0.9837023119669883,0.04546361925230185,-0.04546361925230199,0.04188714990442,-0.04188714990442001,0.0,0.0,0.0,0.0,0.0,0.0,0.0036090837415121745,-0.003609083741512128,0.0015243808265304635,-0.0015243808265303655,0.0037643080750427442,-0.003764308075042727,0.0,0.0,0.0,0.0,0.0,0.0,0.0,0.0,0.0,0.0,0.0,0.0,0.0,0.0,0.0,0.0,0.0,0.0,0.0,0.0,0.0,0.0,0.0,0.0,0.0,0.0,0.0,0.0,0.0,0.0,0.0,0.0,0.0,0.0,0.0014695277762197744
75,0,0,0.9855311792995795,0.04467526603835268,-0.04467526603835266,0.04430571870275626,-0.044305718702756305,0.0,0.0,0.0,0.0,0.0,0.0,0.0024540637061501863,-0.002454063706150189,0.0,0.0,0.0033048475249058463,-0.0033048475249057847,0.0,0.0,0.0,0.0,0.0,0.0,0.0,0.0,0.0,0.0,0.0,0.0,0.0,0.0,0.0,0.0,0.0,0.0,0.0,0.0,0.0018127979649172482,-0.0018127979649171957,0.0,0.0,0.0,0.0,0.0,0.0,0.0,0.0,0.0,0.0,0.0,0.0,0.0029574249181103093
76,0,0,0.9914582400496346,0.04098974206859719,-0.04098974206859716,0.03943069946549515,-0.03943069946549513,0.0,0.0,0.0,0.0,0.0,0.0,0.0,0.0,0.0,0.0,0.0,0.0,0.0,0.0,0.0,0.0,0.0,0.0,0.0,0.0,0.0,0.0,0.0,0.0,0.0,0.0,0.0,0.0,0.035166632210854296,-0.035166632210854275,0.0,0.0,0.0,0.0,0.0,0.0,0.0,0.0,0.0,0.0,0.0,0.0,0.0,0.0,0.0,0.0,0.0
77,0,0,0.9836687144042198,0.04415474312595629,-0.04415474312595626,0.043325181258994566,-0.043325181258994566,0.0,0.0,0.0,0.0,0.0,0.0,0.004924291528741799,-0.004924291528741787,0.0012297349047710182,-0.0012297349047710182,0.002577989596747545,-0.0025779895967475725,0.0,0.0,0.0,0.0,0.0,0.0,0.0,0.0,0.0,0.0,0.0013458498829413048,-0.0013458498829413345,0.0,0.0,0.0,0.0,0.0,0.0,0.0,0.0,0.0,0.0,0.0,0.0,0.0,0.0,0.0,0.0,0.0,0.0,0.0,0.0,0.0,0.0,0.0
78,0,0,0.9844150431681403,0.04467411482204289,-0.044674114822042886,0.04366264936114894,-0.04366264936114894,0.0,0.0,0.0,0.0,0.0,0.0,0.004486493496641582,-0.00448649349664164,0.0,0.0,0.003180847166622039,-0.003180847166622048,0.0,0.0,0.0,0.0,0.0,0.0,0.0,0.0,0.0,0.0,0.0,0.0,0.0,0.0,0.0,0.0,0.0013785555758033831,-0.001378555575803309,0.0,0.0,0.0017553979069220484,-0.0017553979069221087,0.0,0.0,0.0,0.0,0.0,0.0,0.0,0.0,0.0,0.0,0.0,0.0,0.0
79,0,0,0.9851318852400346,0.044385073220585436,-0.04438507322058555,0.04433275403740698,-0.04433275403740709,0.0,0.0,0.0,0.0,0.0,0.0,0.002878591128771262,-0.002878591128771228,0.0,0.0,0.003111095783391756,-0.0031110957833918283,0.0,0.0,0.0,0.0,0.0,0.0,0.0,0.0,0.0,0.0,0.0,0.0,0.0,0.0,0.0021146625219425896,-0.0021146625219425896,0.0,0.0,0.0,0.0,0.0019242954807038577,-0.001924295480703809,0.0,0.0,0.0,0.0,0.0,0.0,0.0,0.0,0.0,0.0,0.0,0.0,0.0
80,0,0,0.9844005182951753,0.045420150723966955,-0.04542015072396708,0.042613071911653116,-0.04261307191165324,0.0,0.0,0.0,0.0,0.0,0.0,0.003943597930381203,-0.003943597930381201,0.0015106361477522645,-0.0015106361477521257,0.0030544257008098207,-0.003054425700809771,0.0,0.0,0.0,0.0,0.0,0.0,0.0,0.0,0.0,0.0,0.0,0.0,0.0,0.0,0.0,0.0,0.001499502171223224,-0.0014995021712233127,0.0,0.0,0.0021655446046656363,-0.0021655446046655925,0.0,0.0,0.0,0.0,0.0,0.0,0.0,0.0,0.0,0.0,0.0,0.0,0.0
81,0,0,0.9845490252698672,0.042951816418136994,-0.04295181641813695,0.04368956276606247,-0.043689562766062416,0.0,0.0,0.0,0.0,0.0,0.0,0.0041823239160305465,-0.004182323916030641,0.0,0.0,0.0017580092527655026,-0.0017580092527655865,0.0,0.0,0.0,0.0,0.0,0.0,0.0,0.0,0.0,0.0,0.0,0.0,0.0,0.0,0.0016735353057677868,-0.001673535305767891,0.0,0.0,0.0015839396058530408,-0.0015839396058530408,0.0,0.0,0.0,0.0,0.0,0.0,0.0,0.0,0.0,0.0,0.0,0.0,0.0,0.0,0.0
82,0,0,0.9824744379742452,0.041390657186063384,-0.04139065718606329,0.04117175781196173,-0.041171757811961654,0.0,0.0,0.0,0.0,0.0,0.0,0.0028524618001003477,-0.0028524618001004587,0.0,0.0,0.0,0.0,0.0,0.0,0.0,0.0,0.013222815234225208,-0.013222815234225204,0.0,0.0,0.0,0.0,0.0,0.0,0.0,0.0,0.0,0.0,0.0,0.0,0.0,0.0,0.0,0.0,0.0,0.0,0.008917324089356665,-0.008917324089356648,0.0,0.0,0.0,0.0,0.0,0.0,0.0,0.0,0.0
83,1,1,0.9954611150572146,-0.2207370835847636,0.2207370835847636,-0.21258953489017132,0.21258953489017138,0.0,0.0,0.0,0.0,0.0,0.0,0.0,0.0,0.0,0.0,0.0,0.0,0.0,0.0,0.0,0.0,0.0,0.0,-0.0016772408540879295,0.0016772408540878996,0.0,0.0,-0.0009609718070392771,0.0009609718070392397,0.0,0.0,0.0,0.0,-0.001014863805211097,0.001014863805210875,0.0,0.0,0.0,0.0,0.0,0.0,0.0,0.0,-0.002537440041747534,0.002537440041747487,0.0,0.0,0.0,0.0,-0.004427509240437119,0.004427509240437223,0.0
84,0,0,0.9840883969823239,0.0438129111155705,-0.04381291111557051,0.0418230006460362,-0.0418230006460363,0.0,0.0,0.0,0.0,0.0,0.0,0.004440401258486037,-0.004440401258486002,0.0025262275460961534,-0.002526227546096208,0.0032981603878806066,-0.003298160387880624,0.0,0.0,0.0,0.0,0.0,0.0,0.0016262582637266432,-0.0016262582637266432,0.0,0.0,0.0,0.0,0.0,0.0,0.0,0.0,0.0,0.0,0.0,0.0,0.0020468582029419978,-0.002046858202941959,0.0,0.0,0.0,0.0,0.0,0.0,0.0,0.0,0.0,0.0,0.0,0.0,0.0
85,0,0,0.9843866251616457,0.04548978405036572,-0.04548978405036579,0.04362818033235159,-0.043628180332351524,0.0,0.0,0.0,0.0,0.0,0.0,0.0034787952650057754,-0.0034787952650057003,0.0,0.0,0.002982920824028749,-0.0029829208240286895,0.0,0.0,0.0,0.0,0.0,0.0,0.0,0.0,0.0,0.0,0.001297136807521082,-0.001297136807521082,0.0,0.0,0.0,0.0,0.0,0.0,0.0,0.0,0.0,0.0,0.0,0.0,0.0,0.0,0.0,0.0,0.0,0.0,0.0014124543834538566,-0.0014124543834538022,0.0,0.0,0.0
86,0,0,0.9843961357542939,0.04246790670731987,-0.04246790670731982,0.041400721084469426,-0.04140072108446941,0.0,0.0,0.0,0.0,0.0,0.0,0.003382866669348038,-0.003382866669348061,0.0,0.0,0.0020353080381839417,-0.0020353080381839373,0.0,0.0,0.0,0.0,0.0,0.0,0.0,0.0,0.004068729165216548,-0.004068729165216507,0.0,0.0,0.0,0.0,0.0,0.0,0.0,0.0,0.0,0.0,0.0,0.0,0.0019495037156638828,-0.0019495037156639884,0.0,0.0,0.0,0.0,0.0,0.0,0.0,0.0,0.0,0.0,0.0
87,0,0,0.9848350081688317,0.044217844320905204,-0.04421784432090529,0.04220707805767907,-0.04220707805767914,0.0,0.0,0.0,0.0,0.0,0.0,0.0032627298649072095,-0.00326272986490726,0.0,0.0,0.0031841514807454045,-0.0031841514807453837,0.0,0.0,0.0,0.0,0.0,0.0,0.0,0.0,0.0,0.0,0.0,0.0,0.0,0.0,0.0,0.0,0.0,0.0,0.0,0.0,0.0017819615393965106,-0.001781961539396429,0.0,0.0,0.0,0.0,0.0,0.0,0.0,0.0,0.0,0.0,0.0,0.0,0.0
88,0,0,0.9844936006121459,0.04537366219615778,-0.045373662196157745,0.043184450496558655,-0.04318445049655863,0.0,0.0,0.0,0.0,0.0,0.0,0.005281965314983482,-0.0052819653149834755,0.0014614110868461927,-0.001461411086846165,0.0019193947045073314,-0.001919394704507381,0.0,0.0,0.0,0.0,0.0,0.0,0.0,0.0,0.0017984521640735478,-0.0017984521640735628,0.0,0.0,0.0,0.0,0.0,0.0,0.0,0.0,0.0,0.0,0.0,0.0,0.0,0.0,0.0,0.0,0.0,0.0,0.0,0.0,0.0,0.0,0.0,0.0,0.0
89,0,0,0.985520290484519,0.04517936408008522,-0.04517936408008537,0.04268129151013444,-0.0426812915101343,0.0,0.0,0.0,0.0,0.0,0.0,0.0034586099259624596,-0.0034586099259624153,0.002653994864813241,-0.002653994864813284,0.002236608988990717,-0.0022366089889907315,0.0,0.0,0.0,0.0,0.0,0.0,0.0,0.0,0.0,0.0,0.0,0.0,0.0,0.0,0.0,0.0,0.0,0.0,0.0,0.0,0.002236673110939601,-0.002236673110939585,0.0,0.0,0.0,0.0,0.0,0.0,0.0,0.0,0.0,0.0,0.0,0.0,0.0
90,0,0,0.9840055527020803,0.043761788481436505,-0.04376178848143637,0.042868043552761914,-0.04286804355276183,0.0,0.0,0.0,0.0,0.0,0.0,0.003999521179730369,-0.003999521179730418,0.0017090679616632966,-0.0017090679616634233,0.0026177841910968104,-0.0026177841910967935,0.0,0.0,0.0,0.0,0.0,0.0,0.0,0.0,0.0,0.0,0.0,0.0,0.0,0.0,0.0019196579510135736,-0.0019196579510135988,0.0,0.0,0.0,0.0,0.0,0.0,0.0,0.0,0.0,0.0,0.0,0.0,0.0,0.0,0.0,0.0,0.0,0.0,0.002348926270676101
91,0,0,0.9846883921409665,0.04540472702584998,-0.045404727025849904,0.04338163750299597,-0.04338163750299596,0.0,0.0,0.0,0.0,0.0,0.0,0.003472632270316897,-0.0034726322703168503,0.0,0.0,0.004005808012448888,-0.004005808012448748,0.0,0.0,0.0,0.0,0.0,0.0,0.0,0.0,0.0,0.0,0.0018279685125486783,-0.0018279685125487178,0.0,0.0,0.0,0.0,0.0,0.0,0.0,0.0,0.0,0.0,0.0,0.0,0.0,0.0,0.0,0.0,0.0,0.0,0.0,0.0,0.0,0.0,0.00125958592188663
92,0,0,0.9846344827159526,0.04510253315664619,-0.04510253315664612,0.04257449072540315,-0.04257449072540315,0.0,0.0,0.0,0.0,0.0,0.0,0.0030701072750795332,-0.0030701072750796304,0.0018105775565385451,-0.0018105775565384896,0.002624502654035845,-0.002624502654035799,0.0,0.0,0.0,0.0,0.0,0.0,0.0,0.0,0.0,0.0,0.0,0.0,0.0,0.0,0.0,0.0,0.0,0.0,0.0,0.0,0.0,0.0,0.0,0.0,0.0,0.0,0.0,0.0,0.0,0.0,0.0,0.0,0.001982461325005354,-0.0019824613250053165,0.0016255053253704267
93,0,0,0.983973998177994,0.043654898181010766,-0.04365489818101086,0.04164681458257848,-0.04164681458257857,0.0,0.0,0.0,0.0,0.0,0.0,0.005099828187087507,-0.00509982818708752,0.0021696913898721897,-0.002169691389872146,0.0032228198570174236,-0.003222819857017444,0.0,0.0,0.0,0.0,0.0,0.0,0.0,0.0,0.0018263766476467975,-0.0018263766476467407,0.0,0.0,0.0,0.0,0.0,0.0,0.0,0.0,0.0,0.0,0.0,0.0,0.0,0.0,0.0,0.0,0.0014573688326303957,-0.0014573688326304235,0.0,0.0,0.0,0.0,0.0,0.0,0.0
94,0,0,0.9832709797377274,0.03967320627886182,-0.039673206278861825,0.04126379971560536,-0.04126379971560529,0.0,0.0,0.0,0.0,0.0,0.0,0.001469382955249884,-0.001469382955249895,0.0,0.0,0.0027872070009653527,-0.0027872070009652417,0.0,0.0,0.0,0.0,0.014872725497181256,-0.014872725497181149,0.0,0.0,0.0,0.0,0.0,0.0,0.0,0.0,0.0,0.0,0.0,0.0,0.0,0.0,0.0,0.0,0.0,0.0,0.011169982974605272,-0.011169982974605277,0.0,0.0,0.0,0.0,0.0,0.0,0.0,0.0,0.0
95,0,0,0.983459089986702,0.04426780787236505,-0.04426780787236495,0.04201666436775782,-0.04201666436775782,0.0,0.0,0.0,0.0,0.0,0.0,0.003998134121979857,-0.0039981341219799136,0.0020716079820705005,-0.00207160798207053,0.0037806022143737927,-0.0037806022143738716,0.0,0.0,0.0,0.0,0.0,0.0,0.0,0.0,0.0,0.0,0.0012924222813179564,-0.001292422281318012,0.0,0.0,0.0017069561836012797,-0.001706956183601199,0.0,0.0,0.0,0.0,0.0,0.0,0.0,0.0,0.0,0.0,0.0,0.0,0.0,0.0,0.0,0.0,0.0,0.0,0.0
96,0,0,0.9863925618971042,0.043090182118985826,-0.04309018211898582,0.04176918209822081,-0.04176918209822092,0.0,0.0,0.0,0.0,0.0,0.0,0.003513563627020178,-0.003513563627020162,0.0,0.0,0.0034256222022626816,-0.003425622202262568,0.0,0.0,0.0,0.0,0.016666696055217235,-0.016666696055217253,0.0,0.0,0.0,0.0,0.0,0.0,0.0,0.0,0.0,0.0,0.0,0.0,0.0,0.0,0.0,0.0,0.0,0.0,0.011033291062719136,-0.01103329106271908,0.0,0.0,0.0,0.0,0.0,0.0,-0.00464486327150429,0.004644863271504401,0.0
97,0,0,0.9844774128880363,0.045040478366025025,-0.04504047836602493,0.04387245067591516,-0.04387245067591515,0.0,0.0,0.0,0.0,0.0,0.0,0.004119302767246307,-0.004119302767246285,0.0014244547123569151,-0.0014244547123569984,0.0032607295728587955,-0.0032607295728587886,0.0,0.0,0.0,0.0,0.0,0.0,0.0,0.0,0.0,0.0,0.0,0.0,0.0,0.0,0.0017392214096899003,-0.0017392214096897361,0.0,0.0,0.0,0.0,0.001419780827407002,-0.0014197808274070047,0.0,0.0,0.0,0.0,0.0,0.0,0.0,0.0,0.0,0.0,0.0,0.0,0.0
98,0,0,0.9840392582346216,0.04304744015653296,-0.0430474401565329,0.043093511676117864,-0.04309351167611783,0.0,0.0,0.0,0.0,0.0,0.0,0.004264065520500771,-0.00426406552050082,0.0015780048412611903,-0.0015780048412613135,0.0035225768464203586,-0.0035225768464203096,0.0,0.0,0.0,0.0,0.0,0.0,0.0,0.0,0.0,0.0,0.0,0.0,0.0,0.0,0.0,0.0,0.0,0.0,0.001251966214222494,-0.001251966214222494,0.0,0.0,0.0,0.0,0.0,0.0,0.0,0.0,0.0,0.0,0.0,0.0,0.0,0.0,0.0018097440719883442
99,1,1,0.9938951769222455,-0.21987749137531612,0.21987749137531604,-0.2026091254546246,0.20260912545462445,0.0,0.0,0.0,0.0,-0.007155627176413358,0.007155627176413391,0.0,0.0,0.0,0.0,0.0,0.0,0.0,0.0,0.0,0.0,0.0,0.0,0.0,0.0,0.0,0.0,-0.003306117510703779,0.0033061175107036954,0.0,0.0,-0.0033620203992544323,0.0033620203992544627,0.0,0.0,0.0,0.0,0.0,0.0,0.0,0.0,0.0,0.0,-0.002568068283399653,0.0025680682833996524,0.0,0.0,-0.0037062300110102422,0.003706230011010151,0.0,0.0,0.0
100,0,0,0.9845838157602284,0.044605112964277,-0.044605112964276925,0.04357783833925151,-0.043577838339251454,0.0,0.0,0.0,0.0,0.0,0.0,0.004725094421930481,-0.004725094421930476,0.0,0.0,0.0025303501664056356,-0.002530350166405594,0.0,0.0,0.0,0.0,0.0,0.0,0.0,0.0,0.0,0.0,0.0,0.0,0.0,0.0,0.0,0.0,0.0,0.0,0.0,0.0,0.002469511054318999,-0.0024695110543189883,0.0,0.0,0.0,0.0,0.0,0.0,0.0,0.0,0.0,0.0,0.0,0.0,0.0
101,0,0,0.9838947046699208,0.04371904860003688,-0.043719048600036864,0.04261838603461131,-0.04261838603461138,0.0,0.0,0.0,0.0,0.0,0.0,0.0034251749559492373,-0.003425174955949211,0.0,0.0,0.0027331704909742596,-0.0027331704909742648,0.0,0.0,0.0,0.0,0.0,0.0,0.0,0.0,0.0,0.0,0.0022595107798009445,-0.002259510779800953,0.0,0.0,0.0,0.0,0.0,0.0,0.0,0.0,0.0,0.0,0.0,0.0,0.0,0.0,0.0018477144745813745,-0.0018477144745812912,0.0,0.0,0.0,0.0,0.0,0.0,0.0
102,0,0,0.9844346032383645,0.04703224397206307,-0.04703224397206303,0.0427845082719278,-0.04278450827192781,0.0,0.0,0.0,0.0,0.0,0.0,0.003190121775047412,-0.0031901217750472783,0.002021377663032946,-0.002021377663032882,0.0019583975788625228,-0.0019583975788625718,0.0,0.0,0.0,0.0,0.0,0.0,0.0,0.0,0.0,0.0,0.0,0.0,0.0,0.0,0.0,0.0,0.0,0.0,0.0,0.0,0.0017589828300126312,-0.0017589828300125904,0.0,0.0,0.0,0.0,0.0,0.0,0.0,0.0,0.0,0.0,0.0,0.0,0.0018836627179916927
103,0,0,0.9845798823589558,0.042883884705934947,-0.042883884705934905,0.043304129475881185,-0.04330412947588113,0.0,0.0,0.0,0.0,0.0,0.0,0.0039031943997357606,-0.003903194399735807,0.0,0.0,0.003066951336265241,-0.003066951336265306,0.0,0.0,0.0,0.0,0.0,0.0,0.0,0.0,0.0,0.0,0.0,0.0,0.0,0.0,0.0,0.0,0.0,0.0,0.0024079599140154604,-0.0024079599140155302,0.0016919733530492012,-0.001691973353049253,0.0,0.0,0.0,0.0,0.0,0.0,0.0,0.0,0.0,0.0,0.0,0.0,0.0
104,1,1,0.8099950310766939,-0.025770600221663734,0.025770600221663737,-0.02487996503547501,0.024879965035475016,0.0,0.0,0.0,0.0,0.0,0.0,0.0032694641295773516,-0.0032694641295772263,0.0,0.0,0.0,0.0,0.0,0.0,0.0,0.0,0.0,0.0,0.0,0.0,0.0,0.0,0.0,0.0,0.0,0.0,0.0,0.0,-0.0021884307236285775,0.002188430723628564,0.0,0.0,0.0,0.0,0.0,0.0,0.0,0.0,0.0,0.0,0.0,0.0,0.0,0.0,0.0,0.0,0.0
105,1,1,0.8106392488803515,-0.024997301898994448,0.02499730189899433,-0.02387700354809667,0.023877003548096663,0.0,0.0,0.0,0.0,0.0,0.0,0.0038062994428038023,-0.0038062994428038053,0.0,0.0,0.0025017816411735394,-0.0025017816411735394,0.0,0.0,0.0,0.0,0.0,0.0,0.0,0.0,0.0,0.0,0.0,0.0,0.0,0.0,0.0,0.0,-0.0021425320224040595,0.0021425320224040573,0.0,0.0,0.0,0.0,0.0,0.0,0.0,0.0,0.0,0.0,0.0,0.0,0.0,0.0,0.0,0.0,0.0
106,0,0,0.9848007038479817,0.044185495091494206,-0.04418549509149424,0.04344482220012215,-0.043444822200122274,0.0,0.0,0.0,0.0,0.0,0.0,0.0039346676372246665,-0.0039346676372245684,0.002751647225840515,-0.0027516472258404543,0.003564971448314829,-0.003564971448314815,0.0,0.0,0.0,0.0,0.0,0.0,0.0,0.0,0.0,0.0,0.0,0.0,0.0012839477469954559,-0.0012839477469954478,0.0,0.0,0.0,0.0,0.0,0.0,0.0,0.0,0.0,0.0,0.0,0.0,0.0012636343207334533,-0.0012636343207333978,0.0,0.0,0.0014892002319840689,-0.001489200231984053,0.0,0.0,0.0
107,1,1,0.995690750993318,-0.22797697010885393,0.22797697010885393,-0.22714721801637688,0.22714721801637713,0.0,0.0,0.007418223592175588,-0.007418223592175588,0.0,0.0,0.0,0.0,0.0,0.0,0.0,0.0,0.0,0.0,0.0,0.0,0.0,0.0,-0.0049933166568116895,0.004993316656811999,0.0,0.0,0.0,0.0,0.009950987303182588,-0.009950987303182854,-0.004877609845659263,0.004877609845659149,0.0,0.0,0.0,0.0,0.0,0.0,0.0,0.0,0.0,0.0,0.0,0.0,0.0,0.0,0.0,0.0,0.0,0.0,0.0
108,0,0,0.983790239821221,0.04404985172904881,-0.04404985172904873,0.043075123591942766,-0.04307512359194269,0.0019213292850049437,-0.0019213292850048963,0.0,0.0,0.0,0.0,0.004047150271599957,-0.004047150271600003,0.0,0.0,0.00338711137755864,-0.003387111377558616,0.0,0.0,0.0,0.0,0.0,0.0,0.0,0.0,0.0,0.0,0.0,0.0,0.0,0.0,0.0,0.0,0.0,0.0,0.0,0.0,0.0,0.0,0.0,0.0,0.0,0.0,0.0,0.0,0.0,0.0,0.0,0.0,0.0,0.0,0.0
109,0,0,0.9847956378699914,0.043519412355112946,-0.043519412355112974,0.044104563180479464,-0.04410456318047938,0.0,0.0,0.0,0.0,0.0,0.0,0.0043471558507386454,-0.004347155850738691,0.0,0.0,0.003829561398540317,-0.003829561398540362,0.0,0.0,0.0,0.0,0.0,0.0,0.0,0.0,0.0,0.0,0.0,0.0,0.0,0.0,0.0013990105841293226,-0.0013990105841291895,0.0,0.0,0.0,0.0,0.0019408568460989417,-0.0019408568460988623,0.0,0.0,0.0,0.0,0.0,0.0,0.0,0.0,0.0,0.0,0.0,0.0,0.001799501230175836
110,1,1,0.9961495930982913,-0.22727481252775333,0.22727481252775367,-0.20439030237973643,0.20439030237973652,0.0,0.0,0.0,0.0,0.0,0.0,0.0,0.0,0.0,0.0,0.0,0.0,0.0,0.0,0.0,0.0,0.0,0.0,0.0,0.0,0.0,0.0,-0.010056236485067973,0.010056236485067952,0.0,0.0,0.0,0.0,0.0,0.0,0.0,0.0,-0.006500622219482245,0.006500622219482096,0.0,0.0,0.0,0.0,0.0,0.0,0.0,0.0,0.0,0.0,0.0,0.0,-0.013026474212498954
111,0,0,0.9844100923791694,0.04330653573632419,-0.04330653573632421,0.044357268195822426,-0.04435726819582239,0.0,0.0,0.0,0.0,0.0,0.0,0.004506768189530197,-0.0045067681895301515,0.0,0.0,0.0017542000480316722,-0.0017542000480317828,0.0,0.0,0.0,0.0,0.0,0.0,0.0,0.0,0.0,0.0,0.0,0.0,0.0,0.0,0.0,0.0,0.0,0.0,0.0,0.0,0.00228504680793329,-0.0022850468079332617,0.0,0.0,0.0,0.0,0.0,0.0,0.0,0.0,0.0,0.0,0.0014642856685982979,-0.0014642856685983141,0.0
112,0,0,0.9837232914728503,0.04509730373033094,-0.045097303730330975,0.04247026130805485,-0.04247026130805491,0.0,0.0,0.0,0.0,0.0,0.0,0.0031463021933562023,-0.003146302193356139,0.0,0.0,0.004265885274125749,-0.004265885274125653,0.0,0.0,0.0,0.0,0.0,0.0,0.0,0.0,0.0020963184319087685,-0.002096318431908721,0.0,0.0,0.0,0.0,0.001204953461251157,-0.001204953461251157,0.0,0.0,0.0,0.0,0.0014229194499469349,-0.0014229194499469839,0.0,0.0,0.0,0.0,0.0,0.0,0.0,0.0,0.0,0.0,0.0,0.0,0.001851781016789895
113,0,0,0.9843161044176493,0.04545140651715171,-0.045451406517151634,0.043838879727773394,-0.043838879727773415,0.0,0.0,0.0,0.0,0.0,0.0,0.002508839977577354,-0.0025088399775774015,0.0,0.0,0.003249169183525107,-0.003249169183525028,0.0,0.0,0.0,0.0,0.0,0.0,0.0,0.0,0.0,0.0,0.0,0.0,0.0,0.0,0.0,0.0,0.0,0.0,0.0,0.0,0.0,0.0,0.0,0.0,0.0,0.0,0.0,0.0,0.0,0.0,0.0,0.0,0.0,0.0,0.0013962806367224109
114,0,0,0.985156048345181,0.0442307960537447,-0.044230796053744664,0.04284978428994499,-0.042849784289945125,0.0,0.0,0.0,0.0,0.0,0.0,0.002923845979859661,-0.002923845979859551,0.0,0.0,0.00320768458460532,-0.0032076845846052715,0.0,0.0,0.0,0.0,0.0,0.0,0.0,0.0,0.0,0.0,0.0,0.0,0.0,0.0,0.0,0.0,0.0,0.0,0.0,0.0,0.002774869596069532,-0.00277486959606958,0.0,0.0,0.0,0.0,0.0,0.0,0.0,0.0,0.0,0.0,0.0,0.0,0.002321105690343089
115,1,1,0.9955031871813308,-0.22478510506996913,0.22478510506996913,-0.22069530649712954,0.2206953064971295,0.0,0.0,0.0,0.0,0.0,0.0,0.0,0.0,0.0,0.0,0.010700593945925072,-0.010700593945924911,0.0,0.0,0.0,0.0,-0.009839032525455095,0.00983903252545506,0.0,0.0,0.0,0.0,0.0,0.0,0.0,0.0,0.0,0.0,0.0,0.0,0.0,0.0,0.010549941976407797,-0.010549941976407991,0.0,0.0,-0.006200001265127825,0.006200001265127922,0.0,0.0,0.0,0.0,0.0,0.0,0.0,0.0,0.0
116,0,0,0.9847555332800612,0.04310028159545332,-0.04310028159545337,0.04258148351118849,-0.04258148351118844,0.0,0.0,0.0,0.0,0.0,0.0,0.003581515410845017,-0.0035815154108450016,0.0,0.0,0.0026884316102276746,-0.002688431610227637,0.0,0.0,0.0,0.0,0.0,0.0,0.0,0.0,0.0,0.0,0.0,0.0,0.0,0.0,0.0,0.0,0.0,0.0,0.0,0.0,0.002245579628437252,-0.002245579628437287,0.0,0.0,0.0,0.0,0.0,0.0,0.0,0.0,0.0,0.0,0.0,0.0,0.0
117,0,0,0.9848338853034672,0.045370205501598204,-0.04537020550159813,0.042635580113535736,-0.0426355801135356,0.0,0.0,0.001470556980869751,-0.0014705569808697036,0.0,0.0,0.004112707533522564,-0.004112707533522644,0.0,0.0,0.003225113451145804,-0.003225113451145852,0.0,0.0,0.0,0.0,0.0,0.0,0.0,0.0,0.0,0.0,0.0,0.0,0.0,0.0,0.0,0.0,0.0,0.0,0.0,0.0,0.0,0.0,0.0,0.0,0.0,0.0,0.0,0.0,0.0,0.0,0.0,0.0,0.0,0.0,0.0
118,0,0,0.9833491848825667,0.04343419603391849,-0.04343419603391855,0.04262896903261167,-0.042628969032611715,0.0,0.0,0.0,0.0,0.0,0.0,0.0025730597116367057,-0.0025730597116367013,0.0,0.0,0.0,0.0,0.0,0.0,0.0,0.0,0.0,0.0,0.0,0.0,0.0034986201038969527,-0.00349862010389689,-0.0069041783408451685,0.0069041783408450574,0.0,0.0,0.0,0.0,0.0,0.0,0.0,0.0,0.0,0.0,0.0,0.0,0.0,0.0,0.0,0.0,0.0,0.0,0.0,0.0,0.0,0.0,0.0
119,0,0,0.9847532208044252,0.04244015443358882,-0.042440154433588895,0.04332081259489677,-0.04332081259489679,0.0,0.0,0.0,0.0,0.0,0.0,0.002708182045035334,-0.0027081820450353556,0.0,0.0,0.0024773550738557055,-0.0024773550738557263,0.0018926444289825428,-0.0018926444289827093,0.0,0.0,0.0,0.0,0.0,0.0,0.0,0.0,0.0,0.0,0.0,0.0,0.0,0.0,0.0,0.0,0.0,0.0,0.0,0.0,0.0,0.0,0.0,0.0,0.0,0.0,0.0,0.0,0.0,0.0,0.0,0.0,0.002632101528667662
120,1,1,0.5082831627236963,0.0,0.0,0.0,0.0,0.0,0.0,0.0,0.0,0.0,0.0,0.003063976586900284,-0.003063976586900425,0.0,0.0,0.0,0.0,0.0,0.0,0.0,0.0,0.0,0.0,0.0,0.0,0.0,0.0,0.0,0.0,0.0,0.0,0.0,0.0,0.005489117864120648,-0.00548911786412061,0.0,0.0,0.0,0.0,0.0,0.0,0.0,0.0,0.0,0.0,0.0,0.0,0.0,0.0,0.0,0.0,0.0038643728067851036
121,0,0,0.9854401080593584,0.04461608282478457,-0.044616082824784485,0.04193902959701347,-0.04193902959701353,0.0,0.0,0.0,0.0,0.0,0.0,0.003114397521559007,-0.0031143975215591666,0.002396874174630929,-0.0023968741746309232,0.0025852726032230353,-0.0025852726032229035,0.0,0.0,0.0,0.0,0.0,0.0,0.0,0.0,0.0,0.0,0.0,0.0,0.0,0.0,0.0,0.0,0.0,0.0,0.0,0.0,0.0,0.0,0.0,0.0,0.0,0.0,0.0,0.0,0.0,0.0,0.0,0.0,0.0,0.0,0.002455625789762371
122,0,0,0.9846853428061613,0.04287586957127012,-0.04287586957127015,0.04317529725416501,-0.04317529725416493,0.0,0.0,0.0,0.0,0.0,0.0,0.004136814574021805,-0.00413681457402177,0.0021721048398135817,-0.002172104839813547,0.0028941909436897804,-0.0028941909436897826,0.0,0.0,0.0,0.0,0.0023554376118334053,-0.002355437611833521,0.0,0.0,0.0,0.0,0.0,0.0,0.0,0.0,0.0,0.0,0.0,0.0,0.0,0.0,0.0,0.0,0.0,0.0,0.0,0.0,0.0,0.0,0.0,0.0,0.0,0.0,0.0,0.0,0.0
123,0,0,0.9845152008907164,0.045321373931398665,-0.0453213739313987,0.04380348730422081,-0.04380348730422082,0.0,0.0,0.0,0.0,0.0,0.0,0.00323236888224419,-0.0032323688822440996,0.0,0.0,0.003458595156013955,-0.0034585951560138313,0.0,0.0,0.0,0.0,0.0,0.0,0.0,0.0,0.0016928049230666544,-0.0016928049230665984,0.0,0.0,0.0,0.0,0.0013752925349603817,-0.001375292534960465,0.0,0.0,0.0,0.0,0.0,0.0,0.0,0.0,0.0,0.0,0.0,0.0,0.0,0.0,0.0,0.0,0.0,0.0,0.001987779164113598
124,0,0,0.9837618004181765,0.04437011953970126,-0.04437011953970125,0.041901008204104605,-0.04190100820410443,0.0,0.0,0.0,0.0,0.0,0.0,0.003012002873598065,-0.0030120028735982998,0.002209261572137145,-0.0022092615721371407,0.003156361826622613,-0.003156361826622613,0.0,0.0,0.0,0.0,0.0,0.0,0.0,0.0,0.0,0.0,0.0,0.0,0.0,0.0,0.0,0.0,0.0,0.0,0.0,0.0,0.0014465821962844905,-0.001446582196284546,0.0,0.0,0.0,0.0,0.0,0.0,0.0,0.0,0.0,0.0,0.0,0.0,0.0020380711390446103
125,0,0,0.9833064006123333,0.042038485982806725,-0.042038485982806774,0.03984625505531683,-0.039846255055316755,0.0,0.0,0.0,0.0,0.0,0.0,0.0,0.0,0.0,0.0,0.0017387794118281284,-0.0017387794118280426,0.0,0.0,0.0,0.0,0.0,0.0,0.0,0.0,0.003451669983643075,-0.003451669983643053,0.0,0.0,0.0,0.0,0.0,0.0,0.0,0.0,0.0,0.0,0.0,0.0,0.0031331229691944867,-0.0031331229691945587,0.0,0.0,0.0,0.0,0.0,0.0,0.0,0.0,0.0,0.0,0.0
126,0,0,0.9846287820273879,0.0432048235390694,-0.043204823539069466,0.042286245139549275,-0.04228624513954936,0.0,0.0,0.0,0.0,0.0,0.0,0.004670566447892713,-0.004670566447892736,0.0,0.0,0.003344210721429279,-0.0033442107214292447,0.0,0.0,0.0,0.0,0.0,0.0,0.0,0.0,0.0,0.0,0.0,0.0,0.0,0.0,0.0,0.0,0.0,0.0,0.0,0.0,0.0,0.0,0.0,0.0,0.0,0.0,0.0,0.0,0.0,0.0,0.0,0.0,0.0,0.0,0.0
127,1,1,0.9930462360398841,-0.20035388290155132,0.20035388290155154,-0.19653609666217225,0.19653609666217214,0.0,0.0,0.0,0.0,0.012773516663799112,-0.012773516663799,0.0,0.0,0.0,0.0,-0.009527172374164714,0.00952717237416469,0.0,0.0,0.0,0.0,0.0,0.0,0.0,0.0,0.0,0.0,0.0,0.0,0.0,0.0,0.0,0.0,0.0,0.0,0.0,0.0,0.0,0.0,0.0,0.0,-0.007770930085911747,0.007770930085911615,0.0,0.0,0.0,0.0,0.0,0.0,0.0,0.0,0.0
128,1,1,0.995206707164037,-0.22899489148738428,0.22899489148738433,-0.2056190851566849,0.20561908515668487,0.0,0.0,-0.002293733802928674,0.0022937338029287014,0.0,0.0,0.0,0.0,0.0,0.0,-0.001280290014258778,0.001280290014258778,0.0,0.0,-0.002574443117473082,0.0025744431174729737,0.0,0.0,0.0,0.0,0.0,0.0,0.0,0.0,-0.0021193267171306872,0.002119326717130708,0.0,0.0,-0.003056093898532771,0.0030560938985329097,0.0,0.0,0.0,0.0,0.0,0.0,0.0,0.0,0.0,0.0,0.0,0.0,0.0,0.0,0.0,0.0,0.0
129,0,0,0.9845801178948552,0.04783698036470735,-0.04783698036470742,0.04284686137816749,-0.04284686137816753,0.0,0.0,0.0,0.0,0.0,0.0,0.004852891395203332,-0.004852891395203248,0.0014330209093899261,-0.0014330209093899838,0.002204722345678499,-0.0022047223456783914,0.0,0.0,0.0,0.0,0.0,0.0,0.0,0.0,0.0,0.0,0.0,0.0,0.0,0.0,0.0,0.0,0.0,0.0,0.0,0.0,0.0012439947579884203,-0.0012439947579883648,0.0,0.0,0.0,0.0,0.0,0.0,0.0,0.0,0.0013881372578104308,-0.0013881372578105095,0.0,0.0,0.0
130,0,0,0.9852501232523503,0.04381457408026647,-0.04381457408026661,0.04314088108846256,-0.043140881088462514,0.0,0.0,0.0,0.0,0.0,0.0,0.00473726851414874,-0.004737268514148656,0.0,0.0,0.002634561245349984,-0.0026345612453500572,0.0,0.0,0.0,0.0,0.0,0.0,0.0,0.0,0.0,0.0,0.0,0.0,0.0,0.0,0.0016986314298625405,-0.0016986314298626515,0.0,0.0,0.0,0.0,0.0018087008112193023,-0.0018087008112192045,0.0,0.0,0.0,0.0,0.0,0.0,0.0,0.0,0.0,0.0,0.0,0.0,0.0
131,0,0,0.9844150098016906,0.043327091136831364,-0.04332709113683154,0.04257974864223744,-0.04257974864223744,0.0,0.0,0.0,0.0,0.0,0.0,0.004900669067633533,-0.004900669067633595,0.0,0.0,0.0020952025037690863,-0.0020952025037691588,0.0,0.0,0.0,0.0,0.0,0.0,0.0,0.0,0.0,0.0,0.0,0.0,0.0,0.0,0.0,0.0,0.0,0.0,0.0,0.0,0.002372570353832989,-0.002372570353832929,0.0,0.0,0.0,0.0,0.0,0.0,0.0,0.0,0.0,0.0,0.0,0.0,0.0
132,0,0,0.9843905625592244,0.04456665846709715,-0.04456665846709709,0.04297552255033104,-0.04297552255033097,0.0,0.0,0.0,0.0,0.0,0.0,0.003651236557371957,-0.003651236557371991,0.0021429546148219562,-0.0021429546148219298,0.004290090634541979,-0.004290090634541958,0.0,0.0,0.0,0.0,0.0,0.0,0.0,0.0,0.0,0.0,0.0,0.0,0.0,0.0,0.0017646026253600898,-0.0017646026253601544,0.0,0.0,0.0,0.0,0.0,0.0,0.0,0.0,0.0,0.0,0.0,0.0,0.0,0.0,0.0,0.0,0.0,0.0,0.0
133,0,0,0.9835638355035299,0.04436188006172173,-0.04436188006172172,0.04324725019251049,-0.04324725019251049,0.0,0.0,0.0,0.0,0.0,0.0,0.00432076792566452,-0.004320767925664585,0.0,0.0,0.002725515928648216,-0.0027255159286481987,0.0,0.0,0.0,0.0,0.0,0.0,0.0,0.0,0.0,0.0,0.0012879170226230696,-0.0012879170226230974,0.0,0.0,0.0,0.0,0.0,0.0,0.0,0.0,0.0,0.0,0.0,0.0,0.0,0.0,0.0,0.0,0.0011217371991147506,-0.0011217371991146608,0.0013682173385423599,-0.0013682173385424262,0.0015648551279500596,-0.0015648551279500605,0.0
134,0,0,0.984934669823477,0.04421041640507082,-0.04421041640507069,0.04238816355772773,-0.04238816355772767,0.0,0.0,0.0,0.0,0.0,0.0,0.004093144971136383,-0.004093144971136375,0.0023262565196447193,-0.0023262565196446963,0.0029266671644382187,-0.0029266671644382425,0.0,0.0,0.0,0.0,0.0,0.0,0.0,0.0,0.0,0.0,0.0,0.0,0.0,0.0,0.0,0.0,0.0,0.0,0.0,0.0,0.0,0.0,0.0,0.0,0.0,0.0,0.0,0.0,0.0,0.0,0.0,0.0,0.0,0.0,0.0
135,0,0,0.9839791862620623,0.04398948257124526,-0.04398948257124518,0.04216641383965425,-0.04216641383965417,0.0,0.0,0.0,0.0,0.0,0.0,0.003964272262882027,-0.003964272262882055,0.0013996541418146778,-0.0013996541418147136,0.002813542614989497,-0.0028135426149895016,0.0,0.0,0.0,0.0,0.0,0.0,0.0,0.0,0.0,0.0,0.0,0.0,0.0,0.0,0.0,0.0,0.0,0.0,0.0,0.0,0.0,0.0,0.0,0.0,0.0,0.0,0.0,0.0,0.0,0.0,0.0,0.0,0.0,0.0,0.0
136,0,0,0.9844495389400917,0.045635963039511805,-0.04563596303951179,0.0426807628366648,-0.04268076283666469,0.0,0.0,0.0,0.0,0.0,0.0,0.004412875829382674,-0.004412875829382693,0.0,0.0,0.002234554149297118,-0.0022345541492970727,0.0,0.0,0.0,0.0,0.0,0.0,0.0,0.0,0.0,0.0,0.0,0.0,0.0,0.0,0.0017194205053843274,-0.0017194205053843445,0.0,0.0,0.0,0.0,0.0012375570984271556,-0.0012375570984272666,0.0,0.0,0.0,0.0,0.0,0.0,0.0,0.0,0.0,0.0,0.0,0.0,0.0
137,0,0,0.9840975047216187,0.04436332905990756,-0.04436332905990755,0.04156281175592754,-0.04156281175592746,0.0,0.0,0.0,0.0,0.0,0.0,0.0031297382708687536,-0.0031297382708688347,0.0022025537472998946,-0.0022025537472999497,0.002527273818756383,-0.0025272738187563744,0.0,0.0,0.0,0.0,0.0,0.0,0.0,0.0,0.0,0.0,0.0,0.0,0.0,0.0,0.0,0.0,0.0,0.0,0.0,0.0,0.0,0.0,0.0,0.0,0.0,0.0,0.0,0.0,0.0,0.0,0.0,0.0,0.0,0.0,0.0019944405320694303
138,0,0,0.983470827234177,0.04425040579781332,-0.044250405797813336,0.04401366240199456,-0.044013662401994565,0.0,0.0,0.0,0.0,0.0,0.0,0.003854172599802266,-0.0038541725998022017,0.0,0.0,0.002728210122885764,-0.0027282101228856687,0.0,0.0,0.0,0.0,0.0,0.0,0.0,0.0,0.0,0.0,0.0,0.0,0.0,0.0,0.0019489638252157,-0.0019489638252156024,0.0,0.0,0.0011969156024649735,-0.001196915602465038,0.0,0.0,0.0,0.0,0.0,0.0,0.0,0.0,0.0,0.0,0.0,0.0,0.001323215788618843,-0.0013232157886188753,0.0
139,1,1,0.9960157765098682,-0.20655861218796012,0.20655861218796004,-0.20569899804110967,0.2056989980411097,0.0,0.0,0.0,0.0,0.0,0.0,0.0,0.0,0.0,0.0,0.0,0.0,0.0,0.0,0.0,0.0,0.0,0.0,0.0,0.0,0.0,0.0,0.0,0.0,0.0,0.0,0.0,0.0,0.0,0.0,-0.004415804345355082,0.004415804345355069,0.0,0.0,0.0,0.0,0.0,0.0,0.0,0.0,0.0,0.0,-0.005161802556139086,0.005161802556139015,-0.004323718159508605,0.004323718159508494,-0.012199199287230685
140,0,0,0.9854376984962333,0.044124641670087464,-0.04412464167008742,0.044458528470990855,-0.04445852847099076,0.0,0.0,0.0,0.0,0.0,0.0,0.002168953938351728,-0.002168953938351774,0.002572322666397631,-0.0025723226663977483,0.003839701507517781,-0.0038397015075177154,0.0,0.0,0.0,0.0,0.0,0.0,0.0,0.0,0.0,0.0,0.0016264458045841038,-0.0016264458045840353,0.0,0.0,0.0,0.0,0.0,0.0,0.0,0.0,0.0022070079268472647,-0.002207007926847252,0.0,0.0,0.0,0.0,0.0,0.0,0.0,0.0,0.0,0.0,0.0,0.0,0.0
141,0,0,0.9845547786896495,0.04425304045007323,-0.04425304045007321,0.041646263457315,-0.04164626345731502,0.0,0.0,0.0,0.0,0.0,0.0,0.002524859305098498,-0.0025248593050985453,0.0,0.0,0.003105208370558651,-0.003105208370558704,0.0,0.0,0.0,0.0,0.0,0.0,0.0,0.0,0.0,0.0,0.0,0.0,0.0,0.0,0.0016364614310438452,-0.0016364614310438175,0.0,0.0,0.0,0.0,0.002261899635385692,-0.0022618996353857674,0.0,0.0,0.0,0.0,0.0,0.0,0.0,0.0,0.0,0.0,0.0,0.0,0.0
142,1,1,0.992565498084472,-0.19463974903158765,0.19463974903158765,-0.18856770104227955,0.18856770104227938,0.0,0.0,0.0,0.0,0.0,0.0,0.0,0.0,0.0,0.0,0.0,0.0,0.0,0.0,0.0,0.0,-0.001252358968139209,0.0012523589681392483,-0.002485434765571304,0.0024854347655712153,0.0,0.0,0.0,0.0,0.0,0.0,0.0,0.0,0.0,0.0,0.0,0.0,0.0,0.0,0.0,0.0,0.0,0.0,0.0,0.0,0.0,0.0,-0.003689080854915191,0.003689080854915352,0.0,0.0,0.0
143,0,0,0.9848513697180118,0.04370258025609346,-0.04370258025609349,0.04297844380636712,-0.04297844380636709,0.0,0.0,0.0,0.0,0.0,0.0,0.003941978500379909,-0.003941978500379823,0.0,0.0,0.0024775061662671667,-0.0024775061662672283,0.0,0.0,0.0,0.0,0.0,0.0,0.0,0.0,0.0,0.0,0.0,0.0,0.0,0.0,0.0,0.0,0.0,0.0,0.0,0.0,0.0023138170243264576,-0.002313817024326454,0.0,0.0,0.0,0.0,0.0,0.0,0.0,0.0,0.0,0.0,0.0,0.0,0.001757741142222713
144,0,0,0.9844006456726687,0.0451799409990346,-0.04517994099903466,0.042216469581626656,-0.04221646958162658,0.0,0.0,0.0,0.0,0.0,0.0,0.002881993482836053,-0.0028819934828360244,0.0,0.0,0.003874347352133237,-0.003874347352133266,0.0,0.0,0.0,0.0,0.0,0.0,0.0,0.0,0.0,0.0,0.0019919324075357995,-0.001991932407535791,0.0,0.0,0.002468704917677613,-0.0024687049176776773,0.0,0.0,0.0,0.0,0.00293512965443705,-0.0029351296544370556,0.0,0.0,0.0,0.0,0.0,0.0,0.0,0.0,0.0,0.0,0.0,0.0,0.0
145,0,0,0.9839091786081361,0.044819329465606794,-0.044819329465606794,0.04140823861456392,-0.04140823861456404,0.0,0.0,0.0,0.0,0.0,0.0,0.004336882998663033,-0.004336882998663009,0.002803712718825282,-0.0028037127188251625,0.0019762585585456796,-0.0019762585585456943,0.0,0.0,0.0,0.0,0.0,0.0,0.0,0.0,0.0,0.0,0.0,0.0,0.0,0.0,0.0019623217381595556,-0.00196232173815965,0.0,0.0,0.0,0.0,0.0,0.0,0.0,0.0,0.0,0.0,0.0,0.0,0.0,0.0,0.0,0.0,0.0,0.0,0.0
146,1,1,0.8408669865897613,-0.017874816452786168,0.017874816452786227,-0.01904024111097174,0.0190402411109717,0.0,0.0,0.0,0.0,0.0,0.0,0.0,0.0,0.0,0.0,0.0,0.0,0.0,0.0,0.0,0.0,0.0,0.0,-0.009342681647718454,0.009342681647718454,-0.0126771485980435,0.0126771485980435,0.0,0.0,0.0,0.0,0.0,0.0,0.0,0.0,0.0,0.0,0.0,0.0,0.0,0.0,0.0,0.0,0.0,0.0,0.0,0.0,0.0,0.0,0.0,0.0,0.0
147,0,0,0.9847961107428841,0.045024870409096335,-0.045024870409096404,0.04254956083022374,-0.042549560830223786,0.0,0.0,0.0,0.0,0.0,0.0,0.004189052816272539,-0.004189052816272574,0.002481767721959928,-0.0024817677219598493,0.0029809805835798713,-0.0029809805835798986,0.0013580206157094196,-0.0013580206157093435,0.0,0.0,0.0,0.0,0.0,0.0,0.0,0.0,0.0,0.0,0.0,0.0,0.0,0.0,0.0,0.0,0.0,0.0,0.0021608988894953173,-0.0021608988894952995,0.0,0.0,0.0,0.0,0.0,0.0,0.0,0.0,0.0,0.0,0.0,0.0,0.0
148,0,0,0.9843958850517299,0.0455764603284949,-0.045576460328494946,0.043318502350642565,-0.043318502350642614,0.0,0.0,0.0,0.0,0.0,0.0,0.003234219836482833,-0.003234219836482892,0.0018503044131220666,-0.001850304413122073,0.002162732203085105,-0.0021627322030851183,0.0,0.0,0.0,0.0,0.0,0.0,0.0,0.0,0.0,0.0,0.0,0.0,0.0,0.0,0.00151163545451101,-0.0015116354545110094,0.0,0.0,0.0,0.0,0.0,0.0,0.0,0.0,0.0,0.0,0.0,0.0,0.0,0.0,0.0,0.0,0.0,0.0,0.0
149,1,1,0.8110432454013788,-0.023235000391074973,0.023235000391074994,-0.022419744377898326,0.022419744377898215,0.0,0.0,-0.0012459885777344702,0.0012459885777345516,0.0,0.0,0.0035081223713693977,-0.003508122371369385,0.0,0.0,0.0,0.0,0.0,0.0,0.0,0.0,0.0,0.0,0.0,0.0,0.0,0.0,0.0,0.0,0.0,0.0,0.0,0.0,-0.0021782640978389193,0.002178264097838938,0.0,0.0,0.0,0.0,0.0,0.0,0.0,0.0,0.0,0.0,0.0,0.0,0.0,0.0,0.0,0.0,0.0
150,0,0,0.9845720157977627,0.04532618297864031,-0.04532618297864031,0.04158138698504014,-0.04158138698504012,0.0,0.0,0.0,0.0,0.0,0.0,0.0041951103246271795,-0.004195110324627242,0.0,0.0,0.0038558575437161896,-0.0038558575437161605,0.0,0.0,0.0,0.0,0.0,0.0,0.0,0.0,0.0,0.0,0.0016162728275973329,-0.0016162728275972722,0.0,0.0,0.0,0.0,0.0,0.0,0.0,0.0,0.0,0.0,0.0,0.0,0.0,0.0,0.0017766871227707273,-0.0017766871227706052,0.0,0.0,0.0,0.0,0.0,0.0,0.0
151,0,0,0.9848576142569527,0.0451439070028763,-0.04514390700287628,0.0421574368625643,-0.04215743686256442,0.0,0.0,0.0,0.0,0.0,0.0,0.004527740983030515,-0.0045277409830305065,0.001821507262769707,-0.0018215072627697571,0.003271551810024879,-0.0032715518100249297,0.0,0.0,0.0,0.0,0.0,0.0,0.0,0.0,0.0015696387959642747,-0.0015696387959642404,0.0,0.0,0.0,0.0,0.0,0.0,0.0,0.0,0.0,0.0,0.0,0.0,0.0,0.0,0.0,0.0,0.0,0.0,0.0,0.0,0.0,0.0,0.0,0.0,0.0
152,0,0,0.983923206212636,0.04557973433463562,-0.045579734334635864,0.042212364551948885,-0.04221236455194902,0.0,0.0,0.0,0.0,0.0,0.0,0.004280036631229571,-0.004280036631229537,0.0011715426968383347,-0.0011715426968383347,0.003702707132722343,-0.0037027071327223127,0.0,0.0,0.0,0.0,0.0,0.0,0.0,0.0,0.0,0.0,0.0,0.0,0.0,0.0,0.0010911111092489919,-0.0010911111092489416,0.0,0.0,0.0,0.0,0.0015128762858757634,-0.0015128762858756806,0.0,0.0,0.0,0.0,0.0,0.0,0.0,0.0,0.0,0.0,0.0,0.0,0.0
153,0,0,0.9839543502817817,0.04564458642537772,-0.04564458642537775,0.042158107856579405,-0.042158107856579426,0.0,0.0,0.0,0.0,0.0,0.0,0.003806153543196869,-0.003806153543196812,0.001885173506625636,-0.001885173506625655,0.0037105832327753944,-0.0037105832327753666,0.0,0.0,0.0,0.0,0.0,0.0,0.0,0.0,0.0019857822342428766,-0.001985782234242856,0.0,0.0,0.0,0.0,0.001739307859445427,-0.0017393078594454825,0.0,0.0,0.0,0.0,0.0,0.0,0.0,0.0,0.0,0.0,0.0,0.0,0.0,0.0,0.0,0.0,0.0,0.0,0.0020152412172663656
154,0,0,0.984498896332741,0.04442640562679429,-0.044426405626794195,0.040880901589275806,-0.040880901589275806,0.0,0.0,0.0,0.0,0.0,0.0,0.004377363533086173,-0.00437736353308609,0.0,0.0,0.0027180262267488355,-0.0027180262267489453,0.0,0.0,0.0,0.0,0.0,0.0,0.0,0.0,0.0,0.0,0.0,0.0,0.0,0.0,0.0021622426418608505,-0.0021622426418608405,0.0,0.0,0.0,0.0,0.0,0.0,0.0,0.0,0.0,0.0,0.0,0.0,0.0,0.0,0.0,0.0,0.0,0.0,0.0
155,0,0,0.9839410052615687,0.04356212486203191,-0.04356212486203201,0.04337584100093517,-0.04337584100093515,0.0,0.0,0.0,0.0,0.0,0.0,0.004036895992803633,-0.004036895992803666,0.0,0.0,0.0035511203413703903,-0.003551120341370384,0.0,0.0,0.0,0.0,0.0,0.0,0.0,0.0,0.0,0.0,0.0,0.0,0.0,0.0,0.0,0.0,0.0,0.0,0.0,0.0,0.0017811397333235136,-0.0017811397333235665,0.0,0.0,0.0,0.0,0.0,0.0,0.0,0.0,0.0,0.0,0.0,0.0,0.0018288388956899321
156,0,0,0.984550488269627,0.04470406408779814,-0.04470406408779803,0.04319994284789088,-0.04319994284789086,0.0,0.0,0.0,0.0,0.0,0.0,0.003829855925988918,-0.003829855925989053,0.001513927316419477,-0.0015139273164195084,0.0038597938325620187,-0.0038597938325620447,0.0,0.0,0.0,0.0,0.0,0.0,0.0,0.0,0.0016331338769970411,-0.0016331338769970385,0.0,0.0,0.0,0.0,0.0,0.0,0.0,0.0,0.0,0.0,0.0,0.0,0.0,0.0,0.0,0.0,0.0,0.0,0.0,0.0,0.0,0.0,0.0,0.0,0.0
157,0,0,0.9848294746970996,0.04356833662833542,-0.0435683366283353,0.04142632841322929,-0.0414263284132292,0.0,0.0,0.0,0.0,0.0,0.0,0.003215987666943939,-0.003215987666944031,0.0,0.0,0.0032153955430988665,-0.0032153955430989766,0.0,0.0,0.0,0.0,0.0,0.0,0.0,0.0,0.0,0.0,0.0,0.0,0.0,0.0,0.0,0.0,0.0,0.0,0.0,0.0,0.0020139567442779304,-0.002013956744277982,0.0,0.0,0.0,0.0,0.0,0.0,0.0,0.0,0.0,0.0,0.0,0.0,0.0
158,0,0,0.9856093516866842,0.04434352283705498,-0.04434352283705494,0.04296816226238092,-0.04296816226238086,0.0,0.0,0.0,0.0,0.0,0.0,0.004165942550515175,-0.00416594255051511,0.0,0.0,0.003950239070657026,-0.003950239070656875,0.0,0.0,0.0,0.0,0.0,0.0,0.0,0.0,0.0015313750076502333,-0.0015313750076502571,0.0,0.0,0.0,0.0,0.0,0.0,0.0,0.0,0.0,0.0,0.0018818303825614336,-0.0018818303825614744,0.0,0.0,0.0,0.0,0.0,0.0,0.0,0.0,0.0,0.0,0.0018884391307182914,-0.0018884391307183392,0.0
159,1,1,0.9961659791108087,-0.2174252037379743,0.21742520373797405,-0.20626541860255543,0.2062654186025553,0.0,0.0,0.0,0.0,0.0,0.0,0.0,0.0,0.0,0.0,0.0,0.0,0.0,0.0,0.0,0.0,0.031419309348335055,-0.03141930934833492,0.014146137377846757,-0.014146137377846646,0.0,0.0,0.0,0.0,0.0,0.0,0.0,0.0,0.0,0.0,0.0,0.0,0.0,0.0,0.0,0.0,0.0,0.0,-0.02010216249479245,0.020102162494792374,0.0,0.0,0.0,0.0,-0.014955250814983929,0.014955250814983953,-0.016299333135852263
160,1,1,0.9945350943399491,-0.21900513405859892,0.21900513405859895,-0.21601199383211706,0.21601199383211692,0.0,0.0,0.0,0.0,0.0,0.0,0.0,0.0,0.0,0.0,0.0,0.0,0.0,0.0,0.0,0.0,0.0,0.0,0.0,0.0,-0.007587212795011071,0.007587212795011199,0.0,0.0,-0.007933661585429087,0.007933661585429009,0.0,0.0,0.0,0.0,0.0,0.0,0.0,0.0,0.0,0.0,0.0,0.0,0.0,0.0,0.0,0.0,0.0,0.0,0.0,0.0,0.0
161,0,0,0.9847575212555796,0.04223719502482566,-0.042237195024825744,0.042880443102520226,-0.04288044310252017,0.0,0.0,0.0,0.0,0.0,0.0,0.0036090543102348395,-0.0036090543102347303,0.002634290214485405,-0.0026342902144853896,0.002606885262601451,-0.0026068852626014646,0.0,0.0,0.0,0.0,0.0,0.0,0.0,0.0,0.0,0.0,0.0,0.0,0.0,0.0,0.0,0.0,0.0,0.0,0.0,0.0,0.0026844684662007045,-0.002684468466200654,0.0,0.0,0.0,0.0,0.0,0.0,0.0,0.0,0.0,0.0,0.0,0.0,0.0
162,1,1,0.9956869144969237,-0.23235097744382474,0.23235097744382469,-0.22713377054752648,0.22713377054752645,0.0,0.0,0.0,0.0,0.0,0.0,0.0,0.0,0.0,0.0,0.0,0.0,0.0,0.0,-0.0016492960412730754,0.0016492960412732105,0.0,0.0,0.0,0.0,0.0,0.0,0.0,0.0,-0.0028508230203197083,0.0028508230203194624,-0.0025883266717248807,0.0025883266717248994,-0.0036860576948461133,0.003686057694846017,0.0,0.0,0.012506945926586854,-0.012506945926586743,0.0,0.0,0.0,0.0,0.0,0.0,0.0,0.0,0.0,0.0,0.0,0.0,0.0
163,0,0,0.9843846695153297,0.043558899457513914,-0.04355889945751399,0.04206868539642685,-0.04206868539642687,0.0,0.0,0.0,0.0,0.0,0.0,0.003426074644152704,-0.0034260746441526794,0.0,0.0,0.0032688814578112264,-0.0032688814578112433,0.0,0.0,0.0,0.0,0.0,0.0,0.0,0.0,0.0,0.0,0.0,0.0,0.0,0.0,0.0,0.0,0.0,0.0,0.0,0.0,0.0018252946458222348,-0.0018252946458221166,0.0,0.0,0.0,0.0,0.0,0.0,0.0,0.0,0.0,0.0,0.0,0.0,0.0
164,0,0,0.9838199044494644,0.044689403292462834,-0.04468940329246273,0.04202606211478413,-0.04202606211478407,0.0,0.0,0.0,0.0,0.0,0.0,0.0034597114935748167,-0.003459711493574831,0.001627429233852026,-0.0016274292338521097,0.0034840801724981777,-0.003484080172498131,0.0,0.0,0.0,0.0,0.0,0.0,0.0,0.0,0.0,0.0,0.0,0.0,0.0,0.0,0.0,0.0,0.0,0.0,0.0,0.0,0.0016469788225352833,-0.0016469788225354498,0.0,0.0,0.0,0.0,0.0,0.0,0.0,0.0,0.0,0.0,0.0,0.0,0.0017510441097537731
165,0,0,0.983522118749864,0.04421327436490752,-0.044213274364907525,0.04289126798500705,-0.04289126798500693,0.0,0.0,0.0,0.0,0.0,0.0,0.0032833418906115914,-0.0032833418906115636,0.0013620793636284205,-0.0013620793636284678,0.003442130063759199,-0.0034421300637592946,0.0,0.0,0.0,0.0,0.0,0.0,0.0,0.0,0.0,0.0,0.0,0.0,0.0,0.0,0.0,0.0,0.0,0.0,0.0,0.0,0.0013145570196141177,-0.001314557019614131,0.0,0.0,0.0,0.0,0.0,0.0,0.0,0.0,0.0,0.0,0.0,0.0,0.0
166,1,1,0.9940866034101757,-0.2134693703696658,0.21346937036966557,-0.2154639995702409,0.215463999570241,0.0,0.0,0.0,0.0,0.0,0.0,0.0,0.0,0.0,0.0,0.0,0.0,0.0,0.0,0.0,0.0,-0.003739061035379847,0.0037390610353798498,0.0,0.0,0.0,0.0,0.0,0.0,0.0,0.0,-0.0027934334674843517,0.002793433467484343,0.0,0.0,0.0,0.0,0.0,0.0,0.0,0.0,0.0,0.0,0.0,0.0,0.0,0.0,0.0,0.0,0.0,0.0,0.0
167,0,0,0.9835853974351673,0.0452272774749798,-0.04522727747497979,0.042265386122348876,-0.04226538612234864,0.0,0.0,0.0,0.0,0.0,0.0,0.0033924519116919766,-0.003392451911692017,0.0,0.0,0.003793827452434255,-0.00379382745243427,0.0,0.0,0.0,0.0,0.0,0.0,0.0,0.0,0.0011039297078924036,-0.001103929707892474,0.0,0.0,0.0,0.0,0.0,0.0,0.0,0.0,0.001214969094538526,-0.0012149690945386094,0.001703107887811315,-0.001703107887811328,0.0,0.0,0.0,0.0,0.0,0.0,0.0,0.0,0.0,0.0,0.0,0.0,0.0
168,1,1,0.9938814566172773,-0.21110856828486588,0.2111085682848657,-0.20575209426606497,0.20575209426606497,0.0,0.0,0.0,0.0,-0.002952831984299425,0.002952831984299395,-0.004309651600063695,0.00430965160006379,0.0,0.0,0.0,0.0,-0.002072724068910593,0.0020727240689108395,0.0,0.0,0.0,0.0,0.0,0.0,0.0,0.0,0.0,0.0,0.0,0.0,0.0,0.0,0.0,0.0,0.0,0.0,0.0,0.0,0.0,0.0,0.0,0.0,0.0,0.0,0.0,0.0,0.0,0.0,0.0,0.0,-0.0016257573072643305
169,0,0,0.9850257810709248,0.04517394446073618,-0.04517394446073625,0.044101712477846534,-0.04410171247784647,0.0,0.0,0.0,0.0,0.0,0.0,0.004979835006913104,-0.004979835006913107,0.0014788473553722502,-0.001478847355372249,0.003130910805056187,-0.003130910805056207,0.0,0.0,0.0,0.0,0.0,0.0,0.0,0.0,0.0,0.0,0.0,0.0,0.0,0.0,0.0,0.0,0.0,0.0,0.0,0.0,0.0,0.0,0.0,0.0,0.0,0.0,0.0,0.0,0.0,0.0,0.0,0.0,0.0,0.0,0.0
170,1,1,0.996203397117416,-0.22327736998157596,0.2232773699815759,-0.2068638829247501,0.20686388292475003,0.0,0.0,0.0,0.0,0.0,0.0,0.0,0.0,0.0,0.0,0.0,0.0,0.0,0.0,0.0,0.0,0.0,0.0,0.0,0.0,0.0,0.0,0.0,0.0,0.0,0.0,0.0,0.0,0.0,0.0,0.0,0.0,0.0,0.0,0.0,0.0,0.0,0.0,0.0,0.0,0.0,0.0,0.0,0.0,0.0,0.0,-0.017152325897980207
171,0,0,0.9847216585055939,0.04394307482045218,-0.04394307482045207,0.04327359822193346,-0.043273598221933385,0.0,0.0,0.0,0.0,0.0,0.0,0.0034680409338478497,-0.0034680409338479334,0.0018193344907154083,-0.0018193344907154983,0.0038125878132299644,-0.0038125878132300103,0.0,0.0,0.0017170265670577035,-0.0017170265670576944,0.0,0.0,0.0,0.0,0.0,0.0,0.0,0.0,0.0,0.0,0.0012862426384120662,-0.0012862426384121217,0.0,0.0,0.0,0.0,0.0,0.0,0.0,0.0,0.0,0.0,0.0,0.0,0.0,0.0,0.0,0.0,0.0,0.0,0.0
172,0,0,0.9837097991649725,0.04510445427512343,-0.04510445427512338,0.04178483004561944,-0.04178483004561946,0.0,0.0,0.0,0.0,0.0,0.0,0.00423932406285725,-0.004239324062857254,0.0017778992837051589,-0.0017778992837052675,0.002657673415179605,-0.0026576734151796135,0.0,0.0,0.0,0.0,0.0,0.0,0.0,0.0,0.0,0.0,0.0,0.0,0.0,0.0,0.0,0.0,0.0,0.0,0.0,0.0,0.0017105913381168629,-0.001710591338116847,0.0,0.0,0.0,0.0,0.0,0.0,0.0,0.0,0.0,0.0,0.0,0.0,0.0023883520822272027
173,0,0,0.983579329806195,0.04497998840124717,-0.04497998840124717,0.042792464364061006,-0.04279246436406098,0.0,0.0,0.0,0.0,0.0,0.0,0.0034388025965380203,-0.003438802596537965,0.0019826603202869777,-0.001982660320286975,0.001873588025000846,-0.0018735880250008558,0.0,0.0,0.0,0.0,0.0,0.0,0.0,0.0,0.0,0.0,0.0,0.0,0.0,0.0,0.0020207564343732182,-0.002020756434373212,0.0,0.0,0.0,0.0,0.001859591545783329,-0.0018595915457833567,0.0,0.0,0.0,0.0,0.0,0.0,0.0,0.0,0.0,0.0,0.0,0.0,0.0
174,0,0,0.9844612173398956,0.04457846801094741,-0.04457846801094737,0.041925394538957356,-0.04192539453895722,0.0,0.0,0.0,0.0,0.0,0.0,0.0030120477057670844,-0.003012047705767121,0.0,0.0,0.0022249850623252596,-0.0022249850623252865,0.0,0.0,0.0,0.0,0.0,0.0,0.0,0.0,0.0,0.0,0.0,0.0,0.0,0.0,0.0,0.0,0.0,0.0,0.0,0.0,0.0021706386291867412,-0.0021706386291868527,0.0,0.0,0.0,0.0,0.0,0.0,0.0,0.0,0.0,0.0,0.0,0.0,0.002583332473691595
175,0,0,0.9859741539847153,0.044056556682116846,-0.04405655668211682,0.04343730947710332,-0.04343730947710326,0.0,0.0,0.0,0.0,0.0,0.0,0.0036846920534929603,-0.003684692053493028,0.0,0.0,0.004150422373439305,-0.004150422373439285,0.0020978808735420407,-0.002097880873542096,0.0,0.0,0.0,0.0,0.0,0.0,0.0,0.0,0.0,0.0,0.0,0.0,0.0,0.0,0.0,0.0,0.0,0.0,0.0,0.0,0.0,0.0,0.0,0.0,0.0,0.0,0.0,0.0,0.0,0.0,0.0,0.0,0.0
176,1,1,0.8014704953676118,-0.024927308984170424,0.02492730898417049,-0.024283899131472282,0.024283899131472227,0.0,0.0,0.0,0.0,0.0,0.0,0.0,0.0,0.0,0.0,0.0,0.0,0.0,0.0,0.0,0.0,0.0,0.0,0.0,0.0,0.0,0.0,0.0,0.0,0.0,0.0,0.0,0.0,-0.0021385374687204377,0.0021385374687204035,0.0,0.0,0.0,0.0,0.0,0.0,0.0,0.0,0.0,0.0,0.0,0.0,0.0,0.0,0.0,0.0,0.0
177,0,0,0.984476794799356,0.04667812976916062,-0.04667812976916053,0.041797487975779986,-0.041797487975779944,0.0,0.0,0.0,0.0,0.0,0.0,0.005242547772481494,-0.0052425477724814505,0.0015203537667432794,-0.0015203537667433243,0.002967389286623848,-0.0029673892866239233,0.0,0.0,0.0,0.0,0.0,0.0,0.0,0.0,0.0,0.0,0.0,0.0,0.0,0.0,0.0,0.0,0.0,0.0,0.0,0.0,0.0,0.0,0.0,0.0,0.0,0.0,0.0,0.0,0.0,0.0,0.0,0.0,0.0015225236117091252,-0.0015225236117091445,0.0
178,0,0,0.98473273415119,0.044358002051364705,-0.04435800205136469,0.042282970751199904,-0.04228297075119985,0.0,0.0,0.0,0.0,0.0,0.0,0.005097478852443778,-0.005097478852443841,0.0,0.0,0.003822240672591145,-0.003822240672591117,0.0,0.0,0.0,0.0,0.0,0.0,0.0,0.0,0.0,0.0,0.0,0.0,0.0,0.0,0.0,0.0,0.0,0.0,0.0,0.0,0.001676338633603862,-0.0016763386336038344,0.0,0.0,0.0,0.0,0.0,0.0,0.0,0.0,0.0,0.0,0.0,0.0,0.0014570147455474358
179,0,0,0.9848306360268143,0.04393990948868758,-0.0439399094886876,0.04257924164374776,-0.04257924164374777,0.0,0.0,0.0,0.0,0.0018832832055087239,-0.001883283205508814,0.004111915121646607,-0.00411191512164657,0.0,0.0,0.003794626502118563,-0.003794626502118475,0.0,0.0,0.0,0.0,0.0,0.0,0.0017224210524359,-0.0017224210524359334,0.0,0.0,0.0,0.0,0.0,0.0,0.0018940235039838229,-0.0018940235039837992,0.0,0.0,0.0,0.0,0.0,0.0,0.0,0.0,0.0,0.0,0.0,0.0,0.0,0.0,0.0,0.0,0.0,0.0,0.0
180,0,0,0.9841115410928971,0.0389698062812474,-0.03896980628124746,0.0395720773919406,-0.03957207739194061,0.0,0.0,0.0,0.0,0.0,0.0,0.002017430981669288,-0.002017430981669288,0.0,0.0,0.0,0.0,0.0,0.0,0.0,0.0,0.01583053539102014,-0.015830535391020136,0.0,0.0,0.0,0.0,0.0,0.0,0.0,0.0,0.0,0.0,0.0,0.0,0.0,0.0,0.0,0.0,0.0,0.0,0.008114130059023011,-0.00811413005902293,0.0,0.0,0.0,0.0,0.0,0.0,0.0,0.0,0.0
181,1,1,0.9927307836682043,-0.2077432324589467,0.2077432324589465,-0.1971393322426679,0.19713933224266786,0.014744352783243153,-0.014744352783243375,0.0,0.0,0.0,0.0,0.0,0.0,0.0,0.0,-0.005119790737802664,0.0051197907378026505,-0.003088272276327395,0.003088272276327373,0.0,0.0,0.0,0.0,0.0,0.0,0.0,0.0,0.0,0.0,0.0,0.0,0.0,0.0,0.0,0.0,0.0,0.0,0.0,0.0,0.0,0.0,-0.0031396914006561506,0.0031396914006562413,0.0,0.0,0.0,0.0,0.0,0.0,-0.0025969802119171605,0.002596980211917441,0.0
182,0,0,0.9853932389006416,0.045588545477313815,-0.04558854547731372,0.041470837874597634,-0.041470837874597634,0.0,0.0,0.0,0.0,0.0,0.0,0.004654672952488145,-0.004654672952488017,0.0,0.0,0.0029873453838956923,-0.002987345383895752,0.0015632737448484542,-0.001563273744848475,0.0,0.0,0.0,0.0,0.0,0.0,0.0,0.0,0.0,0.0,0.0,0.0,0.0,0.0,0.0,0.0,0.0,0.0,0.0,0.0,0.0,0.0,0.0,0.0,0.0,0.0,0.0,0.0,0.0,0.0,0.0,0.0,0.0
183,0,0,0.9836403018637311,0.04447111403560891,-0.04447111403560895,0.041856879526147826,-0.04185687952614785,0.0,0.0,0.0,0.0,0.0,0.0,0.0031610301997492415,-0.003161030199749305,0.0013095315545940645,-0.001309531554594005,0.003766618051579512,-0.003766618051579456,0.0,0.0,0.0,0.0,0.0,0.0,0.0,0.0,0.001126278539365727,-0.0011262785393656716,0.0,0.0,0.0,0.0,0.0,0.0,0.0,0.0,0.0,0.0,0.00257198826850305,-0.0025719882685030946,0.0,0.0,0.0,0.0,0.0,0.0,0.0,0.0,0.0,0.0,0.0,0.0,0.0
184,0,0,0.9812889932893039,0.04042875332821297,-0.04042875332821299,0.042250457503480755,-0.0422504575034808,0.0,0.0,0.0,0.0,0.0,0.0,0.0,0.0,0.0,0.0,0.0,0.0,0.0,0.0,0.0,0.0,0.014369061293014936,-0.01436906129301487,0.0029225967078042553,-0.0029225967078042115,0.0,0.0,0.0,0.0,0.0,0.0,0.0,0.0,0.0,0.0,0.0,0.0,0.0,0.0,0.0,0.0,0.010871787480981245,-0.010871787480981372,0.0,0.0,0.0,0.0,0.0,0.0,0.0,0.0,0.0
185,1,1,0.9965855209280204,-0.22720199379496345,0.22720199379496336,-0.2186854666929556,0.21868546669295583,0.0,0.0,0.0,0.0,0.0,0.0,0.0,0.0,0.0,0.0,0.0,0.0,0.0,0.0,0.0,0.0,0.0,0.0,0.0,0.0,0.0,0.0,-0.008531508632173472,0.008531508632173413,0.0,0.0,0.0,0.0,0.0,0.0,0.0,0.0,0.0,0.0,0.0,0.0,0.0,0.0,0.0,0.0,0.0,0.0,-0.009468815972496658,0.009468815972496497,0.0,0.0,-0.004814716608504188
186,0,0,0.9855027995447397,0.04438662004144256,-0.04438662004144262,0.04365427544315651,-0.04365427544315657,0.0,0.0,0.0,0.0,0.0,0.0,0.003263657300040036,-0.0032636573000400966,0.0,0.0,0.003383417709816173,-0.003383417709816035,0.0,0.0,0.0,0.0,0.0,0.0,0.0,0.0,0.0,0.0,0.0,0.0,0.0,0.0,0.0,0.0,0.0,0.0,0.0,0.0,0.002072146566873372,-0.0020721465668733802,0.0,0.0,0.0,0.0,0.0,0.0,0.0,0.0,0.0,0.0,0.0,0.0,0.0
187,0,0,0.9853521976416647,0.04396728668540128,-0.04396728668540128,0.044071882921546485,-0.044071882921546464,0.0,0.0,0.0,0.0,0.0,0.0,0.0030238268746582775,-0.0030238268746581583,0.0,0.0,0.0027549448363670065,-0.0027549448363669835,0.0,0.0,0.0,0.0,0.0,0.0,0.0,0.0,0.0,0.0,0.0,0.0,0.0,0.0,0.0,0.0,0.0,0.0,0.0,0.0,0.0,0.0,0.0,0.0,0.0,0.0,0.0,0.0,0.0,0.0,0.0,0.0,0.0,0.0,0.0017952830621685786
188,0,0,0.9835704464928562,0.04512801603039802,-0.04512801603039813,0.042025640693745175,-0.04202564069374528,0.0,0.0,0.0,0.0,0.0,0.0,0.0038802968948185752,-0.0038802968948184755,0.002294540623245396,-0.0022945406232453957,0.002626236813104451,-0.0026262368131044853,0.0,0.0,0.0,0.0,0.0,0.0,0.0,0.0,0.0,0.0,0.0013525858883542796,-0.0013525858883542813,0.0,0.0,0.0,0.0,0.0,0.0,0.0,0.0,0.0,0.0,0.0,0.0,0.0,0.0,0.0017227744307928522,-0.001722774430792818,0.0,0.0,0.0,0.0,0.0,0.0,0.0
189,0,0,0.9840343557913731,0.04282437894141678,-0.04282437894141676,0.04280140543366994,-0.04280140543367001,0.0,0.0,0.0,0.0,0.0,0.0,0.004608763853801324,-0.004608763853801324,0.0019439306842902444,-0.0019439306842902182,0.004345166470305316,-0.004345166470305348,0.0,0.0,0.0,0.0,0.0,0.0,0.0,0.0,0.0,0.0,0.0,0.0,0.0,0.0,0.0,0.0,0.0,0.0,0.0,0.0,0.0,0.0,0.0,0.0,0.0,0.0,0.0,0.0,0.0,0.0,0.0015027101865833503,-0.001502710186583378,0.0,0.0,0.0
190,0,0,0.9838378451780023,0.04459557023237743,-0.04459557023237736,0.041682994379370876,-0.04168299437937092,0.0,0.0,0.0,0.0,0.0,0.0,0.0028864170582347808,-0.002886417058234742,0.0,0.0,0.0035574471627427156,-0.003557447162742634,0.0,0.0,0.0,0.0,0.0,0.0,0.0,0.0,0.0,0.0,0.0,0.0,0.0,0.0,0.0,0.0,0.0,0.0,0.0,0.0,0.0017135924146437177,-0.0017135924146436722,0.0,0.0,0.0,0.0,0.001354406211364817,-0.0013544062113647892,0.0,0.0,0.0,0.0,0.0,0.0,0.0
191,0,0,0.9835680100865678,0.04594009263458501,-0.04594009263458495,0.04194215806389067,-0.0419421580638907,0.0,0.0,0.0,0.0,0.0,0.0,0.003211373925701282,-0.003211373925701293,0.0015082644065085153,-0.0015082644065084923,0.0031394886147961512,-0.0031394886147962167,0.0,0.0,0.0,0.0,0.0,0.0,0.0,0.0,0.0,0.0,0.0,0.0,0.0,0.0,0.0,0.0,0.0,0.0,0.0,0.0,0.0021653590015100737,-0.0021653590015100798,0.0,0.0,0.0,0.0,0.0,0.0,0.0,0.0,0.0,0.0,0.0,0.0,0.0
192,0,0,0.9848712572568147,0.04465933978734699,-0.04465933978734692,0.04278405221446397,-0.04278405221446399,0.0,0.0,0.0,0.0,0.0,0.0,0.004442487433624622,-0.004442487433624676,0.001270628948130594,-0.00127062894813049,0.0034940844523159375,-0.003494084452315961,0.0,0.0,0.0,0.0,0.0,0.0,0.0,0.0,0.0,0.0,0.0,0.0,0.0,0.0,0.0,0.0,0.0,0.0,0.0,0.0,0.0,0.0,0.0,0.0,0.0,0.0,0.0,0.0,0.0,0.0,0.0,0.0,0.0,0.0,0.0
193,0,0,0.9835329629849399,0.04459324428879586,-0.04459324428879584,0.041321756011671165,-0.04132175601167106,0.0,0.0,0.0,0.0,0.0011444479469147062,-0.0011444479469147617,0.003767795401618894,-0.003767795401618928,0.0,0.0,0.0035924573949606734,-0.0035924573949607437,0.0,0.0,0.0,0.0,0.0,0.0,0.0,0.0,0.0,0.0,0.0,0.0,0.0,0.0,0.0,0.0,0.0,0.0,0.0,0.0,0.001704080306106752,-0.0017040803061067855,0.0,0.0,0.0,0.0,0.0,0.0,0.0,0.0,0.0,0.0,0.0,0.0,0.0
194,0,0,0.9844557556845638,0.04331945062563229,-0.043319450625632284,0.04224089533655371,-0.042240895336553674,0.0,0.0,0.0,0.0,0.0,0.0,0.0037944933413557023,-0.0037944933413556607,0.0024868266635470746,-0.002486826663547059,0.002137047683451984,-0.002137047683452055,0.0,0.0,0.0,0.0,0.0,0.0,0.0,0.0,0.002027351511702406,-0.002027351511702425,0.0,0.0,0.0,0.0,0.0,0.0,0.0,0.0,0.0,0.0,0.0,0.0,0.0,0.0,0.0,0.0,0.0,0.0,0.0,0.0,0.0,0.0,0.0,0.0,0.0016953051948800646
195,1,1,0.8090211350562205,-0.025791353266830932,0.02579135326683095,-0.02460262218719061,0.024602622187190806,0.0023586203927498106,-0.0023586203927499216,0.0,0.0,0.0,0.0,0.00398860188093144,-0.003988601880931503,0.0,0.0,0.0,0.0,0.0,0.0,0.0,0.0,0.0,0.0,0.0,0.0,0.0,0.0,0.0,0.0,0.0,0.0,0.0,0.0,-0.001985095023978924,0.001985095023978867,0.0,0.0,0.0,0.0,0.0,0.0,0.0,0.0,0.0,0.0,0.0,0.0,0.0,0.0,0.0,0.0,0.0
196,0,0,0.9846776008787467,0.04256146539133285,-0.04256146539133285,0.04225050819725096,-0.042250508197250916,0.0,0.0,0.0,0.0,0.0,0.0,0.0033857650331362648,-0.00338576503313637,0.0028758451484557444,-0.0028758451484557006,0.003262925191754886,-0.00326292519175487,0.0,0.0,0.0,0.0,0.0,0.0,0.0,0.0,0.0,0.0,0.0,0.0,0.0,0.0,0.0020370540387008324,-0.0020370540387008597,0.0,0.0,0.0,0.0,0.0,0.0,0.0,0.0,0.0,0.0,0.0,0.0,0.0,0.0,0.0,0.0,0.0,0.0,0.0022215550675825594
197,0,0,0.9848813829996548,0.044932621818857786,-0.04493262181885781,0.042869275509296846,-0.042869275509296784,0.0,0.0,0.0,0.0,0.0,0.0,0.004442960701938396,-0.004442960701938421,0.0020841414545865987,-0.0020841414545866004,0.002481012459348962,-0.0024810124593489277,0.0,0.0,0.0,0.0,0.0,0.0,0.0,0.0,0.0,0.0,0.0,0.0,0.0,0.0,0.0,0.0,0.0,0.0,0.0,0.0,0.0021750597427147304,-0.0021750597427147257,0.0,0.0,0.0,0.0,0.0,0.0,0.0,0.0,0.0014364408020386965,-0.0014364408020387243,0.0,0.0,0.0
198,0,0,0.9852996945408765,0.04532020817018263,-0.04532020817018253,0.04360983353929921,-0.043609833539299224,0.0,0.0,0.0,0.0,0.0,0.0,0.003149854509916545,-0.0031498545099165314,0.0,0.0,0.0027738805568226794,-0.002773880556822654,0.0,0.0,0.0,0.0,0.0,0.0,0.0,0.0,0.0,0.0,0.0,0.0,0.0,0.0,0.0,0.0,0.0,0.0,0.0,0.0,0.0,0.0,0.0,0.0,0.0,0.0,0.0,0.0,0.0,0.0,0.0,0.0,0.0015942463477884887,-0.0015942463477885414,0.0016972891574698334
199,0,0,0.9834803832827047,0.043471191358715716,-0.04347119135871563,0.04254979819334837,-0.04254979819334833,0.0,0.0,0.0,0.0,0.0,0.0,0.004055380876142932,-0.004055380876142913,0.0,0.0,0.003141681621593397,-0.00314168162159344,0.0,0.0,0.0,0.0,0.0,0.0,0.0,0.0,0.0022742933377459264,-0.002274293337745975,0.0,0.0,0.0,0.0,0.0,0.0,0.0,0.0,0.0,0.0,0.0,0.0,0.0,0.0,0.0,0.0,0.0,0.0,0.0,0.0,0.0,0.0,0.0,0.0,0.0
