index,true,pred_label,pred_prob,shap_endOffset,shap_startOffset,shap_end,shap_start,shap_rBytesSum,shap_sBytesSum,shap_sPayloadSum,shap_rPayloadSum,shap_rPackets,shap_rInterPacketAvg,shap_rLoad,shap_sLoad,shap_sPackets,shap_rBytesAvg,shap_sInterPacketAvg,shap_rPayloadAvg,shap_rAckDelayAvg,shap_sAckDelayAvg,shap_rPshRate,shap_rAckDelayMax,shap_sBytesAvg,shap_duration,shap_sPayloadAvg,shap_sWinTCP,shap_rWinTCP,shap_rBytesMin,shap_sPshRate,shap_sBytesMin,shap_sAckDelayMax,shap_rBytesMax
0,Normal,Normal,0.9999421534053784,0.0,0.0,0.0,0.0,0.0,0.0,0.0,0.0,-0.00022231065046873603,0.0,0.0,0.0,0.0,0.0,0.0,0.0,0.0,0.0,0.0,0.0,0.0,0.0,0.0,0.0,0.0,-0.01267861424580022,0.0,0.0,0.0,0.0
1,Normal,Normal,0.9970332924865946,0.0,0.0,0.0,0.0,0.0,0.0,0.0,0.0,0.0,0.0,0.0,0.0,0.0,0.0,0.0,0.0,0.0,0.0,0.0,0.0,0.0,0.0,0.0,0.0,0.017729225369436795,-0.01418076372017523,0.0,0.0,0.0,0.0
2,mitm,mitm,0.999946345091725,0.0,0.0,0.0,0.0,0.0,0.0,0.0,0.0,0.0,0.0,0.0,0.0,0.0,0.0,0.0,0.0,0.0,0.0,0.0,0.0,0.0,0.0,0.0,0.0,0.0,-0.004158387771184372,0.0,0.0,0.0,0.0
3,ip-scan,ip-scan,0.4371101860311734,0.0,0.0,0.0,0.0,0.0,0.0,0.0,0.0,0.0,0.0,0.0,0.0,0.0,0.0,0.0,0.0,0.0,0.0,0.0,0.0,0.0,0.0,0.0,0.0,0.0,-0.0013001484674177613,0.0,0.0,0.0,0.0
4,Normal,Normal,0.9998081434356871,0.0,0.0,0.0,0.0,0.0,0.0,0.0,0.0,-0.00019055191741943663,0.0,0.0,0.0,0.0,0.0,0.0,0.0,0.0,0.0,0.0,0.0,0.0,0.0,0.0,0.0,0.0,-0.01469477964954775,0.0,0.0,0.0,0.0
5,ddos,ddos,0.999999996872974,0.0,0.0,0.0,0.0,0.0,0.0,0.0,0.00693306340860167,0.0,0.0,0.0,0.0,0.0,0.0,0.0,0.0,0.0,0.0,0.0,0.0,0.0,0.0,0.0,0.0,-0.09455829892506432,0.09534760997716672,-0.0004977043610148521,0.011894039113452477,0.0,-0.02265095419959917
6,Normal,Normal,0.9999661651689044,0.0,0.0,0.0,0.0,0.0,0.0,0.0,0.0,-0.00016216566149905354,0.0,0.0,0.0,0.0,0.0,0.0,0.0,0.0,0.0,0.0,0.0,0.0,0.0,0.0,0.0,0.0,-0.007522990244058116,0.0,0.0,0.0,0.0
7,Normal,Normal,0.997288962749834,0.0,0.0,0.0,0.0,0.0,0.0,0.0,0.0,0.0,0.0,0.0,0.014575917885410954,0.0,0.0,0.0,0.0,0.0,0.0,0.0,0.0,0.0,0.0,0.0,0.0,0.01276194924246968,-0.014905970564975458,0.0,0.0,0.0,0.0
8,Normal,Normal,0.9921943932569282,0.0,0.0,0.0,0.0,0.0,0.011612919325378978,0.0,0.0,0.0,0.0,0.0,0.0,0.0,0.0,0.0,0.0,0.0,0.0,0.0,0.0,0.0,0.0,0.0,0.0,0.012892476687491916,-0.015025739522382557,0.0,0.0,0.0,0.0
9,Normal,Normal,0.9991736121611824,0.0,0.0,0.0,-0.004329482343047238,0.0,0.0,0.0,0.0,0.0,0.0,0.0,0.0,0.0,0.0,0.0,0.0,0.0,0.0,0.0,0.0,0.0,0.0,0.0,0.0,0.0,-0.010177091537024393,0.0,0.0,0.0,0.0
10,Normal,Normal,0.9999507068502559,0.0,0.0,0.0,0.0,0.0,0.0,0.0,0.0,0.0,0.0,0.0,0.0,0.0,0.0,0.0,0.0,0.0,0.0,0.0,0.0,0.0,0.0,0.0,0.0,0.0,-0.010012609986355026,0.0,0.0,0.0,0.0
11,Normal,Normal,0.9998065842051851,0.0,0.0,0.0,0.0,0.0,0.0,0.0,0.0,0.0,0.0,0.0,0.0,0.0,0.0,0.0,0.0,0.0,0.0,0.0,0.0,0.0,0.0,0.0,0.0,0.0,-0.014053413092610153,0.0,0.0,0.0,0.0
12,Normal,Normal,0.9999417259997989,0.0,0.0,0.0,0.0,0.0,0.0,0.0,0.0,-0.00018869796538213517,0.0,0.0,0.0,0.0,0.0,0.0,0.0,0.0,0.0,0.0,0.0,0.0,0.0,0.0,0.0,0.0,-0.01506093395795031,0.0,0.0,0.0,0.0
13,port-scan,port-scan,0.9988956712046323,0.0,0.0,0.0,0.0,0.0,0.0,0.0,0.0,0.0,0.0,0.0,0.0,0.0,0.0,0.0,0.0,0.0,0.0,0.0,0.0,0.0,0.0,0.0,0.0,-0.11390493201689479,0.2578519593942049,-0.0007633253273051828,-0.014527854781521458,0.0,-0.08853037246346422
14,port-scan,port-scan,0.9985162280056318,0.0,0.0,0.0,0.0,0.0,0.0,0.0,0.0,0.0,0.0,0.0,0.0,0.0,0.0,0.0,0.0,0.0,0.0,0.0,0.0,0.0,0.0,0.0,0.0,-0.14614737440380396,0.305424538266992,-0.0009850492403109614,-0.005001484721509587,0.0,-0.061971048239199134
15,Normal,Normal,0.9991705178492424,0.0,0.0,0.0,0.0,0.0,0.0,0.0,0.0,0.0,0.0,0.0,0.0,0.0,0.0,0.0,0.0,0.0,0.0,0.0,0.0,0.0,0.0,0.0,0.0,0.0,-0.014872451250652403,0.0,0.0,0.0,0.0
16,Normal,Normal,0.9998970276414382,0.0,0.0,0.0,0.0,0.0,0.0,0.0,0.0,0.0,0.0,0.0,0.0,0.0,0.0,0.0,0.0,0.0,0.0,0.0,0.0,0.0,0.0,0.0,0.0,0.02140141005982898,-0.014396825037972958,0.0,0.0,0.0,0.0
17,Normal,Normal,0.9992125762599121,0.0,0.0,0.0,0.0,0.0,0.0,0.0,0.0,0.0,0.0,0.0,0.0,0.0,0.0,0.0,0.0,0.0,0.0,0.0,0.0,0.0,0.0,0.0,0.0,0.0,-0.01603716835691398,0.0,0.0,0.0,0.0
18,Normal,Normal,0.9990726292094739,0.0,0.0,0.0,0.0,0.0,0.014872850038544877,0.0,0.0,0.0,0.0,0.0,0.011724672471736862,0.0,0.0,0.0,0.0,0.0,0.0,0.0,0.0,0.0,0.0,0.0,0.0,0.0,-0.012553995129481132,0.0,0.0,0.0,0.0
19,mitm,mitm,0.9930347215256767,0.0,0.0,0.0,0.0,0.0,0.0,-0.013015416185042109,0.0,0.0,0.006447682901423373,0.0,0.0,0.0,0.0,0.0,0.0,0.0,0.0,0.0,0.0,0.0,0.0,0.0,0.0,0.0,-0.0025648597574400357,0.0,0.0,0.0,0.0
20,Normal,Normal,0.9999530398529224,0.0,0.0,0.0,0.0,0.0,0.0,0.0,0.0,0.0,0.0,0.0,0.0,0.0,0.0,0.0,0.0,0.0,0.0,0.0,0.0,0.0,0.0,0.0,0.0,0.0,-0.011003090597450374,0.0,0.0,0.0,0.0
21,Normal,Normal,0.9982395822590483,0.0,0.0,0.0,0.0,0.0,0.0,0.0,0.0,0.0,0.0,0.0,0.0,0.0,0.0,0.0,0.0,0.0,0.0,0.0,0.0,0.0,0.0,0.0,0.0,0.0,-0.013656559472228644,0.0,0.0,0.0,0.0
22,Normal,Normal,0.999874594563488,0.0,0.0,0.0,0.0,0.0,0.0,0.0,0.0,-0.00023495182029904213,0.0,0.0,0.0,0.0,0.0,0.0,0.0,0.0,0.0,0.0,0.0,0.0,0.0,0.0,0.0,0.0,-0.013729401769258036,0.0,0.0,0.0,0.0
23,ddos,ddos,0.9999999836220617,0.0,0.010046485846423314,0.0,0.0,0.0,0.0,0.0,0.0,0.0,0.0,0.0,0.0,0.0,0.0,0.0,0.0,0.0,0.0,0.0,0.0,0.0,0.0,0.0,0.0,-0.06252528761295968,0.07330119799594574,-0.00032727756970690926,0.0,0.0,0.0
24,Normal,Normal,0.9965368906431328,0.0,0.0,0.0,0.0,0.0,0.0,0.0,0.0,0.0,0.0,0.0,0.0,0.0,0.0,0.0,0.0,0.0,0.0,0.0,0.0,0.0,0.0,0.0,0.0,0.015412467123011142,-0.015696847989762137,0.0,0.0,0.0,0.0
25,Normal,Normal,0.9999462537344355,0.0,0.0,0.0,0.0,0.0,0.0,0.0,0.0,0.0,0.0,0.0,0.0,0.0,0.0,0.0,0.0,0.0,0.0,0.0,0.0,0.0,0.0,0.0,0.0,0.0,-0.011239499786485464,0.0,0.0,0.0,0.0
26,Normal,Normal,0.999535707055912,0.0,0.0,-0.00011793508780308121,0.0,0.0,0.0,0.0,0.0,0.0,0.0,0.0,0.0,0.0,0.0,0.0,0.0,0.0,0.0,0.0,0.0,0.0,0.0,0.0,0.0,0.0,-0.014749080706386287,0.0,0.0,0.0,0.0
27,Normal,Normal,0.9998925779109457,0.013724642434213142,0.0,-0.000278321193450975,0.0,0.0,0.0,0.0,0.0,-0.0003563147966061135,0.0,0.0,0.0,0.0,0.0,0.0,0.0,0.0,0.0,0.0,0.0,0.0,0.0,0.0,0.0,0.009087388056711304,-0.013426614435716487,0.0,0.0,0.0,0.0
28,Normal,Normal,0.9999919379201471,0.0,0.0,-0.0002205903857760805,0.0,0.0,0.0,0.0,0.0,0.0,0.0,0.0,0.0,0.0,0.0,0.0,0.0,0.0,0.0,0.0,0.0,0.0,0.0,0.0,0.0,0.0,-0.014351484435287432,0.0,0.0,0.0,0.0
29,mitm,mitm,0.9999852295920859,0.0,0.0,0.0,0.0,0.0,0.0,0.0,0.0,0.0,0.0,0.0,0.0,0.0,0.0,0.0,0.0,0.0,0.0,0.0,0.0,0.0,0.0,0.0,0.0,0.0,-0.0021223248163688125,0.0,0.0,0.0,0.0
30,Normal,Normal,0.9995746877236491,0.0,0.0,0.0,0.0,0.0,0.0,0.0,0.0,0.0,0.0,0.0,0.0,0.0,0.0,0.0,0.0,0.0,0.0,0.0,0.0,0.0,0.0,0.0,0.0,0.0,-0.01507786733259173,0.0,0.0,0.0,0.0
31,Normal,Normal,0.9986861388867548,0.0,0.0,0.0,0.0,0.0,0.0,0.0,0.0,0.0,0.0,0.0,0.0,0.0,0.0,0.0,0.0,0.0,0.0,0.0,0.0,0.0,0.0,0.0,0.0,0.0,-0.014220381234125305,0.0,0.0,0.0,0.0
32,mitm,mitm,0.999991187112742,0.0,0.0,0.0,0.0,0.0,0.0,0.0,0.0,0.0,0.0,0.0,0.0,0.0,0.0,0.0,0.0,0.0,0.0,0.0,0.0,0.0,0.0,0.0,0.0,0.0,-0.0035011641269109862,0.0,0.0,0.0,0.0
33,Normal,Normal,0.9987108875433122,0.0,0.0,0.0,0.0,0.0,0.0,0.0,0.0,0.0,0.0,0.0,0.0,0.0,0.0,0.0,0.0,0.0,0.0,0.0,0.0,0.0,0.0,0.0,0.0,0.0,-0.013220372730189162,0.0,0.0,0.0,0.0
34,Normal,Normal,0.9980604505712471,0.0,0.0,0.0,0.0,0.0,0.0,0.0,0.0,0.0,0.0,0.0,0.0,0.0,0.0,0.0,0.0,0.0,0.0,0.0,0.0,0.0,0.0,0.0,0.0,0.0,-0.014762777757941244,0.0,0.0,0.0,0.0
35,Normal,Normal,0.9997809507942527,0.019078095169763554,0.0,0.0,0.0,0.0,0.0,0.0,0.0,0.0,0.0,-0.0012190412957938032,0.0,0.0,0.0,0.0,0.0,0.0,0.0,0.0,0.0,0.0,0.0,0.0,0.0,0.0,-0.014929634309522396,0.0,0.0,0.0,0.0
36,Normal,Normal,0.9999104613714609,0.0,0.0,-0.00016787255647342063,0.0,0.0,0.0,0.0,0.0,0.0,-0.0002641443510013469,0.0,0.0,0.0,0.0,0.0,0.0,0.0,0.0,0.0,0.0,0.0,0.0,0.0,0.0,0.0,-0.013534837944517283,0.0,0.0,0.0,0.0
37,Normal,Normal,0.9988437669019768,0.0,0.0,0.0,0.0,0.0,0.0,0.0,0.0,0.0,0.0,0.0,0.0,0.0,0.0,0.0,0.0,0.0,0.0,0.0,0.0,0.0,0.0,0.0,0.0,0.0,-0.014013417978396123,0.0,0.0,0.0,0.0
38,Normal,Normal,0.9996725415077531,0.0,0.0,0.0,0.0,0.0,0.0,0.0,0.0,0.0,0.0,0.0,0.0,0.0,0.0,0.0,0.0,0.0,0.0,0.0,0.0,0.0,0.0,0.0,0.0,0.0,-0.013093853869483306,0.0,0.0,0.0,0.0
39,Normal,Normal,0.9735797528320679,0.0,0.0,0.0,0.0,0.0,0.0,0.0,0.0,0.0,0.0,0.0,0.0,0.0,0.0,0.0,0.0,0.0,0.0,0.0,0.0,0.0,0.0,0.0,0.0,0.0,-0.01352443833354822,0.0,0.0,0.0,0.0
40,Normal,Normal,0.9999268167186206,0.0,0.0,-0.00021557138661523179,0.0,0.0,0.0,0.0,0.0,-0.0002479657064287776,0.0,0.0,0.0,0.0,0.0,0.0,0.0,0.0,0.0,0.0,0.0,0.0,0.0,0.0,0.0,0.01393845825245458,-0.014776062118600204,0.0,0.0,0.0,0.0
41,ddos,ddos,0.999999998972199,0.0,0.0,0.0,0.0,0.0,0.0,0.0,0.0,0.0,0.0,0.0,0.0,0.0,0.0,0.0,0.0,0.0,0.0,0.0,0.0,0.0,0.0,0.0,0.0,-0.107327087365368,0.14304514868474832,-0.00035246398931883054,0.0,0.0,-0.04489173318045668
42,Normal,Normal,0.9412332062736457,0.0,0.0,0.0,0.0,0.0,0.0,0.0,0.0,-3.512801707722252e-05,0.0,0.0,0.0,0.0,0.0,0.0,0.0,0.0,0.0,0.0,0.0,0.0,0.0,0.0,0.0,0.0,-0.013631335303524911,0.0,0.0,0.0,0.0
43,mitm,mitm,0.9933244762987299,0.0,0.0,0.0,0.0,0.0,0.0,0.0,0.0,0.0,0.0,0.0,0.0,0.0,0.0,0.0,0.0,0.0,0.0,0.0,0.0,0.0,0.0,0.0,0.0,0.0,-0.003922216946915196,0.0,0.0,-0.0020955460575201035,0.0
44,Normal,Normal,0.9991620512413942,0.0,0.0,0.0,0.0,0.0,0.0,0.0,0.0,0.0,0.0,0.0,0.0,0.0,0.0,0.0,0.0,0.0,0.0,0.0,0.0,0.0,0.0,0.0,0.0,0.0,-0.014953865131183144,0.0,0.0,0.0,0.0
45,mitm,mitm,0.9919618739176964,0.0,0.0,0.0,0.0,0.0,0.010867417662192002,-0.008806867250499487,0.0,0.0,0.005768893856920254,0.0,0.0,0.0,0.0,0.0,0.0,0.0,0.0,0.0,0.0,0.0,0.0,0.0,0.0,0.0,-0.0028935545069430826,0.0,0.0,0.0,0.0
46,Normal,Normal,0.9984818387476608,0.0,0.0,0.0,0.0,0.0,0.0,0.0,0.0,0.0,0.0,0.0,0.01887035746616957,0.0,0.0,0.0,0.0,0.0,0.0,0.0,0.0,0.0,0.0,0.0,0.0,0.01706660589778562,-0.013867007868925753,0.0,0.0,0.0,0.0
47,Normal,Normal,0.999926254556889,0.0,0.0,-0.00012862320504580457,0.0,0.0,0.0,0.0,0.0,0.0,0.0,0.0,0.0,0.0,0.0,0.0,0.0,0.0,0.0,0.0,0.0,0.0,0.0,0.0,0.0,0.0,-0.007173087215898289,0.0,0.0,-0.002031247869807552,0.0
48,Normal,Normal,0.9999357249370302,0.0,0.0,0.0,0.0,0.0,0.0,0.0,0.0,0.0,0.0,0.0,0.0,0.0,0.0,0.0,0.0,0.0,0.0,0.0,0.0,0.0,0.0,0.0,0.0,0.0,-0.011328566194793705,0.0,0.0,0.0,0.0
49,Normal,Normal,0.9982470925357787,0.0,0.0,0.0,0.0,0.0,0.0,0.0,0.0,0.0,0.0,0.0,0.0,0.0,0.0,0.0,0.0,0.0,0.0,0.0,0.0,0.0,0.0,0.0,0.0,0.0,-0.011026427564093357,0.0,0.0,0.0,0.0
50,Normal,Normal,0.9473740972072803,0.0,0.0,0.0,0.0,0.0,0.0,0.0,0.0,0.0,0.0,0.0,0.0,0.0,0.0,0.0,0.0,0.0,0.0,0.0,0.0,0.0,0.0,0.0,0.0,0.0,-0.010969311407022536,0.0,0.0,0.0,0.0
51,Normal,Normal,0.9929185608960812,0.0,0.0,0.0,0.0,0.0,0.0,0.0,0.0,0.0,0.0,0.0,0.0,0.0,0.0,0.0,0.0,0.0,0.0,0.0,0.0,0.0,0.0,0.0,0.0,0.0,-0.015879531740394397,0.0,0.0,0.0,0.0
52,Normal,Normal,0.995861286996232,0.0,0.0,0.0,0.0,0.0,0.0,0.0,0.0,0.0,0.0,0.0,0.0,0.0,0.0,0.0,0.0,0.0,0.0,0.0,0.0,0.0,0.0,0.0,0.0,0.0,-0.012798679812337363,0.0,0.0,0.0,0.0
53,Normal,Normal,0.9998097881275196,0.0,0.0,-0.000260354524152537,0.0,0.0,0.0,0.0,0.0,-0.00027075091822025324,-0.00294963768415489,0.0,0.0,0.0,0.0,0.0,0.0,0.0,0.0,0.0,0.0,0.0,0.0,0.0,0.0,0.0,-0.012543965790179891,0.0,0.0,0.0,0.0
54,Normal,Normal,0.9987646227355981,0.0,0.0,0.0,0.0,0.0,0.0,0.0,0.0,0.0,0.0,0.0,0.0,0.0,0.0,0.0,0.0,0.0,0.0,0.0,0.0,0.0,0.0,0.0,0.0,0.011826378400803028,-0.013833007106007817,0.0,0.0,0.0,0.0
55,port-scan,port-scan,0.9998017608747487,0.0,0.0,0.0,0.0,0.0,0.0,-0.014832641290479343,0.0,0.0,0.0,0.0,0.0,0.0,0.0,0.0,0.0,0.0,0.0,0.0,0.0,0.0,0.0,0.0,0.0,-0.13919805432666393,0.11593654254691337,-0.0006459510603217279,0.0,0.07512264243795361,0.0
56,port-scan,port-scan,0.9748621268759041,0.0,0.0,0.0,0.0,0.0,0.0,0.0,0.0,0.0,0.0,0.0,0.0,0.0,0.0,0.0,0.0,0.0,0.0,0.0,0.0,0.0,0.0,0.0,0.0,-0.043055589485769444,0.006860121670721458,-0.00011954498984712882,0.0,0.0742923975414337,0.0
57,Normal,Normal,0.9993315798582462,0.0,0.0,0.0,0.0,0.0,0.0,0.0,0.0,0.0,0.0,0.0,0.0,0.0,0.0,0.0,0.0,0.0,0.0,0.0,0.0,0.0,0.0,0.0,0.0,0.0,-0.009437924916396903,0.0,0.0,0.0,0.0
58,Normal,Normal,0.9995474854182379,0.0,0.0,-0.0002228707051433454,0.0,0.0,0.0,0.0,0.0,-0.00016578563147946217,0.0,0.0,0.0,0.0,0.0,0.0,0.0,0.0,0.0,0.0,0.0,0.0,0.0,0.0,0.0,0.0,-0.011920542273151268,0.0,0.0,0.0,0.0
59,ddos,ddos,0.9999999873286797,0.0,0.0,0.0,0.0,0.0,0.0,0.0,0.0,0.0,0.0,0.0,0.0,0.0,0.0,0.0,0.0,0.0,0.0,0.0,0.0,0.0,0.0,0.0,0.0,-0.07288759857828105,0.09401740706816444,0.0,0.008386509163451636,0.0,-0.033832546204529336
60,ddos,ddos,0.9999999969827997,0.0,0.012121600838923108,0.0,0.0,0.0,0.0,0.0,0.0,0.0,0.0,0.0,0.0,0.0,0.0,0.0,0.0,0.0,0.0,0.0,0.0,0.0,0.0,0.0,0.0,-0.03758018921607122,0.021242026745229254,0.0,0.012587936669390884,0.0,0.0
61,ddos,ddos,0.9999998654244334,0.0,0.0,0.0,0.0,0.0,0.0,0.0,0.014208768948777983,0.0,0.0,0.0,0.0,0.0,0.0,0.0,0.0,0.0,0.0,0.0,0.0,0.0,0.0,0.0,0.0,-0.05108021064751903,0.06976557726154699,-0.00031995325400387554,0.009225140680133803,0.0,-0.027728204753255166
62,Normal,Normal,0.9999815531043206,0.0,0.0,0.0,0.0,0.0,0.0,0.0,0.0,0.0,0.0,0.0,0.0,0.0,0.0,0.0,0.0,0.0,0.0,0.0,0.0,0.0,0.0,0.0,0.0,0.0,-0.011245285842987195,0.0,0.0,0.0,0.0
63,Normal,Normal,0.9964152844821432,0.0,0.0,0.0,0.0,0.0,0.0,0.0,0.0,0.0,-0.004250612522549657,0.0,0.0,0.0,0.0,0.0,0.0,0.0,0.0,0.0,0.0,0.0,0.0,0.0,0.0,0.0,-0.013096587932820486,0.0,0.0,0.0,0.0
64,Normal,Normal,0.9992284941996232,0.0,0.0,0.0,0.0,0.0,0.0,0.0,0.0,0.0,0.0,0.0,0.0,0.0,0.0,0.0,0.0,0.0,0.0,0.0,0.0,0.0,0.0,0.0,0.0,0.0,-0.012054140168918795,0.0,0.0,0.0,0.0
65,Normal,Normal,0.9999400787310415,0.0,0.0,-0.00027400120295250664,0.0,0.0,0.0,0.0,0.0,-0.00022114885971119633,0.0,0.0,0.0,0.0,0.0,0.0,0.0,0.0,0.0,0.0,0.0,0.0,0.0,0.0,0.0,0.0,-0.011762950788606738,0.0,0.0,0.0,0.0
66,Normal,Normal,0.9989340483420106,0.0,0.0,0.0,0.0,0.0,0.0,0.0,0.0,0.0,0.0,0.0,0.0,0.0,0.0,0.0,0.0,0.0,0.0,0.0,0.0,0.0,0.0,0.0,0.0,0.0,-0.012581895975320976,0.0,0.0,0.0,0.0
67,Normal,Normal,0.9999084962810958,0.0,0.0,-0.0002210889503924396,-0.0018466622107305847,0.0,0.0,0.0,0.0,0.0,0.0,-0.00179200960703789,0.0,0.0,0.0,0.0,0.0,0.0,0.0,0.0,0.0,0.0,0.0,0.0,0.0,0.0,-0.00897117418007913,0.0,0.0,0.0,0.0
68,port-scan,port-scan,0.9996313383006508,0.0,0.0,0.0,0.0,0.0,0.0,0.0,0.0,0.0,0.0,0.0,0.0,0.0,0.0,0.0,0.0,0.0,0.0,0.0,0.0,0.0,0.0,0.0,0.0,-0.13425281814677406,0.14307429323469925,-0.0006489867466489386,0.0,0.05933321961455789,-0.060535731459508274
69,Normal,Normal,0.9999106811811089,0.0,0.0,0.0,0.0,0.0,0.0,0.0,0.0,-0.000244954548802355,0.0,0.0,0.0,0.0,0.0,0.0,0.0,0.0,0.0,0.0,0.0,0.0,0.0,0.0,0.0,0.0,-0.012100608538635869,0.0,0.0,0.0,0.0
70,Normal,Normal,0.999287174543382,0.0,0.0,-0.0002274517478391754,0.0,0.0,0.0,0.0,0.0,-0.0002418606535072489,0.0,0.0,0.0,0.0,0.0,0.0,0.0,0.0,0.0,0.0,0.0,0.0,0.0,0.0,0.0,0.0,-0.011296618254848614,0.0,0.0,0.0,0.0
71,mitm,mitm,0.9999993530679767,0.0,0.0,0.0,0.0,0.0,0.0,0.0,0.0,0.0,0.0,0.0,0.0,0.0,0.0,0.0,0.0,0.0,0.0,0.0,0.0,0.0,0.0,0.0,0.0,0.0,-0.003317592812813747,0.0,0.0,0.0,0.012351992349126331
72,Normal,Normal,0.9960710848481651,0.0,0.0,0.0,0.0,0.0,0.0,0.0,0.0,0.0,0.0,0.0,0.0,0.0,0.0,0.0,0.0,0.0,0.0,0.0,0.0,0.0,0.0,0.0,0.0,0.014009078249583334,-0.014986130831319087,0.0,0.0,0.0,0.0
73,Normal,Normal,0.9999145658271031,0.0,0.0,0.0,0.0,0.0,0.0,0.0,0.0,0.0,0.0,0.0,0.0,0.0,0.0,0.0,0.0,0.0,0.0,0.0,0.0,0.0,0.0,0.0,0.0,0.013782849803254421,-0.013650175576882544,0.0,0.0,0.0,0.0
74,Normal,Normal,0.9942939672442993,0.0,0.0,0.0,0.0,0.0,0.0,0.0,0.0,0.0,0.0,0.0,0.0,0.0,0.0,0.0,0.0,0.0,0.0,0.0,0.0,0.0,0.0,0.0,0.0,0.0,-0.0129756896706566,0.0,0.0,0.0,0.0
75,Normal,Normal,0.9998539153515853,0.0,0.0,0.0,0.0,0.0,0.009732136689053122,0.0,0.0,0.0,0.0,0.0,0.0,0.0,0.0,0.0,0.0,0.0,0.0,0.0,0.0,0.0,0.0,0.0,0.0,0.021180739184680403,-0.011654048672809716,0.0,0.0,0.0,0.0
76,Normal,Normal,0.9992880535535347,0.0,0.0,0.0,0.0,0.0,0.01138489181793921,0.0,0.0,0.0,0.0,0.0,0.0,0.0,0.0,0.0,0.0,0.0,0.0,0.0,0.0,0.0,0.0,0.0,0.0,0.0,-0.013802135338208414,0.0,0.0,0.0,0.0
77,Normal,Normal,0.9978449327142811,0.0,0.0,0.0,0.0,0.0,0.0,0.0,0.0,0.0,0.0,0.0,0.0,0.0,0.0,0.0,0.0,0.0,0.0,0.0,0.0,0.0,0.0,0.0,0.0,0.0,-0.006230184983887871,0.0,0.0,0.0,0.0
78,Normal,Normal,0.9196877470814995,0.0,0.0,0.0,0.0,0.0,0.0,0.0,0.0,0.0,0.0,0.0,0.0,0.0,0.0,0.0,0.0,0.0,0.0,0.0,0.0,0.0,0.0,0.0,0.0,0.022054408886384186,-0.01373038724584013,0.0,0.0,0.0,0.0
79,Normal,Normal,0.9981196401147994,0.0,0.0,-6.666951060167082e-05,0.0,0.0,0.0,0.0,0.0,-0.00010906477845802214,0.0,0.0,0.0,0.0,0.0,0.0,0.0,0.0,0.0,0.0,0.0,0.0,0.0,0.0,0.0,0.0,-0.011937246901043993,0.0,0.0,0.0,0.0
80,Normal,Normal,0.9999247178067046,0.0,0.0,-0.0002385540247358907,0.0,0.0,0.0,0.0,0.0,-0.00018350222069305876,0.0,0.0,0.0,0.0,0.0,0.0,0.0,0.0,0.0,0.0,0.0,0.0,0.0,0.0,0.0,0.014589219436307178,-0.014051871959537911,0.0,0.0,0.0,0.0
81,Normal,Normal,0.9998170021954272,0.0,0.0,0.0,0.0,0.0,0.0,0.0,0.0,0.0,0.0,0.0,0.0,0.0,0.0,0.0,0.0,0.0,0.0,0.0,0.0,0.0,0.0,0.0,0.0,0.0,-0.014076316400895962,0.0,0.0,0.0,0.0
82,Normal,Normal,0.9990946723052774,0.0,0.0,0.0,-0.0014207901883490776,0.0,0.0,0.0,0.0,0.0,0.0,0.0,0.0,0.0,0.0,0.0,0.0,0.0,0.0,0.0,0.0,0.0,0.0,0.0,0.0,0.0,-0.014404854015312057,0.0,0.0,0.0,0.0
83,Normal,Normal,0.9907292637803086,0.0,0.0,0.0,0.0,0.0,0.012880589977958178,0.0,0.0,0.0,0.0,0.0,0.0,0.0,0.0,0.0,0.0,0.0,0.0,0.0,0.0,0.0,0.0,0.0,0.0,0.014826035239144705,-0.013855152629192,0.0,0.0,0.0,0.0
84,port-scan,ip-scan,0.5356405767012108,0.0,0.0,0.0,0.0,0.0,0.0,0.0,0.0,0.02263640013232542,0.0,0.0,0.0,0.0,0.0,0.0,0.0,0.0,0.0,0.0,0.0,0.0,0.0,0.0,0.0,0.0,0.0,0.0,0.0,0.0,0.0
85,Normal,Normal,0.9966601899503846,0.0,0.0,0.0,0.0,0.0,0.0,0.0,0.0,0.0,0.0,0.0,0.0,0.0,0.0,0.0,0.0,0.0,0.0,0.0,0.0,0.0,0.0,0.0,0.0,0.017445431665807726,-0.014466771122607393,0.0,0.0,0.0,0.0
86,Normal,Normal,0.9951130882520938,0.0,0.0,0.0,0.0,0.0,0.0,0.0,0.0,0.0,0.0,0.0,0.0,0.0,0.0,0.0,0.0,0.0,0.0,0.0,0.0,0.0,0.0,0.0,0.0,0.0,-0.012634029163503887,0.0,0.0,0.0,0.0
87,Normal,Normal,0.9685422496603798,0.0,0.0,0.0,0.0,0.0,0.0,0.0,0.0,0.0,0.0,0.0,0.0,0.0,0.0,0.0,0.0,0.0,0.0,0.0,0.0,0.0,0.0,0.0,0.0,0.0,-0.01252830092935718,0.0,0.0,0.0,0.0
88,Normal,Normal,0.9606647158513444,0.0,0.0,0.0,0.0,0.0,0.0,0.0,0.0,0.0,0.0,0.0,0.0,0.0,0.0,0.0,0.0,0.0,0.0,0.0,0.0,0.0,0.0,0.0,0.0,0.0,-0.013289726762685779,0.0,0.0,0.0,0.0
89,replay,replay,0.9981314295780058,-0.01043288100850896,0.0,0.0,0.0,0.0,0.01603960114113867,-0.01184265946704199,0.0,0.0,0.0,0.0,0.018675172749873858,0.0,0.0,0.0,0.0,0.0,0.0,0.0,0.0,0.0,0.0,0.0,0.0,0.0,-0.011918333591614629,0.0,0.0,0.0,0.0
90,replay,replay,0.9992390442152926,-0.016096465366281325,0.0,0.0,0.0,0.0,0.0,-0.020640373175068328,0.0,0.0,0.0,0.0,0.02855835667862705,0.0,0.0,0.0,0.0,0.0,0.0,0.0,0.0,0.0,0.0,0.0,0.0,0.0,-0.011535791423559889,0.0,0.0,0.0,0.0
91,Normal,Normal,0.9968070336508069,0.0,0.0,0.0,0.0,0.0,0.0,0.0,0.0,0.0,0.0,0.0,0.0,0.0,0.0,0.0,0.0,0.0,0.0,0.0,0.0,0.0,0.0,0.0,0.0,0.0,-0.009041144563064742,0.0,0.0,0.0,0.0
92,Normal,Normal,0.8832544405969326,-0.020790089167907005,0.0,0.0,0.0,0.0,0.0,0.0,0.0,0.0,0.0,0.0,0.0,0.0,0.0,0.0,0.0,0.0,0.0,0.0,0.0,0.0,0.0,0.0,0.0,0.0,-0.01262036507970183,0.0,0.0,0.0,0.0
93,Normal,Normal,0.999920710058869,0.0,0.0,0.0,0.0,0.0,0.0,0.0,0.0,0.0,0.0,0.0,0.0,0.0,0.0,0.0,0.0,0.0,0.0,0.0,0.0,0.0,0.0,0.0,0.0,0.0,-0.012710873410444303,0.0,0.0,0.0,0.0
94,Normal,Normal,0.9999396261382718,0.0,0.0,0.0,0.0,0.0,0.0,0.0,0.0,-0.0002010716306482651,0.0,0.0,0.0,0.0,0.0,0.0,0.0,0.0,0.0,0.0,0.0,0.0,0.0,0.0,0.0,0.0,-0.012197825584221472,0.0,0.0,0.0,0.0
95,Normal,Normal,0.9718864606503801,0.0,0.0,0.0,0.0,0.0,0.0,0.0,0.0,0.0,0.0,0.0,0.0,0.0,0.0,0.0,0.0,0.0,0.0,0.0,0.0,0.0,0.0,0.0,0.0,0.017559510583893684,-0.01339633272570953,0.0,0.0,0.0,0.0
96,mitm,mitm,0.9989543886302719,0.0,0.0,0.0,0.0,0.0,0.0,0.0,0.0,0.0,0.0,0.0,0.0,0.0,0.0,0.0,0.0,0.0,0.0,0.0,0.0,0.0,0.0,0.0,0.0,0.0,-0.004233640401285487,0.0,0.0,-0.0020381003011714616,0.0
97,Normal,Normal,0.996380016585686,0.0,0.0,0.0,0.0,0.0,0.0,0.0,0.0,0.0,0.0,0.0,0.0,0.0,0.0,0.0,0.0,0.0,0.0,0.0,0.0,0.0,0.0,0.0,0.0,0.0,-0.014914851465595323,0.0,0.0,0.0,0.0
98,Normal,Normal,0.9996542694316067,0.0,0.0,-0.00022700111099851865,0.0,0.0,0.0,0.0,0.0,0.0,0.0,0.0,0.0,0.0,0.0,0.0,0.0,0.0,0.0,0.0,0.0,0.0,0.0,0.0,0.0,0.015192123046533832,-0.014247404554811669,0.0,0.0,0.0,0.0
99,ddos,ddos,0.9999999996834983,0.0,0.0,0.0,0.0,0.0,0.0,0.0,0.0,0.0,0.0,0.0,0.0,0.0,0.0,0.0,0.0,0.0,0.0,0.0,0.0,0.0,0.0,0.0,0.0,-0.10984063081351056,0.0991785047156821,-0.00030965064053480653,0.0,0.005749134426286155,0.0
100,Normal,Normal,0.99988348925522,0.014232375788189748,0.0,-0.00032501403844116094,0.0,0.0,0.0,0.0,0.0,-0.00024086806566207903,0.0,0.0,0.0,0.0,0.0,0.0,0.0,0.0,0.0,0.0,0.0,0.0,0.0,0.0,0.0,0.0,-0.013753087931709495,0.0,0.0,0.0,0.0
101,Normal,Normal,0.9846469201037489,0.0,0.0,0.0,0.0,0.0,0.0,0.0,0.0,0.0,0.0,0.0,0.020367656965840794,0.0,0.0,0.0,0.0,0.0,0.0,0.0,0.0,0.0,0.0,0.0,0.0,0.0,-0.012900897396403679,0.0,0.0,0.0,0.0
102,Normal,Normal,0.9995147563791646,0.0,0.0,-0.00019599367367186413,0.0,0.0,0.0,0.0,0.0,0.0,0.0,0.0,0.0,0.0,0.0,0.0,0.0,0.0,0.0,0.0,0.0,0.0,0.0,0.0,0.0,0.01109156947731857,-0.014479276413989833,0.0,0.0,0.0,0.0
103,Normal,Normal,0.9978815514267317,0.0,0.0,-0.00014502005741467384,0.0,0.0,0.0,0.0,0.0,-7.486251223851395e-05,0.0,0.0,0.0,0.0,0.0,0.0,0.0,0.0,0.0,0.0,0.0,0.0,0.0,0.0,0.0,0.0,-0.010951618477244839,0.0,0.0,0.0,0.0
104,mitm,mitm,0.634519988859902,0.0,0.0,0.0,0.0,0.0,0.0,0.0,0.0,0.0,0.0,0.0,0.0,0.0,0.0,0.0,0.0,0.0,0.0,0.0,0.0,0.0,0.0,0.0,0.0,0.0,0.0,0.0,0.0,-0.007283828632899622,0.0
105,Normal,Normal,0.9996023005218853,0.0,0.0,0.0,0.0,0.0,0.0,0.0,0.0,0.0,0.0,0.0,0.0,0.0,0.0,0.0,0.0,0.0,0.0,0.0,0.0,0.0,0.0,0.0,0.0,0.0,-0.01203330167515231,0.0,0.0,0.0,0.0
106,Normal,Normal,0.9996101366345629,0.02750806102812625,0.0,-0.00031752353542159985,0.0,0.0,0.0,0.0,0.0,-0.00031265698938414126,0.0,0.0,0.0,0.0,0.0,0.0,0.0,0.0,0.0,0.0,0.0,0.0,0.0,0.0,0.0,0.0,-0.011644972461050953,-2.2056937942462745e-05,0.0,0.0,0.0
107,Normal,Normal,0.9978956889378138,0.0,0.0,0.0,0.0,0.0,0.0,0.0,0.0,0.0,0.0,0.0,0.0,0.0,0.0,0.0,0.0,0.0,0.0,0.0,0.0,0.0,0.0,0.0,0.0,0.0,-0.015617228762523432,0.0,0.0,0.0,0.0
108,Normal,Normal,0.9527476890219356,0.0,0.0,0.0,0.0,0.0,0.0,0.0,0.0,-6.947406714152606e-05,0.0,0.0,0.0,0.0,0.0,0.0,0.0,0.0,0.0,0.0,0.0,0.0,0.0,0.0,0.0,0.0,-0.012016369747771758,0.0,0.0,0.0,0.0
109,Normal,Normal,0.9989778793425883,0.0,0.0,0.0,0.0,0.0,0.0,0.0,0.0,0.0,0.0,0.0,0.0,0.0,0.0,0.0,0.0,0.0,0.0,0.0,0.0,0.0,0.0,0.0,0.0,0.0,-0.014973585867182938,0.0,0.0,0.0,0.0
110,ddos,ddos,0.999999999587543,0.0,0.0,0.0,0.0,0.0,0.0,0.0,0.0,0.0,0.0,0.0,0.0,0.0,0.0,0.0,0.0,0.0,0.0,0.0,0.0,0.0,0.0,0.0,0.0,-0.11667724453103327,0.15501729217049862,-0.000517397153803576,0.0,0.005463254514342778,-0.04352129922850563
111,Normal,Normal,0.9977787338443873,0.0,0.0,0.0,0.0,0.0,0.0,0.0,0.0,0.0,0.0,0.0,0.0,0.0,0.0,0.0,0.0,0.0,0.0,0.0,0.0,0.0,0.0,0.0,0.0,0.0,-0.014016055417297031,0.0,0.0,0.0,0.0
112,Normal,Normal,0.9924394990728203,0.0,0.0,0.0,0.0,0.0,0.0,0.0,0.0,0.0,0.0,0.0,0.0,0.0,0.0,0.0,0.0,0.0,0.0,0.0,0.0,0.0,0.0,0.0,0.0,0.0,-0.010201108776222073,0.0,0.0,0.0,0.0
113,Normal,Normal,0.9999626136487342,0.0131281110405089,0.0,-0.0002912070062918428,0.0,0.0,0.0,0.0,0.0,-0.000337717263894992,0.0,0.0,0.0,0.0,0.0,0.0,0.0,0.0,0.0,0.0,0.0,0.0,0.0,0.0,0.0,0.0,-0.01131781830834047,0.0,0.0,0.0,0.0
114,Normal,Normal,0.9987449550925334,0.0,0.0,0.0,0.0,0.0,0.0,0.0,0.0,0.0,0.0,0.0,0.0,0.0,0.0,0.0,0.0,0.0,0.0,0.0,0.0,0.0,0.0,0.0,0.0,0.0,-0.014362256265029792,0.0,0.0,0.0,0.0
115,ddos,ddos,0.9999999963738186,0.0,0.0,0.0,0.0,0.0,0.0,0.0,0.0,0.0,0.0,0.0,0.0,0.0,0.0,0.0,0.0,0.0,0.0,0.0,0.0,0.0,0.0,0.0,0.0,-0.06528876291260347,0.07078677042438997,0.0,0.011128958084792175,0.0,0.0
116,Normal,Normal,0.999220926187712,0.0,0.0,0.0,0.0,0.0,0.0,0.0,0.0,0.0,0.0,0.0,0.0,0.0,0.0,0.0,0.0,0.0,0.0,0.0,0.0,0.0,0.0,0.0,0.0,0.0,-0.014235370238896204,0.0,0.0,0.0,0.0
117,Normal,Normal,0.999395471410866,0.0,0.0,0.0,0.0,0.0,0.0,0.0,0.0,0.0,0.0,0.0,0.0,0.0,0.0,0.0,0.0,0.0,0.0,0.0,0.0,0.0,0.0,0.0,0.0,0.0,-0.014196641991768988,0.0,0.0,0.0,0.0
118,Normal,Normal,0.999645213094195,0.0,0.0,-0.00020069681319196688,0.0,0.0,0.0,0.0,0.0,-0.00018764250896281207,0.0,0.0,0.0,0.0,0.0,0.0,0.0,0.0,0.0,0.0,0.0,0.0,0.0,0.0,0.0,0.0,-0.012648667977301006,0.0,0.0,0.0,0.0
119,Normal,Normal,0.9996420325606676,0.0,0.0,0.0,-0.006480266939357243,0.0,0.0,0.0,0.0,0.0,0.0,0.0,0.0,0.0,0.0,0.0,0.0,0.0,0.0,0.0,0.0,0.0,0.0,0.0,0.0,0.0,-0.011794186256832088,0.0,0.0,0.0,0.0
120,Normal,Normal,0.9999581195143751,0.0,0.0,0.0,0.0,0.0,0.0,0.0,0.0,-0.000231093548091756,0.0,0.0,0.0,0.0,0.0,0.0,0.0,0.0,0.0,0.0,0.0,0.0,0.0,0.0,0.0,0.0,-0.012418061003644466,0.0,0.0,0.0,0.0
121,port-scan,port-scan,0.999728457833409,0.0,0.0,0.0,0.0,0.0,0.0,0.0,0.0,0.0,0.0,0.0,0.0,0.0,0.0,0.0,0.0,0.0,0.0,0.0,0.0,0.0,0.0,0.0,0.0,-0.125366081384081,0.22605833115744964,-0.000771579023375483,-0.007353094031162663,0.0,-0.07894050358698777
122,Normal,Normal,0.9989385484807952,0.0,0.0,0.0,0.0,0.0,0.0,0.0,0.0,0.0,0.0,0.0,0.0,0.0,0.0,0.0,0.0,0.0,0.0,0.0,0.0,0.0,0.0,0.0,0.0,0.0,-0.013409365795088538,0.0,0.0,0.0,0.0
123,Normal,Normal,0.9994058652527604,0.0,0.0,0.0,0.0,0.0,0.0,0.0,0.0,-0.0001564122496392215,0.0,0.0,0.0,0.0,0.0,0.0,0.0,0.0,0.0,0.0,0.0,0.0,0.0,0.0,0.0,0.0,-0.01078092874218656,0.0,0.0,0.0,0.0
124,Normal,Normal,0.999897269318698,0.0,0.0,0.0,0.0,0.0,0.0,0.0,0.0,-0.00022879824536876217,0.0,0.0,0.0,0.0,0.0,0.0,0.0,0.0,0.0,0.0,0.0,0.0,0.0,0.0,0.0,0.0,-0.01528667256027465,0.0,0.0,0.0,0.0
125,Normal,Normal,0.9999093913303543,0.0,0.0,0.0,0.0,0.0,0.0,0.0,0.0,0.0,0.0,0.0,0.0,0.0,0.0,0.0,0.0,0.0,0.0,0.0,0.0,0.0,0.0,0.0,0.0,0.0,-0.013354013446909615,0.0,0.0,0.0,0.0
126,replay,replay,0.9999399781331616,-0.013113472896039825,0.0,-8.793465168433004e-05,0.0,0.0,0.0,0.0,0.0,0.0,0.0,0.0,0.0,0.0,0.0,0.0,0.0,0.0,0.0,0.0,0.0,0.0,0.0,0.0,0.0,0.0,0.0,0.0,0.0,0.0,0.0
127,port-scan,port-scan,0.9997543100873697,0.0,0.0,0.0,0.0,0.0,0.0,-0.006225432353769267,0.0,0.0,0.0,0.0,0.0,0.0,0.0,0.0,0.0,0.0,0.0,0.0,0.0,0.0,0.0,0.0,0.0,-0.1622303915381007,0.22476218191093789,-0.0009030236012085046,0.0,0.0,-0.06913058095074492
128,Normal,Normal,0.9990093157450182,0.0,0.0,0.0,0.0,0.0,0.0,0.0,0.0,0.0,0.0,0.0,0.0,0.0,0.0,0.0,0.0,0.0,0.0,0.0,0.0,0.0,0.0,0.0,0.0,0.0,-0.009291156252449816,0.0,0.0,0.0,0.0
129,Normal,Normal,0.9896676821818506,0.0,0.0,0.0,0.0,0.0,0.0,0.0,0.0,0.0,0.0,0.0,0.0,0.0,0.0,0.0,0.0,0.0,0.0,0.0,0.0,0.0,0.0,0.0,0.0,0.0,-0.014835354849560164,0.0,0.0,0.0,0.0
130,Normal,Normal,0.9995287701788621,0.0,0.0,-0.00023627881948965523,0.0,0.0,0.0,0.0,0.0,-0.0003224486451845265,0.0,0.0,0.0,0.0,0.0,0.0,0.0,0.0,0.0,0.0,0.0,0.0,0.0,0.0,0.0,0.0,-0.014810972626020177,0.0,0.0,0.0,0.0
131,port-scan,port-scan,0.9994581002588719,0.0,0.0,0.0,0.0,0.0,0.0,0.0,0.0,0.0,0.0,0.0,0.0,0.0,0.0,0.0,0.0,0.0,0.0,0.0,0.0,0.0,0.0,0.0,0.0,-0.10345260725877263,0.12883169496760685,-0.0005828623949017191,0.0,0.05637756295083672,-0.06118735335215606
132,Normal,Normal,0.9999780973395377,0.0,0.0,0.0,0.0,0.0,0.0,0.0,0.0,0.0,0.0,0.0,0.0,0.0,0.0,0.0,0.0,0.0,0.0,0.0,0.0,0.0,0.0,0.0,0.0,0.0,-0.010497364900609145,0.0,0.0,0.0,0.0
133,Normal,Normal,0.9999306380436769,0.0,0.0,0.0,0.0,0.0,0.0,0.0,0.0,0.0,0.0,0.0,0.0,0.0,0.0,0.0,0.0,0.0,0.0,0.0,0.0,0.0,0.0,0.0,0.0,0.0,-0.012031572661363716,0.0,0.0,0.0,0.0
134,ip-scan,ip-scan,0.5278545191455296,0.0,0.0,0.0,0.0,0.0,0.0,0.0,0.0,0.0,0.0,0.0,0.0,0.0,0.0,0.0,0.0,0.0,0.0,0.0,0.0,0.0,0.0,0.0,0.0,0.0,0.0,0.0,0.0,0.0,0.0
135,Normal,Normal,0.9998976130422398,0.0,0.0,-0.0002317180684233272,0.0,0.0,0.0,0.0,0.0,-0.0003131842593529994,0.0,0.0,0.0,0.0,0.0,0.0,0.0,0.0,0.0,0.0,0.0,0.0,0.0,0.0,0.0,0.011352606323726797,-0.014382349395497172,0.0,0.0,0.0,0.0
136,Normal,Normal,0.9999440979165459,0.0,0.0,0.0,0.0,0.0,0.0,0.0,0.0,-0.00022217230508992606,0.0,0.0,0.0,0.0,0.0,0.0,0.0,0.0,0.0,0.0,0.0,0.0,0.0,0.0,0.0,0.0,-0.013073249963180386,0.0,0.0,0.0,0.0
137,Normal,Normal,0.998775032653582,0.0,0.0,0.0,0.0,0.0,0.0,0.0,0.0,0.0,0.0,0.0,0.0,0.0,0.0,0.0,0.0,0.0,0.0,0.0,0.0,0.0,0.0,0.0,0.0,0.01426013090821765,-0.014522320925224444,0.0,0.0,0.0,0.0
138,Normal,Normal,0.9998254968808711,0.0,0.0,0.0,0.0,0.0,0.0,0.0,0.0,0.0,0.0,0.0,0.0,0.0,0.0,0.0,0.0,0.0,0.0,0.0,0.0,0.0,0.0,0.0,0.0,0.0,-0.015306174804824465,0.0,0.0,0.0,0.0
139,Normal,Normal,0.9989099250775596,0.0,0.0,0.0,0.0,0.0,0.0,0.0,0.0,0.0,0.0,0.0,0.0,0.0,0.0,0.0,0.0,0.0,0.0,0.0,0.0,0.0,0.0,0.0,0.0,0.0,-0.014497297252270405,0.0,0.0,0.0,0.0
140,Normal,Normal,0.9999045470932685,0.0,0.0,0.0,0.0,0.0,0.0,0.0,0.0,0.0,0.0,0.0,0.0,0.0,0.0,0.0,0.0,0.0,0.0,0.0,0.0,0.0,0.0,0.0,0.0,0.0,-0.003952917813462492,0.0,0.0,-0.0020389583444106567,0.0
141,Normal,Normal,0.9297088955329149,0.0,0.0,0.0,0.0,0.0,0.0,0.0,0.0,0.0,0.0,0.0,0.0,0.0,0.0,0.0,0.0,0.0,0.0,0.0,0.0,0.0,0.0,0.0,0.0,0.0,-0.013219236225214382,0.0,0.0,0.0,0.0
142,port-scan,port-scan,0.8840334599223453,0.0,0.0,0.0,0.0,0.0,0.0,0.0,0.0,0.0,0.0,0.0,0.0,0.0,0.0,0.0,0.0,0.0,0.0,0.0,0.0,0.0,0.0,0.0,0.0,0.0,0.0,0.0,0.0,0.0585753640619194,0.0
143,Normal,Normal,0.999817026320634,0.0,0.0,-0.00013195668262539674,0.0,0.0,0.0,0.0,0.0,-0.00013069537599138883,0.0,0.0,0.0,0.0,0.0,0.0,0.0,0.0,0.0,0.0,0.0,0.0,0.0,0.0,0.0,0.0,-0.011893621965413673,0.0,0.0,0.0,0.0
144,Normal,Normal,0.9996675700843841,0.0,0.0,0.0,0.0,0.0,0.0,0.0,0.0,0.0,0.0,0.0,0.0,0.0,0.0,0.0,0.0,0.0,0.0,0.0,0.0,0.0,0.0,0.0,0.0,0.0,-0.013356714404143615,0.0,0.0,0.0,0.0
145,mitm,mitm,0.9988323009389407,-0.011260655280957543,0.0,0.0,0.0,0.0,0.013140015478672246,0.0,0.0,0.0,0.0,0.0,0.0,0.0,0.0,0.0,0.0,0.0,0.0,0.0,0.0,0.0,0.0,0.0,0.0,0.0,-0.002734900682593182,0.0,0.0,-0.002262241293451442,0.0
146,Normal,Normal,0.9999503709184675,0.0,0.0,-0.00018359222545689035,0.0,0.0,0.0,0.0,0.0,-0.0002723648960961784,0.0,0.0,0.0,0.0,0.0,0.0,0.0,0.0,0.0,0.0,0.0,0.0,0.0,0.0,0.0,0.017575319013085847,-0.014122393506191967,0.0,0.0,0.0,0.0
147,Normal,Normal,0.9998629032638842,0.0,0.0,-0.00022458095708088443,0.0,0.0,0.0,0.0,0.0,0.0,0.0,0.0,0.0,0.0,0.0,0.0,0.0,0.0,0.0,0.0,0.0,0.0,0.0,0.0,0.0,0.0,-0.013630927329824388,0.0,0.0,0.0,0.0
148,Normal,Normal,0.9999584303663351,0.0,0.0,0.0,0.0,0.0,0.0,0.0,0.0,-0.000231320375624261,0.0,0.0,0.0,0.0,0.0,0.0,0.0,0.0,0.0,0.0,0.0,0.0,0.0,0.0,0.0,0.0,-0.012741294892477722,0.0,0.0,0.0,0.0
149,ddos,ddos,0.9999999990630053,0.0,0.009138012804865068,0.0,0.0,0.0,0.0,-0.012415988887061954,0.015213241790747758,0.0,0.0,0.0,0.0,0.0,0.0,0.0,0.0,0.0,0.0,0.0,0.0,0.0,0.0,0.0,0.0,-0.07937881689313382,0.06708171821985215,-0.0003541358696838975,0.0,0.007023708124419196,0.0
150,Normal,Normal,0.9976468924522501,0.0,0.0,0.0,0.0,0.0,0.0,0.0,0.0,-0.00011816185528896931,0.0,0.0,0.0,0.0,0.0,0.0,0.0,0.0,0.0,0.0,0.0,0.0,0.0,0.0,0.0,0.0,-0.01382716711334049,0.0,0.0,0.0,0.0
151,Normal,Normal,0.9996602523526045,0.0,0.0,-0.00016257603571733363,0.0,0.0,0.0,0.0,0.0,0.0,0.0,0.0,0.0,0.0,0.0,0.0,0.0,0.0,0.0,0.0,0.0,0.0,0.0,0.0,0.0,0.0,-0.014532675906956465,0.0,0.0,0.0,0.0
152,Normal,Normal,0.9998514515396276,0.0,0.0,0.0,-0.004780787695520428,0.0,0.0,0.0,0.0,0.0,0.0,0.0,0.0,0.0,0.0,0.0,0.0,0.0,0.0,0.0,0.0,0.0,0.0,0.0,0.0,0.0,-0.013091122590963419,0.0,0.0,0.0,0.0
153,Normal,Normal,0.871921150318871,0.0,0.0,0.0,0.0,0.0,0.0,0.0,0.0,0.0,0.0,0.0,0.0,0.0,0.0,0.0,0.0,0.0,0.0,0.0,0.0,0.0,0.0,0.0,0.0,0.028873147281538093,-0.01282470849964439,0.0,0.0,0.0,0.0
154,mitm,mitm,0.9999958566488243,0.0,0.0,0.0,0.0,0.0,0.0,0.0,0.0,0.0,0.0,0.0,0.0,0.0,0.0,0.0,0.0,0.0,0.0,0.0,0.0,0.0,0.0,0.0,0.0,0.0,-0.003533923008639469,0.0,0.0,0.0,0.0
155,Normal,Normal,0.9509224667579317,0.0,0.0,0.0,0.0,0.0,0.0,0.0,0.0,0.0,0.0,0.0,0.0,0.0,0.0,0.0,0.0,0.0,0.0,0.0,0.0,0.0,0.0,0.0,0.0,0.0,-0.013321046108626567,0.0,0.0,0.0,0.0
156,Normal,Normal,0.999859567301886,0.0,0.0,0.0,0.0,0.0,0.0,0.0,0.0,0.0,0.0,0.0,0.0,0.0,0.0,0.0,0.0,0.0,0.0,0.0,0.0,0.0,0.0,0.0,0.0,0.0,-0.007520875639294552,0.0,0.0,-0.0012580045340137153,0.0
157,Normal,Normal,0.99985976007799,0.0,0.0,-0.00020669177346869507,0.0,0.0,0.0,0.0,0.0,0.0,0.0,0.0,0.0,0.0,0.0,0.0,0.0,0.0,0.0,0.0,0.0,0.0,0.0,0.0,0.0,0.0,-0.015607534447925737,0.0,0.0,0.0,0.0
158,Normal,Normal,0.9990123223835148,0.0,0.0,0.0,0.0,0.0,0.0,0.0,0.0,0.0,0.0,0.0,0.0,0.0,0.0,0.0,0.0,0.0,0.0,0.0,0.0,0.0,0.0,0.0,0.0,0.01875204683942985,-0.015232867155537748,0.0,0.0,0.0,0.0
159,mitm,mitm,0.998363937262903,0.0,0.0,0.0,0.0,0.0,0.0,0.0,0.0,0.0,0.0,0.0,0.0,0.0,0.0,0.0,0.0,0.0,0.0,0.0,0.0,0.0,0.0,0.0,0.0,0.0,-0.0031785615138990313,0.0,0.0,0.0,0.0
160,Normal,Normal,0.9999573857655661,0.0,0.0,0.0,0.0,0.0,0.0,0.0,0.0,0.0,0.0,0.0,0.0,0.0,0.0,0.0,0.0,0.0,0.0,0.0,0.0,0.0,0.0,0.0,0.0,0.0,-0.013048904774484022,0.0,0.0,0.0,0.0
161,Normal,Normal,0.9997739314736448,0.0,0.0,0.0,0.0,0.0,0.009036600095552655,0.0,0.0,0.0,0.0,0.0,0.0,0.0,0.0,0.0,0.0,0.0,0.0,0.0,0.0,0.0,0.0,0.0,0.0,0.0,-0.015155761489012185,0.0,0.0,0.0,0.0
162,replay,replay,0.9688563509582577,-0.021662602612236456,0.0,0.0,0.0,0.0,0.02430429075325716,-0.02102941479367367,0.0,0.0,0.0,0.0,0.021827405924633773,0.0,0.0,0.0,0.0,0.0,0.0,0.0,0.0,0.0,0.0,0.0,0.0,0.0,-0.01644610375648559,0.0,0.0,0.0,0.0
163,Normal,Normal,0.9993650926438982,0.0,0.0,0.0,0.0,0.0,0.0,0.0,0.0,0.0,0.0,0.0,0.0,0.0,0.0,0.0,0.0,0.0,0.0,0.0,0.0,0.0,0.0,0.0,0.0,0.0,-0.012699993339985723,0.0,0.0,0.0,0.0
164,Normal,Normal,0.9952365964959123,0.0,0.0,0.0,0.0,0.0,0.0,0.0,0.0,0.0,0.0,0.0,0.0,0.0,0.0,0.0,0.0,0.0,0.0,0.0,0.0,0.0,0.0,0.0,0.0,0.022621568555786037,-0.01084926535432247,0.0,0.0,0.0,0.0
165,Normal,Normal,0.9968516842342308,0.0,0.0,-2.0889400351550153e-05,0.0,0.0,0.0,0.0,0.0,-4.264565137426292e-05,0.0,0.0,0.0,0.0,0.0,0.0,0.0,0.0,0.0,0.0,0.0,0.0,0.0,0.0,0.0,0.0,-0.012385225305624189,-3.5416505046802164e-05,0.0,0.0,0.0
166,Normal,Normal,0.9998017140959425,0.0,0.0,0.0,0.0,0.0,0.0,0.0,0.0,0.0,0.0,0.0,0.0,0.0,0.0,0.0,0.0,0.0,0.0,0.0,0.0,0.0,0.0,0.0,0.0,0.0,-0.013934440723187846,0.0,0.0,0.0,0.0
167,Normal,Normal,0.9995813285040324,0.0,0.0,0.0,0.0,0.0,0.0,0.0,0.0,0.0,0.0,0.0,0.0,0.0,0.0,0.0,0.0,0.0,0.0,0.0,0.0,0.0,0.0,0.0,0.0,0.01769605738279878,-0.01784879418048942,0.0,0.0,0.0,0.0
168,ddos,ddos,0.9999999992179336,0.0,0.008215336110130034,0.0,0.0,0.0,0.0,0.0,0.0,0.0,0.0,0.0,0.0,0.0,0.0,0.0,0.0,0.0,0.0,0.0,0.0,0.0,0.0,0.0,0.0,-0.13274972636410765,0.16157263295581178,-0.0005845444525565411,0.0,0.0058080234069218485,-0.04134971833177595
169,Normal,Normal,0.9999631659548094,0.0,0.0,0.0,0.0,0.0,0.0,0.0,0.0,-0.0002713659379196641,0.0,0.0,0.0,0.0,0.0,0.0,0.0,0.0,0.0,0.0,0.0,0.0,0.0,0.0,0.0,0.014723892791241054,-0.012055492200956757,0.0,0.0,0.0,0.0
170,replay,mitm,0.8054786405651612,0.0,0.0,0.0,0.0,0.0,0.0,0.0,0.0,0.0,0.0,0.0,0.0,0.0,0.0,0.0,0.0,0.0,0.0,0.0,0.0,0.0,0.0,0.0,0.0,0.0,0.0,0.0,0.00618536957565996,-0.008651075867454235,0.0
171,Normal,Normal,0.994166077885297,0.0,0.0,0.0,0.0,0.0,0.0,0.0,0.0,0.0,0.0,0.0,0.0,0.0,0.0,0.0,0.0,0.0,0.0,0.0,0.0,0.0,0.0,0.0,0.0,0.0,-0.013957059857620276,0.0,0.0,0.0,0.0
172,Normal,Normal,0.9995211773827672,0.0,0.0,-0.00016712517140746018,0.0,0.0,0.0,0.0,0.0,0.0,0.0,0.0,0.0,0.0,0.0,0.0,0.0,0.0,0.0,0.0,0.0,0.0,0.0,0.0,0.0,0.011413286604063072,-0.014427248556295775,0.0,0.0,0.0,0.0
173,port-scan,port-scan,0.9995697837144455,0.0,0.0,0.0,0.0,0.0,0.0,0.0,0.0,0.0,0.0,0.0,0.0,0.0,0.0,0.0,0.0,0.0,0.0,0.0,0.0,0.0,0.0,0.0,0.0,-0.12451632518309771,0.16156505109108676,-0.0006930284041998873,0.0,0.05106581241894559,-0.06413804388772537
174,Normal,Normal,0.9985192646048412,0.0,0.0,0.0,0.0,0.0,0.0,0.0,0.0,-0.00010156000245792676,0.0,0.0,0.0,0.0,0.0,0.0,0.0,0.0,0.0,0.0,0.0,0.0,0.0,0.0,0.0,0.0,-0.011787335481300459,0.0,0.0,0.0,0.0
175,Normal,Normal,0.9998848036428484,0.0,0.0,-0.00020259563068810953,0.0,0.0,0.0,0.0,0.0,-0.00019402596189237262,0.0,0.0,0.0,0.0,0.0,0.0,0.0,0.0,0.0,0.0,0.0,0.0,0.0,0.0,0.0,0.015635193432330052,-0.013895413951027984,0.0,0.0,0.0,0.0
176,Normal,Normal,0.9998889452187645,0.0,0.0,0.0,0.0,0.0,0.0,0.0,0.0,0.0,0.0,0.0,0.0,0.0,0.0,0.0,0.0,0.0,0.0,0.0,0.0,0.0,0.0,0.0,0.0,0.017674025933506664,-0.013610313741923797,0.0,0.0,0.0,0.0
177,Normal,Normal,0.9718361199707816,0.0,0.0,0.0,-0.0048075765039441625,0.0,0.0,0.0,0.0,0.0,0.0,0.0,0.0,0.0,0.0,0.0,0.0,0.0,0.0,0.0,0.0,0.0,0.0,0.0,0.0,0.0,-0.012534297265360218,0.0,0.0,0.0,0.0
178,Normal,Normal,0.9998769662021844,0.0,0.0,0.0,0.0,0.0,0.0,0.0,0.0,0.0,0.0,0.0,0.012584046166641315,0.0,0.0,0.0,0.0,0.0,0.0,0.0,0.0,0.0,0.0,0.0,0.0,0.010965536911883919,-0.01060951714186159,0.0,0.0,0.0,0.0
179,Normal,Normal,0.9993657074045171,0.0,0.0,0.0,0.0,0.0,0.0,0.016878149756739957,0.0,-0.00025603978899702527,0.0,0.0,0.0,0.0,0.0,0.0,0.0,0.0,0.0,0.0,0.0,0.0,0.0,0.0,0.0,0.0,-0.0062759817905546625,0.0,0.0,0.0,0.0
180,Normal,Normal,0.9919683235433145,0.0,0.0,-4.520562473441429e-05,0.0,0.0,0.0,0.0,0.0,-0.000128008239501578,0.0,0.0,0.0,0.0,0.0,0.0,0.0,0.0,0.0,0.0,0.0,0.0,0.0,0.0,0.0,0.020146195706261225,-0.012015615694851258,0.0,0.0,0.0,0.0
181,Normal,Normal,0.9186939699908903,0.0,0.0,-0.00011149201216838073,0.0,0.0,0.0,0.0,0.0,0.0,0.0,0.0,0.0,0.0,0.0,0.0,0.0,0.0,0.0,0.0,0.0,0.0,0.0,0.0,0.0,0.0,-0.011270529301825077,0.0,0.0,0.0,0.0
182,port-scan,port-scan,0.9996936446261954,0.0,0.0,0.0,0.0,0.0,0.0,0.0,0.0,0.0,0.0,0.0,0.0,0.0,0.0,0.0,0.0,0.0,0.0,0.0,0.0,0.0,0.0,0.0,0.0,-0.12158590044370556,0.24588606234886806,-0.0007788082525630682,-0.004844187475456063,0.0,-0.07532992901444653
183,Normal,Normal,0.9983996034055106,0.0,0.0,0.0,0.0,0.0,0.0,0.0,0.0,0.0,0.0,0.0,0.0,0.0,0.0,0.0,0.0,0.0,0.0,0.0,0.0,0.0,0.0,0.0,0.0,0.0,-0.015209524426703529,0.0,0.0,0.0,0.0
184,Normal,Normal,0.9999061228153209,0.0,0.0,0.0,0.0,0.0,0.0,0.0,0.0,-0.0002299257978960784,0.0,0.0,0.0,0.0,0.0,0.0,0.0,0.0,0.0,0.0,0.0,0.0,0.0,0.0,0.0,0.013056209840875938,-0.013935361915651858,0.0,0.0,0.0,0.0
185,Normal,Normal,0.9927029733342013,0.0,0.0,0.0,0.0,0.0,0.0,0.0,0.0,0.0,0.0,0.0,0.0,0.0,0.0,0.0,0.0,0.0,0.0,0.0,0.0,0.0,0.0,0.0,0.0,0.0,-0.01372642273344239,0.0,0.0,0.0,0.0
186,ddos,ddos,0.9999999652529427,0.0,0.0,0.0,0.0,0.0,0.0,0.0,0.0,0.0,0.0,0.0,0.0,0.0,0.0,0.0,0.0,0.0,0.0,0.0,0.0,0.0,0.0,0.0,0.0,-0.06384633087892065,0.0716952666839231,-0.0003378017088813064,0.0,0.0,0.0
187,port-scan,port-scan,0.9998103867864236,0.0,0.0,0.0,0.0,0.0,0.0,0.0,0.0,0.0,0.0,0.0,0.0,0.0,0.0,0.0,0.0,0.0,0.0,0.0,0.0,0.0,0.0,0.0,0.0,-0.14141203425444324,0.13836167928797471,-0.0006522586601578173,0.0,0.06373031972391781,-0.035656937134710714
188,Normal,Normal,0.9870623689731196,0.0,0.0,0.0,0.0,0.0,0.0,0.0,0.0,0.0,0.0,0.0,0.0,0.0,0.0,0.0,0.0,0.0,0.0,0.0,0.0,0.0,0.0,0.0,0.0,0.0,-0.014186845428339902,0.0,0.0,0.0,0.0
189,Normal,Normal,0.9986686632589197,0.0,0.0,0.0,0.0,0.0,0.0,0.0,0.0,0.0,0.0,0.0,0.0,0.0,0.0,0.0,0.0,0.0,0.0,0.0,0.0,0.0,0.0,0.0,0.0,0.0,-0.012121366691670648,0.0,0.0,0.0,0.0
190,port-scan,port-scan,0.3049846406971076,0.0,0.0,0.0,0.0,0.0,0.0,0.0,-0.0013167828148681207,0.0,0.0,0.0,0.0,0.0,0.0,0.0,0.0,0.0,0.0,0.0,0.0,0.0,0.0,0.0,0.0,0.0,0.0,0.0,0.0,0.0,0.0
191,port-scan,port-scan,0.999645450360051,0.0,0.0,0.0,0.0,0.0,0.0,0.0,0.0,0.0,0.0,0.0,0.0,0.0,0.0,0.0,0.0,0.0,0.0,0.0,0.0,0.0,0.0,0.0,0.0,-0.11740963640425035,0.15385966240796525,-0.0007167552066047732,0.0,0.05696566767660442,-0.07083952887327528
192,Normal,Normal,0.9999023037795921,0.014565980857576655,0.0,0.0,0.0,0.0,0.0,0.0,0.0,-0.0003035809308900727,0.0,0.0,0.0,0.0,0.0,0.0,0.0,0.0,0.0,0.0,0.0,0.0,0.0,0.0,0.0,0.0,-0.014122756289707794,0.0,0.0,0.0,0.0
193,Normal,Normal,0.9996038973125568,0.0,0.0,0.0,0.0,0.0,0.0,0.0,0.0,0.0,0.0,0.0,0.0,0.0,0.0,0.0,0.0,0.0,0.0,0.0,0.0,0.0,0.0,0.0,0.0,0.0,-0.01516785461385669,0.0,0.0,0.0,0.0
194,replay,replay,0.9804562477331454,-0.005523418020866811,0.0,0.0,0.0,0.0,0.0,-0.010341922400661518,0.0,0.0,0.0,0.0,0.015059604462560367,0.0,0.0,0.0,0.0,0.0,0.0,0.0,0.0,0.0,0.0,0.0,0.0,0.0,-0.014359104090468871,-8.19723486462226e-05,0.0,0.0,0.0
195,Normal,Normal,0.9992677902315555,0.0,0.0,0.0,0.0,0.0,0.0,0.0,0.0,-0.00012352523449166587,0.0,0.0,0.0,0.0,0.0,0.0,0.0,0.0,0.0,0.0,0.0,0.0,0.0,0.0,0.0,0.017134830554667656,-0.014665850751358483,0.0,0.0,0.0,0.0
196,Normal,Normal,0.9993259126692164,0.0,0.0,0.0,0.0,0.0,0.0,0.0,0.0,-0.0001472575080552407,0.0,0.0,0.0,0.0,0.0,0.0,0.0,0.0,0.0,0.0,0.0,0.0,0.0,0.0,0.0,0.0,-0.015198099146178291,0.0,0.0,0.0,0.0
197,Normal,Normal,0.9786953919106329,0.0,0.0,-0.00011539827011002382,0.0,0.0,0.0,0.0,0.0,0.0,0.0,0.0,0.0,0.0,0.0,0.0,0.0,0.0,0.0,0.0,0.0,0.0,0.0,0.0,0.0,0.0,-0.015068648463013921,0.0,0.0,0.0,0.0
198,Normal,Normal,0.997936857974358,0.0,0.0,0.0,0.0,0.0,0.0,0.0,0.0,0.0,0.0,0.0,0.0,0.0,0.0,0.0,0.0,0.0,0.0,0.0,0.0,0.0,0.0,0.0,0.0,0.0,-0.012485233039428407,0.0,0.0,0.0,0.0
199,Normal,Normal,0.961895142414446,0.0,0.0,0.0,0.0,0.0,0.0,0.0,0.0,-6.165021836168928e-05,0.0,0.0,0.0,0.0,0.0,0.0,0.0,0.0,0.0,0.0,0.0,0.0,0.0,0.0,0.0,0.0,-0.013197473738193164,0.0,0.0,0.0,0.0
