index,true,pred_label,pred_prob,shap_sBytesAvg,shap_rBytesAvg,shap_rFinRate,shap_rSynRate,shap_sttl,shap_rttl,shap_rAckRate,shap_sAckDelayMax,shap_rAckDelayMax,shap_sPackets,shap_rPackets,shap_sWinTCP,shap_rWinTCP,shap_sPayloadAvg,shap_rPayloadAvg,shap_sInterPacketAvg,shap_rInterPacketAvg
0,Normal,Normal,0.9994866495823718,-0.11184460249599239,0.009647396853152624,-0.0006341444429345651,0.09818374668212157,-0.0027961057937287703,0.009328370188554012,0.11574509682291287,0.006177802574532439,-0.0006558156836283065,-0.0963881103347858,-0.010686578058813496,0.0,0.0,0.0,0.0,0.0,0.0
1,Normal,Normal,0.9993737709183271,-0.11853003329141179,0.00874569956314303,-0.0006266532682240306,0.0978608609467945,-0.0015441734121391822,0.017294419998295972,0.11579356208457402,0.005249662274470469,-0.0006996827535454229,-0.09569369236887494,-0.01034165175622375,0.0,0.0,0.0,0.0,0.0,0.0
2,mitm,mitm,0.9995801813105825,-0.1097979482571597,0.007431848567524867,-0.0006122942028194947,0.11917221632503236,-0.002204323235421672,-0.01020675597521268,-0.06785316781694337,0.011130730492802002,-0.0007989465824908528,0.08532145669792439,-0.011376764236039363,-0.012135000102892448,0.0,0.0,0.0,0.0,0.0
3,ip-scan,ip-scan,0.3288493065574631,0.07824089883953529,-0.01616081624926503,0.04286959756945276,-0.036147668831037066,-0.10416189577339825,0.0,0.11887285547652283,-0.03234768261145128,0.06931656468229105,-0.3086311053181998,0.1149801263380573,0.03483832199775338,0.0,0.0,0.0,0.0,0.0
4,Normal,Normal,0.9988022158749407,0.1425799477580661,0.0,-0.0006865588670045948,-0.11018945439617266,-0.001216163122954327,-0.024425106472818578,-0.1096151974007424,0.017786499802531625,-0.0009423508835238881,0.08996004437235622,-0.014130642440859388,0.021659602122399462,0.0,0.0,0.0,0.0,0.0
5,ddos,ddos,0.9999929704043851,-0.05742443916950048,0.03784760289078041,-0.000834738192279075,0.04212205676805977,-0.007416359574261008,-0.0164238888400262,0.03170536087037553,0.008913720833162888,-0.0008591210103209543,-0.020107758527927604,-0.01565830393105462,0.0,0.0,0.0,0.0,0.0,0.0
6,Normal,Normal,0.9919430503601365,-0.12397011288125792,0.0075587679219848245,-0.0008470736201449938,0.11245493379236379,-0.0017179838404636624,0.012603792208089697,0.18384808411711231,0.005378683129777354,-0.0008693716401216599,-0.16835377685004185,-0.007484053764405943,-0.00785231000600157,0.0,0.0,0.0,0.0,0.0
7,Normal,Normal,0.9995737481508429,-0.1226307614823499,0.011079367713721632,-0.0006951096334729618,0.09997419000592163,-0.0019448558170135747,0.020984152388770126,0.10401279902137726,0.005983714021013361,-0.0007545910637429686,-0.07819804740445192,-0.010090652729412387,-0.016347085463485397,0.0,0.0,0.0,0.0,0.0
8,Normal,Normal,0.9974882797278064,-0.13668366885488134,0.013085504501371704,-0.0006851561877912755,0.09679895325005183,-0.0024746005359421136,0.03219640041828998,0.060107695448160414,0.005854251751910936,-0.0007350634224868146,-0.041766538235655994,-0.010896897361928651,0.0,0.0,0.0,0.0,0.0,0.0
9,Normal,Normal,0.9992198887626049,-0.1049748283687484,0.007935357453267846,-0.0007023853098495159,0.09987246130105219,-0.0021069942018521067,0.006013008358255128,0.11951081581391186,0.007297402943572734,-0.0007207565739029087,-0.11175649908594962,-0.010988924647036644,0.0,0.0,0.0,0.0,0.0,0.0
10,Normal,Normal,0.9999684184494114,-0.10135227649225081,0.011469856199555529,-0.0006428402184253375,0.0769528765687494,-0.0017306861566917216,0.014469670275050922,0.06540197646917985,0.006704530101058177,-0.0007022413087317153,-0.049286149262644414,-0.010757657483658409,-0.011168346198283925,0.0,0.0,0.0,0.0,0.0
11,Normal,Normal,0.9986132196813168,0.1310024820930133,0.0,-0.000688970168637126,-0.10942215550315765,-0.0010491185167812713,-0.02332255070663123,-0.11436991401367033,0.017138548637955837,-0.0009825696923417254,0.08648010205718609,-0.014022643824130826,0.023078765562182683,0.0,0.0,0.0,0.0,0.0
12,Normal,Normal,0.9992787275482057,-0.12636292117177975,0.012389146160376794,-0.0007175684531232229,0.09442302415891814,-0.001928041284393232,0.02569379006052757,0.11628806858261664,0.003920640453781294,-0.0007502572196645313,-0.07842944335520695,-0.009897987723643677,-0.026745825817550643,0.0,0.0,0.0,0.0,0.0
13,port-scan,port-scan,0.9994797567014932,0.0,-0.14869875006998323,-0.0002228537664456118,-0.04778709698473162,0.1290599983312335,0.0,0.10510402356018711,-0.2392291706324229,-0.0005835690585039871,-0.051460106712617575,0.2174346470312255,-0.018534532516972083,0.0,0.0,0.0,0.0,0.0
14,port-scan,port-scan,0.9993298247211634,0.0,-0.1511735511169757,-0.00019941680113784094,-0.0488961408647615,0.12576597696089356,0.0,0.0,-0.21911778824142303,-0.0006417307207792759,-0.057592544800089455,0.20924883789685791,-0.025429201648762244,0.0,0.0,0.0,0.0,0.0
15,Normal,Normal,0.9989617125541926,0.13179600578621922,0.0,-0.0006882796228834618,-0.10770460151173503,0.0,-0.027201991815856752,-0.11361096157616357,0.017802141100682796,-0.0009730603771357007,0.08963674373618054,-0.015240011845894652,0.019715221732253572,0.0,0.0,0.0,0.0,0.0
16,Normal,Normal,0.999624296363177,-0.11742317284526836,0.009843277263405219,-0.000625472781981533,0.09784805135497003,-0.002919503717969237,0.015917678381568254,0.10897355486847787,0.004543812328352777,-0.0007708626148232846,-0.08918297210193817,-0.0096822112838307,-0.011489681982264056,0.0,0.0,0.0,0.0,0.0
17,Normal,Normal,0.9988066925879183,0.14049697430377195,0.0,-0.0007803259169299781,-0.10932620810515745,-0.0012235253641753486,-0.02342637843275947,-0.11003490482749441,0.018323114689808885,-0.0009142926497926146,0.08807792426246336,-0.014188087974217414,0.02123902738318075,0.0,0.0,0.0,0.0,0.0
18,Normal,Normal,0.9994375082743049,-0.12245149782109699,0.009885841372089754,-0.0006206285863918294,0.10242065409418688,-0.002722927607892791,0.01894386417299736,0.10988881760342215,0.007074168325392532,-0.0006998467843855711,-0.08851631077357107,-0.00997729400549529,-0.011480270770160495,0.0,0.0,0.0,0.0,0.0
19,mitm,mitm,0.996656887447106,-0.18830475524937698,0.004909170760949851,-0.0006853589352230022,0.20502514417982146,-0.0026151171787599605,-0.014203760313409208,-0.06269183892591279,0.0069817884288306395,-0.0006905166929147161,0.06527071902811518,-0.010855552212687821,0.005837543906696515,0.0,0.0,0.0,0.0,0.0
20,Normal,Normal,0.9994642507779088,-0.11478517860245081,0.00972785607000795,-0.0006337260464327247,0.09884912506290952,-0.002520337028608743,0.012442466654157592,0.1120719004312506,0.0063575371715103085,-0.0006928530460698274,-0.09850204088206659,-0.010014319465682698,0.0,0.0,0.0,0.0,0.0,0.0
21,Normal,Normal,0.9923334546701563,-0.11094038290796888,0.01514076051105225,-0.0010436408851951008,0.08528149400245863,0.0,0.011507107995192438,0.10584025787215774,0.0,-0.001094224373164646,-0.07136874566190915,-0.010421078769106362,-0.026393887790239403,0.0,0.0,0.0,0.0,-0.0004779019256082943
22,Normal,Normal,0.9990601567005671,0.13906810552672483,0.0,-0.0008001523915966465,-0.1086431352347666,0.0,-0.02493127649041917,-0.11001521918111576,0.017030873668947878,-0.0009667733429845239,0.09041367236011494,-0.014410838318114813,0.020617565366137517,0.0,0.0,0.0,0.0,0.0
23,ddos,ddos,0.9999675379461009,-0.05816433216722689,0.04548275882392551,-0.0008575246998386171,0.040132786416920176,-0.0050605910116317725,-0.021790243556900894,0.04248753802125197,0.0,-0.0008959997636553385,-0.018774606627590538,-0.014833889542263544,-0.014630534917036362,0.0,0.0,0.0,0.0,0.0
24,Normal,Normal,0.975701027187753,-0.1309018891400778,0.018084632251399835,-0.0007149682596340898,0.082014891376842,-0.0014906441577495994,0.035394480354313675,0.14713708346533055,0.0,-0.0006759014224800063,-0.06934159868412836,-0.010582277401461605,-0.06323532941530016,0.0,0.0,0.0,0.0,0.0
25,Normal,Normal,0.9993617846313113,-0.11418421070323505,0.009728871752917386,-0.0006279085682323711,0.09822856695707122,-0.0018997168877404554,0.012710546632190822,0.10378287642790295,0.005073419952186817,-0.0006495832804957137,-0.09036064487981708,-0.009583293297253485,0.0,0.0,0.0,0.0,0.0,0.0
26,Normal,Normal,0.9988381733452979,0.13851277260896283,0.0,-0.0007354243656127911,-0.10744249175684559,0.0,-0.02532546621347833,-0.11302165956052451,0.01886658117248949,-0.0009554003431419268,0.08986446660689569,-0.015015379708196245,0.02304889037676122,0.0,0.0,0.0,0.0,0.0
27,Normal,Normal,0.9989111538037562,0.13890676344213176,0.0,-0.0006842399108480743,-0.10955230874691549,-0.0008607441423625281,-0.023791936079031056,-0.11323992691869297,0.017162809660823983,-0.0009590828870267966,0.09013501530183887,-0.01371644176489257,0.02349721359444154,0.0,0.0,0.0,0.0,0.0
28,Normal,Normal,0.9867327620116564,-0.10918064031470207,0.01487450464083865,-0.0007419513206152657,0.07491333090733854,-0.0026975520994500725,0.022186083343071702,0.1030727835803031,0.0,-0.0007664133036635314,-0.052290801199080895,-0.0098221745071614,-0.04067959145923317,0.0,0.0,0.0,0.0,0.0
29,mitm,mitm,0.9998618583791649,-0.13058490088962027,0.006244732073534874,-0.0007604679724948718,0.13682706838557943,-0.00110981340645532,-0.008348415932078933,-0.3311545701710629,0.013602393950363481,-0.0006913588526281036,0.3688529592986384,-0.013434593256331565,-0.035467414597642695,0.0,0.0,0.0,0.0,0.0
30,Normal,Normal,0.998659339996913,0.14340636589433212,0.0,-0.0007290530369605867,-0.10860404983081673,0.0,-0.026742968535528835,-0.10795992424935838,0.01811981317734696,-0.0009850848312609808,0.08585124353807073,-0.014716053917605776,0.023712852829695527,0.0,0.0,0.0,0.0,0.0
31,Normal,Normal,0.9990989440023016,0.1402109122819796,0.0,-0.000752662150036646,-0.10824964315552284,0.0,-0.02478176116273333,-0.11294963765239115,0.01806590960543812,-0.0009056243772212132,0.09387966839284309,-0.01495821654797776,0.01955570596269702,0.0,0.0,0.0,0.0,0.0
32,mitm,mitm,0.9997321622739597,-0.1308356637526082,0.005886517949968341,-0.0006341988356518896,0.1460406134273535,-0.0015802424020870643,-0.015110457906919186,-0.3369546400577295,0.014912596565534586,-0.0007950033581545104,0.37786958531462034,-0.014030606968002356,-0.03694616940918765,0.0,0.0,0.0,0.0,0.0
33,Normal,Normal,0.9927925016463617,-0.11249624062605057,0.012602665231567896,-0.0010358873268178361,0.08908921322597207,-0.0008493751792539272,0.013130859490904057,0.10489371000429941,0.004411445409639232,-0.0010284817563602528,-0.07226430038173866,-0.009666242153872144,-0.02689300901307722,0.0,0.0,0.0,0.0,0.0
34,Normal,Normal,0.9988885323073509,0.14079435149657188,0.0,-0.000731527960907321,-0.10991872782964478,0.0,-0.02609430473127081,-0.10894636637146171,0.01791796874598392,-0.0009424655239335685,0.08969580618168664,-0.014820241470120675,0.019092097284355517,0.0,0.0,0.0,0.0,0.0
35,Normal,Normal,0.9984552666036934,-0.13071370492743017,0.012824830152072468,-0.0007077668626361428,0.09244183343573042,-0.0016957016751980693,0.0305492008456127,0.1200992630088109,0.003646053084441943,-0.0007662097702926409,-0.07689855695443562,-0.009686870134236086,-0.031960318615398796,0.0,0.0,0.0,0.0,0.0
36,Normal,Normal,0.9987354972811437,0.14274443772719742,0.0,-0.0007624955423845071,-0.11000679189642515,0.0,-0.02627504574819546,-0.10858122990435028,0.01865702392996888,-0.0009633460597101568,0.09065417103630496,-0.014806711950478712,0.018327049601112966,0.0,0.0,0.0,0.0,0.0
37,Normal,Normal,0.9989815201833305,0.1355099059921294,0.0,-0.0007316018743518671,-0.10776598836809559,0.0,-0.022685658211921512,-0.11007208718371947,0.01851502362385867,-0.0009421335018788528,0.08956109165418696,-0.014962294570587568,0.02143026621221757,0.0,0.0,0.0,0.0,0.0
38,Normal,Normal,0.9988513483635785,0.1256969666963453,0.0,-0.0006509693535154761,-0.10208198331699724,0.0,-0.020938815537382315,-0.08562604705206892,0.015406246724147822,-0.000918031724952288,0.07453195478098826,-0.01404941138538858,0.01195540254367923,0.0,0.0,0.0,0.0,0.0
39,Normal,Normal,0.9837143429207287,-0.11163489636614586,0.016998135769152514,-0.0011017264147135254,0.08543870838960332,-0.0008574277719527526,0.011813952598313977,0.11285790914499085,0.0,-0.0011351370610846786,-0.07507839000076195,-0.009971838198680394,-0.0279898897739441,0.0,0.0,0.0,-0.004100611820342298,0.0
40,Normal,Normal,0.9990716094431858,0.13468708424404083,0.0,-0.00070317486907885,-0.10573477037970334,0.0,-0.02493213671762213,-0.1100007111382251,0.018480589297144516,-0.001015732892898647,0.08895899525115149,-0.014322919062599025,0.020759159506449423,0.0,0.0,0.0,0.0,0.0
41,ddos,ddos,0.9999981104420554,-0.050981476748946694,0.024769531531186353,-0.0007776527513902552,0.03151773425999373,-0.007230271603975519,0.0,0.01325927448268291,0.017087683819834516,-0.0007704627629921579,-0.005150342531089393,-0.019202671314416254,0.0,0.0,0.0,0.0,0.0,0.0
42,Normal,Normal,0.9899381818451873,-0.10813487965826388,0.01665495301021854,-0.001070263278525448,0.08432792294292171,-0.0005271077683981842,0.012162346718238088,0.09491224807036176,0.0,-0.0010593122752642259,-0.0643998272966685,-0.01179892392475551,-0.022008943853762584,0.0,0.0,0.0,0.0,0.0
43,mitm,mitm,0.9996031109603698,-0.008176741071021813,0.0,-0.0006861533304935063,0.013269309997187067,-0.0011099298126558096,0.0,-0.05852465610260909,0.013599478874023747,-0.0007334902328074728,0.067382684856117,-0.012704644190452996,-0.005045275269074612,0.0,0.0,0.0,0.0,0.0
44,Normal,Normal,0.9987374197560178,0.13968291654466247,0.0,-0.0006816910915957204,-0.1084095320385445,-0.0010032236986229248,-0.026348227651163656,-0.11365582236103813,0.01791448434807003,-0.0009823189502710594,0.09290968165886405,-0.013966067118502417,0.021938889228235982,0.0,0.0,0.0,0.0,0.0
45,mitm,mitm,0.9994514012006449,-0.18302102148145397,0.005766102185238518,-0.0007294213434267554,0.1916740164481777,-0.0018566948117798928,-0.011603187866208245,-0.06644105295415383,0.007823046293812828,-0.0007471915023170909,0.06950286054398196,-0.010656412805112552,0.0,0.0,0.0,0.0,0.0,0.0
46,Normal,Normal,0.9994533014362191,-0.12508604901960144,0.008626355450785007,-0.0006783388084742406,0.10101079368166016,-0.002040764143784496,0.021976356782959162,0.11751834327732065,0.004493825859130623,-0.0006807735376497974,-0.09458685977998929,-0.009637753463541066,-0.013234292523283276,0.0,0.0,0.0,0.0,0.0
47,Normal,Normal,0.9913179812909957,-0.123142861204319,0.007246961040715976,-0.0008574922423597714,0.11178920222101901,-0.0009752627429455164,0.011158552672428799,0.18858215094773637,0.006025266556166,-0.0009079093316226298,-0.17150123026909964,-0.007874828449187948,-0.0084829667821736,0.0,0.0,0.0,0.0,0.0
48,Normal,Normal,0.9988225679520195,-0.12115052872036512,0.00879015852687058,-0.0006452276261419474,0.10621247155138074,-0.0029729696089146208,0.0070255004637384474,0.09726290286865985,0.006463255565096706,-0.0007166656867981785,-0.09434504738532704,-0.010484759194613804,0.0,0.0,0.0,0.0,0.0,0.0
49,Normal,Normal,0.9995166509590505,-0.11773931634921748,0.009870299167682811,-0.0006847091730412909,0.10089480533997398,-0.002025650193763542,0.014582707672965267,0.11159730443978502,0.005647160721625124,-0.0007227558281674494,-0.09079514957187257,-0.010804715698168703,-0.010525900400691042,0.0,0.0,0.0,0.0,0.0
50,Normal,Normal,0.9847674588899631,-0.11106979166825612,0.01916062651349942,-0.0010535863953012937,0.08599665191914355,-0.0007032838559990159,0.0,0.11092844001527813,0.0,-0.0010635647710093106,-0.07652268760913235,-0.011998215755054433,-0.02321447850043079,0.0,0.0,0.0,-0.00405927534053363,0.0
51,Normal,Normal,0.9840369103622686,-0.13266002254673978,0.018615679912796498,-0.0006811009728831959,0.07930617138622854,-0.0027782672913150056,0.037942566607653445,0.15429015335753338,0.0,-0.0007653745990428163,-0.07243758919278989,-0.010038653914482812,-0.06922029989073754,0.0,0.0,0.0,0.005024984374422184,0.0
52,Normal,Normal,0.9995192669183649,-0.12236459390651223,0.010253322257705534,-0.000628459253082407,0.09779305735642985,-0.002852397339580055,0.020806913242884684,0.11135380947247611,0.005078497816187742,-0.0006593193551541583,-0.08905122798854648,-0.01018091333318576,-0.012195900277811396,0.0,0.0,0.0,0.0,0.0
53,Normal,Normal,0.9985070355065336,0.12852327062700794,0.0,-0.0007017588013843782,-0.0999479671096664,0.0,-0.02202481005552613,-0.1107302369504731,0.018462276842799275,-0.0009484410746248539,0.09174504784568513,-0.014669430032264268,0.020266264564163902,0.0,0.0,0.0,0.0,0.0
54,Normal,Normal,0.9988661599523091,0.13946971154405724,0.0,-0.0006546539037110475,-0.10837007916280887,0.0,-0.02454740239500271,-0.11018257070544685,0.018783109189442565,-0.0009265440214802193,0.09048738155138543,-0.015463336695087896,0.021572276846658862,0.0,0.0,0.0,0.0,0.0
55,port-scan,port-scan,0.9999692380185654,0.10195887215541755,-0.11552386317657602,-0.00016876721588871937,-0.04545533469244559,0.08124694706386752,0.0,0.0,-0.2324357685577617,-0.00048412202015352313,-0.06118345383924499,0.22567941052331655,-0.022036145588114404,0.0,0.0,0.0,0.0,0.0
56,port-scan,port-scan,0.9999234084693286,0.16980606091968575,-0.10160543944554278,-0.00042812367775012624,-0.09208007544340575,0.02902753273298576,0.0,0.16468360550163239,-0.13721279229427927,-0.0007473786369658754,-0.11606918808040612,0.12547924758199677,-0.02870581891786215,0.0,0.0,0.0,0.0,0.0
57,Normal,Normal,0.9921382610347035,-0.12256769686386787,0.00751505036246014,-0.0008837509439849237,0.10946103935026108,-0.0016297136624595309,0.014069376105550806,0.1833209460298626,0.006654793581965693,-0.0008899901302464537,-0.16657223803927232,-0.007851657025026422,-0.009091218673671575,0.0,0.0,0.0,0.0,0.0
58,Normal,Normal,0.984530009930341,-0.11410522396797254,0.017838218895907504,-0.001071792215680881,0.08583979952211886,-0.0011697980866938124,0.01040132257467968,0.11293730207600562,0.0,-0.0011257176908513228,-0.07550786068634781,-0.010123145598141627,-0.02615970267551258,0.0,0.0,0.0,0.0,0.0
59,ddos,ddos,0.9999892617843967,-0.06664213139138042,0.043695175070735205,-0.0008840051454621128,0.04506121989613473,-0.00503515402379535,-0.015099169107085014,0.04178306322184717,0.0,-0.0008564097685108845,-0.02321031973069524,-0.014850048167720228,0.0,0.0,-0.010977789601938293,0.0,0.0,0.0
60,ddos,ddos,0.9999850064463468,0.026833997706151497,0.0,-0.0007052827664603367,-0.019288013368706548,-0.003399614375914645,0.0,-0.05780569767834193,0.04294819017579707,-0.0008810489619186004,0.0527368984088465,-0.027811952268225044,-0.007321411228236789,0.0,0.0,0.0,0.0,0.0
61,ddos,ddos,0.9998545324492053,-0.07039200734243563,0.045190679762710274,-0.0009042410991344662,0.04674270895583416,-0.004563774407139027,-0.018628476779431507,0.04271422702527162,0.0,-0.0008657492440941295,-0.020337926669456004,-0.014253833702437315,0.0,0.0,0.004621487705751326,0.0,0.0,0.0
62,Normal,Normal,0.9996337639575754,-0.10790265567401008,0.009191440856897989,-0.0006172767828285138,0.09525585022896811,-0.0025725167305320315,0.010730396200109404,0.12536613881078135,0.004804683826115207,-0.0005985119349432319,-0.1103833066898788,-0.009476940510079291,0.0,0.0,0.0,0.0,0.0,0.0
63,Normal,Normal,0.9994745413966895,-0.10804567057191426,0.008570071383876224,-0.0007315193660869633,0.10073910551358294,-0.001967003129984146,0.007656701869194467,0.11654456073445327,0.006290651384898034,-0.0006200527655552144,-0.10537715986683278,-0.010256724844379438,0.0,0.0,0.0,0.0,0.0,0.0
64,Normal,Normal,0.99960276262886,-0.11445266594633756,0.010016674631638176,-0.0005743793245639798,0.09650814013874259,-0.0032880374038953292,0.014177955730264216,0.11214863549425053,0.004648255735968388,-0.0006697706290959228,-0.09302421289545085,-0.009863502006320682,0.0,0.0,0.0,0.0,0.0,0.0
65,Normal,Normal,0.9987690390565287,-0.10608735877461394,0.009264749140319002,-0.0006539450509916758,0.10256841432317651,-0.002931862813364333,0.0,0.10325790959243421,0.007580895216187382,-0.00068319576290855,-0.0979944566429322,-0.01096325594187828,0.0,0.0,0.0,0.0,0.0,0.0
66,Normal,Normal,0.9992697649137805,-0.1252286569485594,0.010562282914670467,-0.0005977600823746141,0.09622678722672212,-0.0027131724989045095,0.026383293059784915,0.11586248092534182,0.0036115745313372444,-0.0007464418060770158,-0.09023278124983648,-0.00938996497534986,-0.013847181096177984,0.0,0.0,0.0,0.0,0.0
67,Normal,Normal,0.9981322005282667,-0.10631083921354575,0.010311842553228147,-0.0006405720255233866,0.10082167666285537,-0.0044799972253927005,0.0,0.10432546014570467,0.006091299984627374,-0.0006828609620014186,-0.10655938497436854,-0.009619550447369112,0.00992791891438314,0.0,0.0,0.0,0.0,0.0
68,port-scan,port-scan,0.9999697525550856,0.0,-0.1320220268793658,-0.0002550727149074203,-0.052786203836572544,0.08201039836589928,0.0,0.1048535559353998,-0.22562484925408738,-0.0005074676751378931,-0.06007610697993166,0.2025162177678009,-0.024503857071215187,0.0,0.0,0.0,0.0,0.002663744307609628
69,Normal,Normal,0.9999703229165002,-0.09733509412370861,0.01302954625772626,-0.0007329740495317581,0.07592895366437076,-0.002233056327851758,0.009252623191225724,0.06522762963713678,0.006132835070241663,-0.0007368709823421757,-0.05163230697358654,-0.010967819159748475,0.0,0.0,0.0,0.0,0.0,0.0
70,Normal,Normal,0.9857910931934959,-0.10719747612441759,0.018925585919936934,-0.0010307793292078395,0.08092463242382615,-0.0019542363577695083,0.008103685029559993,0.10992494692590576,0.0,-0.0011250876932358458,-0.07415739430106398,-0.009755355429549589,-0.026697976468996354,0.0,0.0,0.0,0.0,0.0
71,mitm,mitm,0.9997258799449671,-0.12600922753519575,0.0055177672323852,-0.0006620882690029168,0.13997916276780695,-0.0012327988127669599,-0.016064144238867113,-0.32667004523463594,0.014337643218450536,-0.000714929836271187,0.36155197352793755,-0.01395431437232612,-0.03295521719906531,0.0,0.0,0.0,0.0,0.0
72,Normal,Normal,0.9954638214386217,-0.13987919301896212,0.011243716914550497,-0.0006958069567819956,0.09548680624799681,-0.001434285923931031,0.03144477250661892,0.04706967923135627,0.0074843855628949196,-0.0007720078162380742,-0.032304242000311165,-0.011155113765416974,-0.014059819790504668,0.0,0.0,0.0,0.0,0.0
73,Normal,Normal,0.9992428346299554,-0.12201219532490497,0.010612369545237086,-0.0006399613682819804,0.10123229850046608,-0.0029914209226124385,0.020419840531689184,0.11673045471474677,0.00516226978092833,-0.0007029854786214489,-0.09477387779592607,-0.009373907426498592,-0.010693169229183758,0.0,0.0,0.0,0.0,0.0
74,Normal,Normal,0.9996053458773486,-0.12853815040456498,0.009060768942972742,-0.0005791672996819425,0.10534951998647167,-0.0019429293705476155,0.014178544509488064,0.07479564314646327,0.008223806840362538,-0.0007886230962597764,-0.06610534921648414,-0.01038028647024942,0.0,0.0,0.0,0.0,0.0,0.0
75,Normal,Normal,0.9999696888686346,-0.0973613843299783,0.011588864727426386,-0.0007022771890734228,0.07683664279409513,-0.0019462205622970007,0.010824380052464501,0.06403625769469362,0.003755189635235509,-0.0008647751858877799,-0.04746727497999744,-0.009968715962033114,-0.01028167070357456,0.0,0.0,0.0,0.0,0.0
76,Normal,Normal,0.9996553501838296,-0.11363121817158406,0.008243660402123857,-0.0006673890329796816,0.09872507110324764,-0.002172812285717105,0.011194982200389303,0.1124326314701575,0.005333604268725347,-0.0006092784069484334,-0.09216318876718582,-0.009719532636585142,0.0,0.0,0.0,0.0,0.0,0.0
77,Normal,Normal,0.9997378613420124,-0.11451968736108839,0.01180659770730886,-0.0007366071596660253,0.09543391860861446,-0.0021850424918523196,0.010233168046735441,0.08336468122468742,0.005054644339058799,-0.0007286852100343819,-0.06741287106419323,-0.009435535214863506,-0.0104566272082278,0.0,0.0,0.0,0.0,0.0
78,Normal,Normal,0.9857675493427008,-0.11280521462870464,0.018390943742727713,-0.0010881158779447264,0.08448908835929597,0.0,0.00839000163860396,0.1114660395698235,0.0,-0.0011100536465456748,-0.07880651199510828,-0.010719700788285177,-0.02390208360222552,0.0,0.0,0.0,0.0,0.0
79,Normal,Normal,0.9837418129167627,-0.11326033138824246,0.01746018090484724,-0.0010886221500915785,0.08551045281848314,0.0,0.011212325522193055,0.11260382381862646,0.0,-0.0010981230691068148,-0.07538706781832531,-0.01033465822678739,-0.026054049215221604,0.0,0.0,0.0,0.0,0.0
80,Normal,Normal,0.9989220450146921,0.13839463452874887,0.0,-0.0006400761437111061,-0.1068193595974394,0.0,-0.025266811828904046,-0.10927866301541647,0.018319193683171985,-0.0010141931795601773,0.08864449057587837,-0.013892670987228406,0.02135233453014282,0.0,0.0,0.0,0.0,0.0
81,Normal,Normal,0.9983821143763196,0.13645206350039354,-0.004483982632870351,-0.0007477561820730793,-0.10832245629643866,0.0,-0.02605919693468185,-0.11576022931985444,0.01897309507187899,-0.0009467801335401954,0.08951780129647817,-0.015282206961317695,0.022991074759377145,0.0,0.0,0.0,0.0,0.0
82,Normal,Normal,0.9985949449155079,0.1450056768245288,0.0,-0.000774604250575753,-0.11243768004092938,0.0,-0.02478087175393137,-0.11008332740685045,0.017598805989398496,-0.000897626443560355,0.09157007088956202,-0.015125711374440602,0.019543662956188562,0.0,0.0,0.0,0.0,0.0
83,Normal,Normal,0.9992984093350374,-0.1250383438469442,0.013000088706038098,-0.0006627014303623245,0.09225138660645407,-0.0026616131968894914,0.03023262126756631,0.11474212323914329,0.005000876737951993,-0.0006907036772212614,-0.08109228046415837,-0.009894952637645595,-0.022421122926654984,0.0,0.0,0.0,0.0,0.0
84,port-scan,ip-scan,0.3288493065574631,0.07088604017052735,-0.01703509565999666,0.04930595339630736,-0.0409303048644849,-0.10716943265187118,0.03763353351205752,0.11944571798618736,-0.033886523244721814,0.06911039565688323,-0.2968477334726404,0.11848448360089972,0.0,0.0,0.0,0.0,0.0,0.0
85,Normal,Normal,0.9839831824991964,-0.11055600641552293,0.019022762441655766,-0.0010215218203679305,0.08474764319626968,-0.0016083690626193393,0.012364448845042987,0.10987518618726622,0.0,-0.001121912463564251,-0.07571498025903096,-0.010160962275802815,-0.023524929930256983,0.0,0.0,0.0,0.0,0.0
86,Normal,Normal,0.9995755384618935,-0.11832253557428732,0.009685915781027296,-0.0007030320847490244,0.09984937082615554,-0.002530997977781681,0.01727601750137002,0.11122128048270888,0.005461585075363696,-0.0007175624516910658,-0.08758736831934416,-0.010376101654905196,-0.014412007773255086,0.0,0.0,0.0,0.0,0.0
87,Normal,Normal,0.984094920549036,-0.11318055942216432,0.015898329776371813,-0.0011227232070250722,0.08668204095619735,0.0,0.011714692213846453,0.11573997963607974,0.0,-0.0010532144119346635,-0.08060197790208504,-0.011037299664307281,-0.02633420650700746,0.0,0.0,0.0,0.003964854997365125,0.0
88,Normal,Normal,0.9857617955969625,-0.1051898752168353,0.018163361125479525,-0.0010399662851244295,0.08388279822075798,-0.0010806611907937629,0.00690869269108476,0.1112565920131895,0.0,-0.0011441224462291056,-0.0724668660963843,-0.010159014407336063,-0.02732579273723783,0.0,0.0,0.0,0.0,0.0
89,replay,replay,0.9799526557582413,-0.15731978647854544,0.009067775468161579,-0.0007946543902609556,0.10468838661153693,-0.0019765564996259114,0.04975489219601794,0.11516468194224297,0.006926462832291883,-0.0009079701316000362,-0.08754063568530501,-0.00886615463456839,0.0,0.0,0.0,0.0,0.0,0.0
90,replay,replay,0.9943211688673776,-0.16151395378632108,0.008100043825701975,-0.0007122177886455416,0.10926478598283375,-0.0018500336119796235,0.047281979309707234,0.12010821708122979,0.0067225351985434004,-0.0007682270524925902,-0.10362259227079462,-0.00945172097867865,0.0,0.0,0.0,0.0,0.0,0.0
91,Normal,Normal,0.9987665873223147,-0.11330095122450058,0.009238045162495137,-0.0006438417949801368,0.10578424464244929,-0.0033699634000889816,0.0,0.09801716242837731,0.007838908554530987,-0.0006878857912046806,-0.10264931923420374,-0.010269063248131476,0.0038676736953678326,0.0,0.0,0.0,0.0,0.0
92,Normal,Normal,0.9745471523291793,-0.0803673437197222,0.013365534100245885,-0.001027027864401391,0.0671784977260706,-0.002213121326682499,0.007538471651115623,0.0,0.007322267143435047,-0.0011305214592188739,-0.022278366806976077,-0.011803035901588646,0.007881072464770322,0.0,0.0,0.0,0.0,0.0
93,Normal,Normal,0.9996428756633832,-0.11953036590689102,0.009145675571086493,-0.0005889150932959082,0.10623461526424093,-0.002557206013459787,0.006382339743891784,0.09654301092316986,0.007873910061110741,-0.0007012448755194534,-0.09488863205803799,-0.010033649490327048,0.0,0.0,0.0,0.0,0.0,0.0
94,Normal,Normal,0.9996071895106783,-0.12119123802992153,0.009641242314865461,-0.0007280751476895276,0.101336773667148,-0.0027163937333368484,0.017791344973297617,0.09869095128714984,0.00651763536670837,-0.0006178931148628893,-0.0847547449333708,-0.010516237884485675,0.0,0.0,0.0,0.0,0.0,0.0
95,Normal,Normal,0.9877956553527362,-0.09805808574139603,0.019399999176694733,-0.001064943777537235,0.07630891626987565,-0.001260521177905599,0.0,0.1710536124680704,-0.012928912879857585,-0.0010432416005611731,-0.10468857760871848,-0.008992336714407226,-0.043834274479448314,0.0,0.0,0.0,0.0,0.0
96,mitm,mitm,0.9708699397675232,-0.1947845995228911,0.007632360103193568,-0.0007272985197281782,0.20138193345629044,-0.0030445408305859985,-0.010852206724990467,0.09884366170335403,0.006690215026920278,-0.0007106976588402517,-0.11423276864727,-0.008678138450445882,0.01847389935781095,0.0,0.0,0.0,0.0,0.0
97,Normal,Normal,0.9848994807453048,-0.11022662720521795,0.0176914352486001,-0.0009911335395179138,0.08394808374966015,-0.001230036035986522,0.009877240103205271,0.11158885766673482,0.0,-0.001111820644467183,-0.07413541938560267,-0.008466611630013034,-0.026142058021017083,0.0,0.0,0.0,0.0,0.0
98,Normal,Normal,0.9992249664237236,-0.13164991524224773,0.009624390721211072,-0.0007112614302417046,0.09953617597567072,-0.0022773540596863666,0.028864306713848688,0.07417659670093933,0.0072777445120511845,-0.0008018494049782933,-0.055145695456884344,-0.010244891141938408,0.0,0.0,0.0,0.0,0.0,0.0
99,ddos,ddos,0.9999968637135856,-0.013906858949436347,0.014068467160998788,-0.0007270693167118138,0.007687786990424106,-0.005773914711323245,0.0,-0.0064671092423059405,0.02540323829226526,-0.0006910215406447718,0.011288147180220844,-0.023048396832830075,0.0,0.0,0.0,0.0,0.0,0.0
100,Normal,Normal,0.9987776624183055,0.14233420100205912,0.0,-0.0007644003279761371,-0.1106705212844172,0.0,-0.026541449672347128,-0.11254306723780692,0.018889604417409316,-0.0009754276170742571,0.08754918716195023,-0.013908089526624786,0.024678532636737156,0.0,0.0,0.0,0.0,0.0
101,Normal,Normal,0.9911428748285533,-0.1268143811464679,0.011707817250661832,-0.0010666099091317918,0.0910632737993159,0.0,0.015577915087272631,0.0766086874405589,0.005449540274650028,-0.0010707635871862783,-0.05952323795994672,-0.011151800848380607,-0.019674348725876672,0.0,0.0,0.0,0.0,0.0
102,Normal,Normal,0.9982938041700408,0.13260196051077797,0.0,-0.0007237657197666184,-0.10402687409512724,-0.000796881268844675,-0.023631007736254487,-0.11655055827137453,0.017105771103914938,-0.000907739429690043,0.09295123788094854,-0.014476419054836834,0.023935640050363714,0.0,0.0,0.0,0.0,0.0
103,Normal,Normal,0.9820019672541135,-0.11048034072379403,0.017558711255584586,-0.0010054110019629768,0.08424031268642862,-0.0010953137264425152,0.010443661946839603,0.11253556539241232,0.0,-0.0010645245558030226,-0.07482437345740092,-0.010070438384538003,-0.027464333366984728,0.0,0.0,0.0,0.0,0.0
104,mitm,mitm,0.5907018899221435,0.07284873518151978,-0.031164237647064698,0.02997692851434051,-0.053559585831758495,-0.13256060977660888,0.10986722834574829,0.08887296410143579,-0.008085370479691429,0.02059117236842546,-0.1840139690484567,0.03835997680945066,0.0,0.0,0.0,0.0,0.0,0.0
105,Normal,Normal,0.9995428902871075,-0.10758056508784654,0.009334279004952184,-0.0007177001646078876,0.0986553209707633,-0.0023281776011759726,0.009372375266167493,0.11637553439415185,0.00662201961133061,-0.0007132291053730462,-0.10270687776911637,-0.009684162679678528,0.0,0.0,0.0,0.0,0.0,0.0
106,Normal,Normal,0.9839980919247067,-0.11325146113492493,0.02173996352034145,-0.0010970275118391333,0.08696656986028994,-0.000896737127449656,0.008196943880317222,0.10974177225911427,0.0,-0.0011607924966203732,-0.07464434992822173,-0.009732305969271965,-0.025935525320775515,0.0,0.0,0.0,0.0,0.0
107,Normal,Normal,0.9817407803519692,-0.14184799152395258,0.01856012081047666,-0.000670415101045569,0.08081344472232223,-0.0016977873322092654,0.04390654884663761,0.15512493600498584,0.0,-0.0006925815326282994,-0.07596281474877085,-0.010472868229016701,-0.06866369939367098,0.0,0.0,0.0,0.0,0.0
108,Normal,Normal,0.98473892008816,-0.11365313091703512,0.01805344580132988,-0.0009967135053814008,0.08337077595772475,-0.0013889891694065005,0.012849015462239466,0.10624575657689023,0.0,-0.0010976904172347527,-0.07290681051419597,-0.00983955739392505,-0.02182941458684924,0.0,0.0,0.0,0.0,0.0
109,Normal,Normal,0.9989127661715528,0.13840978771798074,0.0,-0.0007616089136276936,-0.10776490712118195,-0.0011874160733315352,-0.024253399686407173,-0.10861245653283817,0.01760901433948084,-0.0009816713166589126,0.0884978266398451,-0.014113136672201567,0.02158690777325911,0.0,0.0,0.0,0.0,0.0
110,ddos,ddos,0.9999971788044573,-0.0498022594801201,0.021990997546528418,-0.0006255400484483378,0.03757252055607035,-0.006530313921988803,0.0,0.0,0.017677374443888387,-0.0006659229922428862,-0.0032339980785260195,-0.019442434975052502,-0.0085707827278187,0.0,0.0,0.0,0.0,0.0
111,Normal,Normal,0.9996646362967019,-0.11728672511308641,0.009278589399279497,-0.000584004659195531,0.09989295811954438,-0.0031676591191432055,0.017237961956238505,0.11187454940318772,0.00570439701251388,-0.000817579013691624,-0.0859695273152395,-0.009672774611454965,-0.014752595678572367,0.0,0.0,0.0,0.0,0.0
112,Normal,Normal,0.9979050958719048,-0.12386683898389193,0.007927058708506721,-0.000673811122419479,0.1193375873734104,-0.002169570695717757,0.0,0.0,0.010741400744938345,-0.0007593929523728334,-0.019084352714089474,-0.011904038433086569,0.007737067642218082,0.0,0.0,0.0,0.0,0.0
113,Normal,Normal,0.9995485453770997,-0.12118201194528024,0.009117763427529953,-0.0006824736583402637,0.1014356715069499,-0.0028446249257583875,0.018571353620337284,0.111283906799024,0.005493476769441955,-0.0006901510396864949,-0.08999839442769982,-0.009773860967049887,-0.013180893980555932,0.0,0.0,0.0,0.0,0.0
114,Normal,Normal,0.9989128630184276,0.14061998091381203,0.0,-0.0007788533906062219,-0.1102058864878693,0.0,-0.02465076655988513,-0.10911786271280488,0.0171267878638744,-0.0010019665151366898,0.0872208425343273,-0.01412459256357433,0.022676166181183167,0.0,0.0,0.0,0.0,0.0
115,ddos,ddos,0.999986313587239,-0.05719967257545753,0.04140194059959787,-0.0008282416158729087,0.042912320587165056,-0.0063084620885652766,-0.022117675853210794,0.03252584711109411,0.0034491451239602178,-0.0008477509146091424,-0.021159978284682326,-0.01595502935906062,0.0,0.0,0.0,0.0,0.0,0.0
116,Normal,Normal,0.9996943514984001,-0.11186537644753308,0.010461807850210385,-0.0006344658792437902,0.09613157923715575,-0.0029074312769700934,0.013073896530923106,0.11288780768594703,0.006600736140126947,-0.0006877067396614595,-0.08756234711505792,-0.010216313230239653,-0.015829175579522934,0.0,0.0,0.0,0.0,0.0
117,Normal,Normal,0.9982484269053732,0.13098840426028335,0.0,-0.0006834314081784798,-0.10533085527207746,0.0,-0.022065488766689345,-0.11349811376609943,0.01804542862191197,-0.0008547348881998311,0.09306807542063414,-0.014688895631586835,0.020562477077961147,0.0,0.0,0.0,0.0,0.0
118,Normal,Normal,0.9840395945150986,-0.1110311841342627,0.01924547261506558,-0.0010999094748907017,0.08573986993659956,0.0,0.007052563034378026,0.10292407528016144,0.0,-0.0011347503865964707,-0.0708905038601235,-0.01044134219552937,-0.022584222639180338,0.0,0.0,0.0,0.0,0.0
119,Normal,Normal,0.9993914528070175,-0.12107304094389978,0.008163625262203714,-0.0006604313541927603,0.11226638372207143,-0.002100055570509938,0.0,0.062223599616086304,0.010488602268920802,-0.0006329611396193127,-0.064546767265921,-0.012906375496368878,0.006034855032052323,0.0,0.0,0.0,0.0,-0.0005476930758677932
120,Normal,Normal,0.9995331872535416,-0.11577700663755258,0.011219936638519962,-0.0006893174833872921,0.10009697217834412,-0.0032944436044510536,0.013385190167245408,0.11766730336513075,0.006538333208231053,-0.0007220122565110866,-0.09090376300322701,-0.009785318681038433,-0.01743809072457186,0.0,0.0,0.0,0.0,0.0
121,port-scan,port-scan,0.9998578369138091,0.0,-0.15766603798174822,-0.00011385441318102733,-0.04710584409948769,0.13401159979246258,0.0,0.1081139466914135,-0.22093177730041094,-0.000580840921826662,-0.06677345851037018,0.21422446313176877,-0.019511336897241827,0.0,0.0,-7.888454256938047e-05,0.0,0.0
122,Normal,Normal,0.9983187786247557,0.1331915502344357,0.0,-0.0007450349766930763,-0.10192749240470023,0.0,-0.025836862365084926,-0.116795330305432,0.0173273401235019,-0.0010386456784298942,0.09246719771451149,-0.014548150625442166,0.024442745064888294,0.0,0.0,0.0,0.0,0.0
123,Normal,Normal,0.9990001172686955,-0.1029812826892988,0.009294135027485695,-0.0006494678283574996,0.09760446357735014,-0.003548838776979969,0.008689695725129006,0.12131769413562445,0.006844517338711243,-0.0007011555300732668,-0.11079541392823697,-0.009772040036904557,0.0,0.0,0.0,0.0,0.0,0.0
124,Normal,Normal,0.9971064504320126,-0.1407562185175651,0.014961339975718234,-0.0006941957646329285,0.09025319119605141,-0.002100454630553789,0.038596843153644846,0.08780374684347128,0.0038065455343725186,-0.0007285620570917041,-0.05305779817898251,-0.010063066807221611,-0.028043310848352893,0.0,0.0,0.0,0.0,0.0
125,Normal,Normal,0.9996161256893351,-0.1294549600363985,0.011040834095544898,-0.0006118075160483949,0.10270415547835184,-0.0030141518316323885,0.022155295810134604,0.09314284149079986,0.006771911331743193,-0.0006435815467013978,-0.07246207417619753,-0.01090926871270346,0.0,0.0,0.0,0.0,0.0,0.0
126,replay,replay,0.9890845015810867,0.15601881799086523,-0.01598497818608295,0.0008488925365781677,-0.15297803989209277,0.0,0.01899508940329353,-0.2253040079936,0.017770842421599785,-0.0031688745524783043,0.2612819481570882,-0.01889596488597409,-0.024108821422264913,0.0,0.0,0.0,0.0,0.0
127,port-scan,port-scan,0.999942565801203,0.0,-0.12449168870524159,-0.0002444758558762268,-0.052875209374653294,0.09580913386884432,0.0,0.09711796479135759,-0.2307051384043263,-0.0005893079008087508,-0.06004395739997352,0.22830254296483532,-0.025042014333756163,0.0,0.0,0.0,0.0,0.0
128,Normal,Normal,0.9976431732549176,-0.10904325444533876,0.008923641364725355,-0.0006335688218124544,0.10690758522341115,-0.0034151517276841147,0.0,0.1298268752107059,0.006300579291751432,-0.0007153983197629252,-0.12745789179962363,-0.010166108857174352,0.005688923439812838,0.0,0.0,0.0,0.0,0.0
129,Normal,Normal,0.9958707953385119,-0.12547689024217692,0.014790956439162612,-0.000670523209875362,0.08292682346279616,-0.0020925286303985586,0.03367064632552528,0.12412061345089472,0.0,-0.0007383669699640613,-0.0742801514319885,-0.009786517721757808,-0.03740463362473026,0.0,0.0,0.0,0.0,0.0
130,Normal,Normal,0.9987010384384095,0.12611135985044047,0.0,-0.0006195930988917934,-0.09791562980248363,-0.001506375209153181,-0.022074141267868497,-0.11292964935615349,0.017461514032430705,-0.0009096854087735218,0.09250520195742593,-0.013721549343379519,0.020881781488420577,0.0,0.0,0.0,0.0,0.0
131,port-scan,port-scan,0.9999691263105983,0.0,-0.11223081587736916,-0.00020387915693297832,-0.04349240786307866,0.08689041663098812,0.0,0.10264982110389687,-0.2010726271445148,-0.0006418680918671042,-0.055366595502154774,0.19457806869400848,-0.024433589682388835,0.0,0.0,0.0,0.0,0.0
132,Normal,Normal,0.9992190473383689,-0.10183451759877518,0.008856915429476423,-0.0006567474015365047,0.0961937209392072,-0.0030791564581469965,0.006394114404372993,0.13804456054104233,0.006220382804584095,-0.0007342906914297515,-0.12924550699456666,-0.009961898027359153,0.0,0.0,0.0,0.0,0.0,0.0
133,Normal,Normal,0.9995855862442706,-0.1218350576245025,0.01040897593998111,-0.000711173120163678,0.10055904600282733,-0.002624593085180074,0.018635228720696756,0.11997663681512141,0.005379574386009463,-0.0007131727029702139,-0.09251862719799087,-0.01042621599275735,-0.016501524562115007,0.0,0.0,0.0,0.0,0.0
134,ip-scan,ip-scan,0.3288493065574631,0.08237054175926005,-0.017657805819605844,0.044342634382946396,0.0,-0.10256740729015366,0.028118699083605835,0.12190949712807414,-0.03260502359081302,0.06613920711749828,-0.3052688988190823,0.1219872730117184,0.026820817801846898,0.0,0.0,0.0,0.0,0.0
135,Normal,Normal,0.9987822930209159,0.14121751072368152,0.0,-0.0007307718242650501,-0.11129327362612866,0.0,-0.025528641781359676,-0.11380276629254235,0.018608298372854024,-0.0009176868038841147,0.09172083188470671,-0.015101424159879969,0.023575831602351476,0.0,0.0,0.0,0.0,0.0
136,Normal,Normal,0.9995450933309936,-0.12276538392315044,0.011704101842030535,-0.0007010335475455456,0.10341059264653496,-0.0034727491055462677,0.016664947875519733,0.11567325745280693,0.004929119781018608,-0.0007200784081604568,-0.090179886350198,-0.010112499282195483,-0.015193060400658862,0.0,0.0,0.0,0.0,0.0
137,Normal,Normal,0.9988648610479659,0.13560526760465055,0.0,-0.000770595614631287,-0.11178288223513373,0.0,-0.024492213376910984,-0.1195542495670539,0.018200740580199,-0.0009423794094760838,0.09247409020963608,-0.01468378050034582,0.021835529689542207,0.0,0.0,0.0,0.0,0.0
138,Normal,Normal,0.9985028507445528,0.13813679112258131,0.0,-0.000766126564293572,-0.11266580080235475,0.0,-0.027796269400344718,-0.1178061899895699,0.017686728712262036,-0.0010196140579476851,0.08707509488534308,-0.013929686238232961,0.025157996931566517,0.0,0.0,0.0,0.0,0.0
139,Normal,Normal,0.9989047690597058,0.1380051488027933,0.0,-0.0006298253938419326,-0.1077608119718037,-0.0007713590575209109,-0.024413340140268434,-0.10907129638603913,0.017425218684555835,-0.0009350966298907148,0.08860317251198839,-0.014148177490704052,0.020828495808171154,0.0,0.0,0.0,0.0,0.0
140,Normal,Normal,0.9955233830490196,-0.1192486702030204,0.007296935481537251,-0.0006373102791830301,0.11403995670233029,-0.0030436689509830946,0.004433207922253293,0.16749118893006898,0.005350881626582469,-0.0007365851906888614,-0.15875950136828992,-0.009199206074723921,0.0,0.0,0.0,0.0,0.0,0.0
141,Normal,Normal,0.985002192310186,-0.1116842912851024,0.017998260820958355,-0.001074882355006041,0.08406382895369124,-0.0009676798469701603,0.01143872912894748,0.11097516944654114,0.0,-0.0010320237021185425,-0.07601423687820148,-0.01031271722950617,-0.026220360507713644,0.0,0.0,0.0,0.0,0.0
142,port-scan,port-scan,0.9692945378367149,0.16133736897018625,-0.0767458225642186,-0.0010336323438920583,-0.06585365041161811,0.0,0.0,0.22757598805678186,-0.16711466145620688,-0.0007029916148144545,-0.08837530158884827,0.18558985631706662,-0.1602547100206821,0.0,0.0,0.0,0.0,0.0
143,Normal,Normal,0.9875471065361121,-0.09595367321390284,0.021856425554873295,-0.0010658809461187317,0.07307648690928238,-0.0007892532045651541,0.0,0.1692434178068457,-0.011582980872414404,-0.0010367109432261126,-0.09995578017803909,-0.008440245326157118,-0.047631744999181054,0.0,0.0,0.0,0.0,0.0
144,Normal,Normal,0.9996523667078618,-0.11185754671476018,0.00972048718063756,-0.0006531533292858667,0.10013322111558659,-0.002631289259782524,0.01154554123381271,0.12964241958605902,0.004681649346708959,-0.0007449111849776324,-0.10051888537337898,-0.010368225819701106,-0.018217130729328616,0.0,0.0,0.0,0.0,0.0
145,mitm,mitm,0.990619886301802,-0.19867602295459055,0.006423063745156011,-0.0006858605301302985,0.2099935594021462,-0.0020391813246181706,-0.012316750944481657,0.04543002460621895,0.0074301675900469615,-0.0006293027525977829,-0.04927577288824266,-0.01044856806075185,0.010328452234599472,0.0,0.0,0.0,0.0,0.0
146,Normal,Normal,0.999323829418511,0.12162336928209036,0.0,-0.0007469430274579338,-0.09650376044959792,0.0,-0.025142323297682696,-0.11802659365348808,0.019965039216754084,-0.000939093950188987,0.08758965027946836,-0.014941727332658292,0.02544502129933176,0.0,0.0,0.0,0.0,0.0
147,Normal,Normal,0.998189966406901,-0.13619219018566806,0.014580439902895937,-0.000718721170157368,0.09342826644407382,-0.0025683750847841553,0.02722677194797511,0.08436009926424393,0.0,-0.0006937138399939464,-0.05969868129332132,-0.01102006775657439,-0.020390439687731306,0.0,-0.003343319325456867,-6.828893359464572e-05,0.0,0.0
148,Normal,Normal,0.9995890426420959,-0.12154705401969666,0.010319620763132496,-0.0005521883574401838,0.09883352268233206,-0.004087387817642621,0.02092176026830671,0.11830707449861261,0.006482398282006274,-0.0007126681990243973,-0.09133437629880257,-0.00987508967232375,-0.019001086948274824,0.0,0.0,0.0,0.0,0.0
149,ddos,ddos,0.9999866060929086,0.03517750058781776,0.0,-0.0006762613456659431,-0.020106124471573603,-0.004339864919812475,0.0,-0.061902776922529386,0.04160268943064403,-0.0007611595672375331,0.05059867529236056,-0.033146337653139506,0.0,0.0,0.0,0.0,0.0,0.0
150,Normal,Normal,0.9984358101288487,0.133208601500651,0.0,-0.000740620344227329,-0.10430601469518136,0.0,-0.024331198499232546,-0.10958259128856786,0.017460257157147937,-0.0009005441417722213,0.0942999080647048,-0.014904630781065345,0.017193695564659325,0.0,0.0,0.0,0.0,0.0
151,Normal,Normal,0.9989528320146738,0.14012223068690333,0.0,-0.0007189965667750239,-0.10751125121500987,0.0,-0.028031462343182476,-0.11387028306716311,0.017708318506742548,-0.0009228366417205771,0.09090784371179615,-0.014913288893624307,0.023462833778233532,0.0,0.0,0.0,0.0,0.0
152,Normal,Normal,0.9991780653661997,-0.1262632737123013,0.009835435963699232,-0.0006575380579676029,0.10603922786121152,-0.0028540578681338145,0.020508385154175437,0.11297314837546148,0.005814442554195638,-0.0007248223606793412,-0.09053565876914274,-0.009788046873335527,-0.012730849124172786,0.0,0.0,0.0,-0.007665098128591369,0.0
153,Normal,Normal,0.9857965098933058,-0.10718464395509963,0.01890279228872373,-0.0010637923970113618,0.08231211804335331,0.0,0.010037799376792361,0.10970457075816847,0.0,-0.0010190491330368731,-0.07319192891389745,-0.010863087390929099,-0.026008533783778525,0.0,0.0,0.0,0.0,0.0
154,mitm,mitm,0.999384496553622,-0.15066062328964125,0.00569823390211217,-0.0008011010850168229,0.15255054794699457,-0.000877771662457338,0.0,-0.32954880514452595,0.015221503203789618,-0.0007909159301498323,0.37403540862252493,-0.013664061422425561,-0.040992611937432304,0.0,0.0,0.0,0.0,0.0
155,Normal,Normal,0.9857406107684303,-0.10899723637503807,0.01820406204188037,-0.0010870105346631265,0.08415602020650591,0.0,0.00872349112026678,0.10983792629122846,0.0,-0.0011620738353416448,-0.0750681667559923,-0.009719387225081666,-0.02372863853103066,0.0,0.0,0.0,0.0,0.0
156,Normal,Normal,0.997757137026779,-0.10647346072792149,0.009124687327150023,-0.0006974491041110267,0.1053978307301219,-0.003472526659338982,0.0,0.1323736513749782,0.007207400028513179,-0.0006525443168336383,-0.13023738485991782,-0.00993056947029146,0.006583528961378678,0.0,0.0,0.0,0.0,0.0
157,Normal,Normal,0.9881372525555439,-0.1355272780440783,0.01293781356067771,-0.0007291646001807474,0.08618016871247937,-0.0018431385155388232,0.03941945824984262,0.0733269936827866,0.00580193141414003,-0.0008220112345631521,-0.04174220130337306,-0.011311778955058279,-0.025427465406701762,0.0,0.0,0.0,0.0,0.0
158,Normal,Normal,0.9990156156280925,0.13792954026255574,0.0,-0.0007438054148087652,-0.10709436534552443,-0.0007525249014257266,-0.0245026348260172,-0.11031390840137432,0.017783314122612262,-0.0009602279745248459,0.09369183130531171,-0.014439512026301057,0.01827091816190161,0.0,0.0,0.0,0.0,0.0
159,mitm,mitm,0.9629815871408012,-0.16313797149517487,0.005920533340862758,-0.0006546602083849109,0.17425367673118436,-0.004092010438572267,0.0,0.18175301422620113,0.0029672386417413594,-0.0006872119128684981,-0.18538712653772013,-0.007180702802429803,0.0120253421803713,0.0,0.0,0.0,0.0,0.0
160,Normal,Normal,0.9994393595325745,-0.11824043043012944,0.008488840756334628,-0.0007268013417568014,0.09977491843775473,-0.002175699266179904,0.01589123466849837,0.1219741736475227,0.006257925897785133,-0.000740405885945099,-0.09379792549351158,-0.010516903449788432,-0.019126299307078088,0.0,0.0,0.0,0.0,0.0
161,Normal,Normal,0.9879852773926093,-0.1123759943772982,0.015742587344124766,-0.0007113197890085943,0.0758395865540558,-0.0022373424871124426,0.023208457634105888,0.1070865568632957,0.0,-0.0007761663534845411,-0.05478859104419195,-0.010053919037466922,-0.03915321434896463,0.0,0.0,0.0,0.0,0.0
162,replay,replay,0.9662541487635036,0.08090127711095355,-0.018129755280691988,-0.0008249574193372101,-0.05382007541878087,0.0,0.0,-0.14144779869459226,0.0287389449987095,-0.0010756310077854867,0.06333834391725865,-0.014685755336290525,0.06214731022138951,0.0,0.0,0.0,0.0,0.0
163,Normal,Normal,0.9994640155082817,-0.13100296585064525,0.00879926406033253,-0.0006251366149619677,0.11222713213966463,-0.0031057910209494654,0.012417497758476833,0.06226383199394553,0.009322038456934979,-0.0006251556464284464,-0.060464583960976225,-0.012576321457562534,0.0,0.0,0.0,0.0,0.0,0.0
164,Normal,Normal,0.9868489697601931,-0.09982955609275378,0.020201331342365982,-0.0010053741370085805,0.07999351060705578,-0.001173276203547523,0.0,0.15130590232066216,0.0,-0.001111423342792163,-0.09342435624954712,-0.009087988192638858,-0.04129740746216013,0.0,0.0,0.0,0.0,0.0
165,Normal,Normal,0.9867666763020141,-0.10449343579672186,0.0222785021196104,-0.0010967423984398757,0.0805094436145018,0.0,0.0059843366288716004,0.13237771544771848,0.0,-0.0010795901917593463,-0.08702779349585539,-0.009933321570585586,-0.03160981587754381,0.0,0.0,0.0,0.0,0.0
166,Normal,Normal,0.9988889836280856,-0.12407503413486821,0.010817997926184042,-0.0007690459189024477,0.09630266032105635,-0.0022640141887562302,0.02437066735984489,0.09728850137662295,0.005482508536000419,-0.0007022602437144753,-0.06808183785240247,-0.010655300012703766,-0.01923165081242978,0.0,0.0,0.0,0.0,0.0
167,Normal,Normal,0.9610349178582573,-0.13867658320525925,0.019739154846895375,-0.0006695928004374629,0.07704506799253846,-0.002408620667669801,0.04581293368306534,0.1527279298988147,0.0,-0.0007623227983378731,-0.06580615931695173,-0.009937319786243272,-0.07272994323095715,0.0,0.0,0.0,0.0,0.0
168,ddos,ddos,0.9999985409830665,-0.05574109753416838,0.023003263826663935,-0.0007001052533469545,0.040086219966957846,-0.008212374124221065,0.0,0.01748393714843621,0.013468173634606895,-0.0007899684015455331,-0.01247467575430685,-0.01766073073156919,0.0,0.0,0.0,0.0,0.0,0.0
169,Normal,Normal,0.9996223151063464,-0.11929564601062356,0.01019048083597957,-0.0006185216347152916,0.10014541388751055,-0.0030660200706376702,0.01806443234746375,0.11305863181376045,0.005280905051592328,-0.0006950460581326799,-0.092067090784695,-0.010337905590079913,-0.012008440243814346,0.0,0.0,0.0,0.0,0.0
170,replay,mitm,0.591664092738214,0.06973915280949798,-0.03172894943532779,0.029932975552115618,-0.06203650020309137,-0.11731347058089424,0.10724836678037308,0.09970899333040396,-0.011697857197262709,0.021842602600079763,-0.1825282706575332,0.03176583434939665,0.0,0.0,0.0,0.0,0.0,0.0
171,Normal,Normal,0.9856295092487787,-0.10769368437101338,0.0167262547377276,-0.0011054420101123351,0.08497524809029004,0.0,0.007612227413572648,0.1091784908116119,0.0,-0.0010994873193894508,-0.07481132114654018,-0.00982237305911264,-0.025891680576116568,0.0,0.0,0.0,0.0,0.0
172,Normal,Normal,0.998856500286628,0.13982642330736617,0.0,-0.0007248911938339728,-0.10915213091292389,0.0,-0.02483579360503,-0.11049647693204069,0.018213742823094202,-0.0010210793377300074,0.08891307161351088,-0.014841498172699518,0.02252735922120714,0.0,0.0,0.0,0.0,0.0
173,port-scan,port-scan,0.9999675201604791,0.0,-0.10786605863404755,-0.00024179503182768125,-0.054430522200251415,0.0910146871219589,0.0,0.11364785493527929,-0.2267789005344702,-0.0005122607713567997,-0.067139272899588,0.22265688780219847,-0.024886836897434445,0.0,0.0,0.0,0.0,0.0
174,Normal,Normal,0.9928516884722939,-0.12727646919433402,0.0076337444462745855,-0.0008891891214562771,0.10847748339839719,-0.0014912425814983129,0.02036618088631112,0.1684874034537328,0.005671049680982305,-0.0009508461286779468,-0.1389358715020214,-0.008167159623466829,-0.022054426853094906,0.0,0.0,-4.4580863142329105e-05,0.0,0.0
175,Normal,Normal,0.9990434851815607,0.1392282866086869,0.0,-0.0007552107487724585,-0.10877906554634374,0.0,-0.0233648974854664,-0.10988609157367502,0.018125565454970634,-0.0009275944646499115,0.09048447849976643,-0.015286892089149486,0.02082209528950073,0.0,0.0,0.0,0.0,0.0
176,Normal,Normal,0.9996254551606263,-0.11539980297954841,0.009995212987953589,-0.0006610752156329963,0.096120049952291,-0.0025842195701916036,0.015599641296816928,0.10758757959683068,0.004203527363198058,-0.000614157548549782,-0.08967470918806209,-0.009692196139945444,0.0,0.0,0.0,0.0,0.0,0.0
177,Normal,Normal,0.9917510943793824,-0.12390597799314802,0.0127831982026148,-0.0010642729795860785,0.08993311627710594,-0.0007048863942572953,0.015285930193094559,0.07666386390058373,0.004381459100506635,-0.0011258220410329928,-0.05877059215584631,-0.010721925719843834,-0.016860145753825703,0.0,0.0,0.0,0.0,0.0
178,Normal,Normal,0.9927824496351807,0.15851209791871507,0.0,-0.0006188336504962061,-0.1319581497411422,-0.00040544760275474853,-0.026297705781131723,-0.06459296143288586,0.011857951927860844,-0.0008115212805551494,0.0531687075034389,-0.012220226815670865,0.011291294075951589,0.0,0.0,0.0,0.0,0.0
179,Normal,Normal,0.99786973543466,-0.11409114392295254,0.008084752972777316,-0.0005169225136170281,0.11571029754943976,-0.0036345511010069565,0.0,0.15074392859486024,0.006040997447778319,-0.0006246650653538886,-0.13904885989390306,-0.008750982537801637,0.0,0.0,0.0,0.0,0.0,0.0
180,Normal,Normal,0.9839950053072927,-0.1097094257857076,0.01768660723028622,-0.001060903066696726,0.08630559796691172,-0.0005876135654867276,0.009040976470164887,0.1105922410011596,0.0,-0.001083666365688036,-0.0738718296522623,-0.010046522087787724,-0.02565498430581569,0.0,0.0,0.0,0.0,0.0
181,Normal,Normal,0.9857277975056793,-0.10887607488762803,0.018115497653734262,-0.001083530176809034,0.08244081015213095,-0.0012032651429456263,0.010707536682136646,0.11048862780173571,0.0,-0.0011059156825758705,-0.07417417430006416,-0.010334742792958282,-0.027590606598115627,0.0,0.0,0.0,0.0,0.0
182,port-scan,port-scan,0.9998835383895532,0.0,-0.13865781970388447,-0.00025368265661968194,-0.04772190049790537,0.11342905520057578,0.0,0.0984225192557584,-0.23300640439285958,-0.0006141190092443844,-0.05484818793444527,0.21815026430391782,-0.020948797203286844,0.0,0.0,0.0,0.0,0.0
183,Normal,Normal,0.9989263210972705,0.13972111694063719,0.0,-0.0006595401639505535,-0.10874844136347944,0.0,-0.02503848022604289,-0.10965313101383224,0.018536824204347928,-0.000938655485589937,0.09061527575020414,-0.01458010394717143,0.019397742980908197,0.0,0.0,0.0,0.0,0.0
184,Normal,Normal,0.9988259011208956,0.14255282144890882,0.0,-0.0007561943443086541,-0.11087787373023322,0.0,-0.02555298422903574,-0.11486912698369986,0.018329329479765233,-0.0008641286382192426,0.09249837018907787,-0.015039949593111758,0.02445202295629049,0.0,0.0,0.0,0.0,0.0
185,Normal,Normal,0.9933167092639958,-0.13081476919281115,0.008933820676664227,-0.0009181064907010776,0.10702704107258383,-0.0015225060506820116,0.02307861714405598,0.16374232796226948,0.006663667126454436,-0.000990863653099204,-0.13395366846167636,-0.00911374665615866,-0.021463832860209527,0.0,0.0,0.0,0.0,0.0
186,ddos,ddos,0.9999562754402399,-0.06205162623145214,0.04207020981968502,-0.0008601409580955651,0.04410876872471389,-0.005850611340390235,-0.015291916649050157,0.040598204640404874,0.0,-0.0009448847547690357,-0.021307928983298755,-0.014862504063171945,0.0,0.0,0.0,0.0,0.0,0.0
187,port-scan,port-scan,0.9999684278147705,0.0,-0.11201295658311339,-0.00025244405273071226,-0.04023192022667892,0.09046676691893851,0.0,0.10751463239835901,-0.2295868152468509,-0.0005036631097678169,-0.05423441490674044,0.22114271129121243,-0.020403320428502705,0.0,0.0,0.0,0.0,0.0
188,Normal,Normal,0.9974504261150938,-0.12668733897939885,0.014458415156398867,-0.0006681550861038342,0.08547831498013413,-0.0028003814543492724,0.03205228509612444,0.11688719111445962,0.003723152920344211,-0.0007176501865911745,-0.072076878091848,-0.009866383391700982,-0.03712530598856363,0.0,0.0,0.0,0.0,0.0
189,Normal,Normal,0.999664289481322,-0.12959512188984038,0.008856268634740172,-0.0007555376305458691,0.10681075650205953,-0.0024056085879072798,0.017402631639429986,0.052013905362626324,0.009039628677575063,-0.0007118535502147282,-0.05047023761326112,-0.011513696521534162,0.0,0.0,0.0,0.0,0.0,0.0
190,port-scan,ip-scan,0.3157510254449846,0.07298051458832812,-0.015761198496072534,0.04139479419641641,0.0,-0.11069511967926851,0.0521665839039624,0.11006124355002102,-0.03579263327551597,0.06516112044451193,-0.30200182940180337,0.12555687084724498,0.03834124380452775,0.0,0.0,0.0,0.0,0.0
191,port-scan,port-scan,0.9999692507689355,0.0,-0.1222784059268701,-0.00016504641987051037,-0.048373859505759426,0.09225685821034534,0.0,0.10099996073578787,-0.20823381992199985,-0.0005569842810175908,-0.06331692193342957,0.20074916073428759,-0.023251574055508848,0.0,0.0,0.0,0.0,0.0
192,Normal,Normal,0.9987632773141848,0.13894369713555593,0.0,-0.0006266532910999454,-0.1093975438134548,0.0,-0.024972656127133466,-0.11425487483787834,0.017638549460016945,-0.0009216609281145735,0.0917675666172225,-0.0158705641831316,0.024815636686470258,0.0,0.0,0.0,0.0,0.0
193,Normal,Normal,0.9988976446303584,0.13947365787147134,0.0,-0.0006957471129299266,-0.10975008876070932,0.0,-0.024699231433328944,-0.10793444244688746,0.017678734382788098,-0.0009870085826028541,0.08925399577690399,-0.014785951076773905,0.020857706195779827,0.0,0.0,0.0,0.0,0.0
194,replay,replay,0.9998644216020297,0.0,0.0,-0.0005170905999414331,0.007065372317760868,0.0,0.0,0.034491465073130056,0.0,-0.0006432535172394738,-0.02832072255699358,-0.0063325859154500334,0.0,0.0,0.0,0.0,0.0,0.0
195,Normal,Normal,0.9987296916750328,0.13671595805280767,0.0,-0.0006817771563460824,-0.10833644090502349,0.0,-0.023790655571883392,-0.1076867716373109,0.018799962519829072,-0.0009704544972166277,0.08666827496841123,-0.0146983486848339,0.01991682941244825,0.0,0.0,0.0,0.0,0.0
196,Normal,Normal,0.9981909865838593,0.1316530900483281,0.0,-0.0006931406522267453,-0.10335479538909347,-0.0013497620508947862,-0.022985100931439194,-0.11086714495609958,0.01703924433602552,-0.0009741623624994071,0.08856884392899113,-0.013247118761203087,0.020948282851614517,0.0,0.0,0.0,0.0,0.0
197,Normal,Normal,0.9984518860950208,0.13288892473657438,0.0,-0.0008023355809597788,-0.1033562842086898,-0.0006965644572516291,-0.024895526497055818,-0.10880224415473802,0.018230492841048704,-0.0010722138377328699,0.08853395533044457,-0.01404581946054292,0.01915348799479682,0.0,0.0,0.0,0.0,0.0
198,Normal,Normal,0.9996554574177515,-0.12348852877929963,0.009324076024295943,-0.0007342070982233974,0.09892684746294159,-0.0025492092134617836,0.023135148853963963,0.11090892986357885,0.004975247146755885,-0.0007345102000035572,-0.08856598086192559,-0.009479080091476723,-0.013696625914812806,0.0,0.0,0.0,0.0,0.0
199,Normal,Normal,0.983839258763749,-0.1077541506139672,0.01755621305757745,-0.0011118916160027875,0.08185035793904646,0.0,0.009524030839582146,0.10541861780410837,0.0,-0.0010852781649513688,-0.07422821839593335,-0.010821007109393897,-0.023531084214726626,0.0,0.0,0.0,0.0,0.0
