index,true,pred_label,pred_prob,shap_end,shap_rBytesSum,shap_endOffset,shap_start,shap_sBytesSum,shap_startOffset,shap_rPayloadSum,shap_sPayloadSum,shap_rPackets,shap_sPackets,shap_rBytesAvg,shap_rInterPacketAvg,shap_sLoad,shap_rLoad,shap_sInterPacketAvg,shap_rPayloadAvg,shap_rAckDelayAvg,shap_rPshRate,shap_sAckDelayAvg,shap_sBytesAvg,shap_rAckDelayMax,shap_sPayloadAvg
0,Normal,Normal,0.9999943736207543,0.0,0.0,0.0,0.0,0.0,0.0,0.008300029639658974,-0.01078416090776072,0.0,0.0,-0.001341809886508998,0.0,0.0,0.0,0.0,0.0,0.0,0.0,0.0,0.0,0.0,0.0
1,Normal,Normal,0.9991791855585006,0.0,0.0,0.0,0.0,0.0,0.0,0.013927793000016883,-0.010863838203351173,0.0,0.0,-0.0013222209816200522,0.0,0.0,0.0,0.0,0.0,0.0,0.016569850561961637,0.0,0.0,0.0,0.0
2,mitm,mitm,0.9999257907636716,0.0,0.0,0.0,0.0,0.0,0.0,0.0,-0.0012682646803179728,0.0,0.0,-0.002510840897576602,0.0,-0.010289620459273584,0.0,0.0,0.0035949842366316265,0.0,0.0,0.0,0.0,0.0,0.0
3,ip-scan,port-scan,0.4355379340417245,0.0,0.0,0.0,0.0,0.0,0.0,0.0,0.0,0.0,0.008993789182597522,0.0,0.0,0.0,-0.0008467319071496812,0.0,0.0,0.011169345184537887,0.0,0.0,0.0,0.0,0.0
4,Normal,Normal,0.9998123519874994,0.0,0.0,0.0,0.0,0.0,0.0,0.00956523143969847,-0.008779977786524399,0.0,0.0,-0.004667021938633687,0.0,0.0,0.0,0.0,0.0,0.0,0.0,0.0,0.0,0.0,0.0
5,ddos,ddos,0.9999970614826632,0.0,0.0,0.0,0.0,0.0,0.0,-0.12176686066762399,0.08553423008819247,-0.0002797475147535075,0.02217510885397496,0.006537756435720527,0.0,0.0,0.0,0.0,0.0,0.0,0.0,0.0,0.0,0.0,0.0
6,Normal,Normal,0.9999356607656076,0.0,0.0,0.0,0.0,0.0,0.0,0.0,-0.005597824888534562,0.0,0.0,-0.004189446526763088,0.0,0.021797832036361528,0.0,-0.00019490158751580807,-0.00814385779280793,-0.00042413353530179946,-0.012080080826523542,0.0,0.0,0.0,0.0
7,Normal,Normal,0.998796042122478,0.0,0.0,0.0,0.0,0.0,0.0,0.010148429543218325,-0.010794351929662074,0.0,0.0,-0.001408511683806297,0.0,0.0,0.0,0.0,0.0,0.0,0.014055212605802185,0.0,0.0,0.0,0.0
8,Normal,Normal,0.9982975128683061,0.0,0.0,0.0,0.0,0.0,0.0,0.0074569411953676334,-0.012584981485921227,0.0,0.0,-0.0011499543631671163,0.0,0.0,0.0,0.0,0.0,0.0,0.008011049123327528,0.0,0.0,0.0,0.0
9,Normal,Normal,0.9996373557908556,0.0,0.0,0.0,0.0,0.0,0.0,0.016180066028127747,-0.009196274314593923,0.0,0.0,-0.0017607225686861743,0.0,0.0,0.0,0.0,0.0,0.0,0.013579591544880067,0.0,0.0,0.0,0.0
10,Normal,Normal,0.9999899951236975,0.0,0.0,0.0,0.0,0.0,0.0,0.010408797870543987,-0.010805777993999026,0.0,0.0,-0.0021120080070953936,0.0037607039071866654,0.0,0.0,0.0,0.0,-0.00011182965542268913,0.0,0.0,0.0,0.0,0.0
11,Normal,Normal,0.9996275850374146,0.0,0.0,0.0,0.0,0.0,0.0,0.00977761650812687,-0.009785402287831058,0.0,0.0,-0.0035086981632881844,0.0,0.0,0.0,0.0,0.0,0.0,0.0,0.0,0.0,0.0,0.0
12,Normal,Normal,0.9999905014883633,0.0,0.0,0.0,0.0,0.0,0.0,0.011464602769443747,-0.011058969149389737,0.0,0.0,-0.0011480202019195757,0.0,0.01720032276461643,0.0,-9.338560984003153e-05,0.0,0.0,-0.014703296813009824,0.0,0.0,0.0,0.0
13,port-scan,port-scan,0.9997405894169697,0.0,0.0,0.0,0.0,0.0,0.0,-0.16136154244292136,0.16470811604522165,-0.0007428711838134388,-0.012269121296529394,0.05409917767788292,-0.030076590821267225,-0.014716451621180352,0.0,-1.7938897285870933e-05,0.0,0.012098615704965635,0.0,0.0,0.0,0.0,0.0
14,port-scan,port-scan,0.9996803345650412,0.0,0.0,0.0,0.0,0.0,0.0,-0.15011627204440284,0.15231395165597508,-0.0007060838427757524,-0.015822021489599925,0.049363122370721116,-0.030157285707075893,0.0,0.0,0.0,0.0,0.0,0.0,0.0,0.0,0.0,0.0
15,Normal,Normal,0.9986969430749607,0.0,0.0,0.0,0.0,0.0,0.0,0.00876624626683204,-0.01009714975802622,0.0,0.0,-0.004101926203393865,0.0,0.0,0.0,0.0,0.0,0.0,0.009500443044555438,0.0,0.0,0.0,0.0
16,Normal,Normal,0.9999926661679938,0.0,0.0,0.0,0.0,0.0,0.0,0.00907073973468614,-0.009881458519551566,0.0,0.0,-0.001974363119434259,0.0,0.0,0.0,-6.755414940137804e-05,0.0,0.0,0.0,0.0,0.0,0.0,0.0
17,Normal,Normal,0.9977040224883984,0.0,0.0,0.0,0.0,0.0,0.0,0.0,-0.011159576304981461,0.0,0.0,-0.0029475447614992338,0.0,-0.01373892549369149,0.0,0.0,0.0,0.0,0.015532994024098702,0.0,0.0,0.0,0.0
18,Normal,Normal,0.999608739180348,0.0,0.0,0.0,0.0,0.0,0.0,0.0,-0.010160805372702508,0.0,0.0,-0.0012425851847104714,0.0,0.0,0.0,0.0,0.0,0.0,0.016389034696565344,0.0,0.0,0.0,0.0
19,mitm,mitm,0.9930439910786718,0.0,0.0,0.0,0.0,0.0,0.0,0.0,-0.0015506155373716645,0.0,0.0,-0.002423173468929502,0.0,-0.02074804819897602,0.0,0.0,0.008768723519475016,0.0,0.013110140348909541,0.0,0.0,0.0,0.0
20,Normal,Normal,0.9999952326776093,0.0,0.0,0.0,0.0,0.0,0.0,0.011283733008199645,-0.01069645859853149,0.0,0.0,-0.0018898934188841536,0.0,0.0,0.0,0.0,0.0,0.0,-0.008280172052630513,0.0,0.0,0.0,0.0
21,Normal,Normal,0.9979898484769305,0.0,0.0,0.0,0.0,0.0,0.0,0.0,-0.013477655933009744,0.0,0.0,-0.0011379129557418956,0.0,0.0,0.0,-1.864262334052907e-05,0.0,0.0,0.022986521656177865,0.0,0.0,0.0,0.0
22,Normal,Normal,0.9998954821594488,0.0,0.0,0.0,0.0,0.0,0.0,0.0066733186676217185,-0.00876306227684153,0.0,0.0,-0.0046634740863567455,0.0,0.003021128763127877,0.0,-0.00016550943467393513,0.0,0.0,0.0,0.0,0.0,0.0,0.0
23,ddos,ddos,0.999994512226625,0.0,0.0,0.0,0.0,0.0,0.0,-0.12845082444784695,0.06794690116154965,-0.00029299257435245655,0.03231698268635903,0.007652631024543005,0.014626259130602106,0.0,0.0,0.0,0.0,0.0,0.0,0.0,0.0,0.0,0.0
24,Normal,Normal,0.9972115614915611,0.0,0.0,0.0,0.0,0.0,0.0,0.0,-0.011889985743404077,0.0,0.0,-0.0016303230001364045,0.0,0.0,0.0,0.0,0.0,0.0,0.0,0.0,0.0,0.0,0.0
25,Normal,Normal,0.9999956055900147,0.0,0.0,0.0,0.0,0.0,0.0,0.010219138401218571,-0.009834091499482785,0.0,0.0,-0.0011132715117539837,0.0,0.012192267386008862,0.0,-6.189298136026651e-05,0.0,0.0,-0.010061236698860066,0.0,0.0,0.0,0.0
26,Normal,Normal,0.9994227413039622,0.0,0.0,0.0,0.0,0.0,0.0,0.008363457529152412,-0.009805090878175582,0.0,0.0,-0.0038286843585502027,0.0,0.0,0.0,0.0,0.0,0.0,0.0,0.0,0.0,0.0,0.0
27,Normal,Normal,0.9999195350226647,0.0,0.0,0.0,0.0,0.0,0.0,0.011255773716068467,-0.00804504604828134,0.0,0.0,-0.004569485454803893,0.0,0.018986289858124374,0.0,-0.00027734948031121265,-0.0024473341668232174,0.0,-0.017258738120207538,0.0,0.0,0.0,0.0
28,Normal,Normal,0.9999370694484463,0.0,0.0,0.0,0.0,0.0,0.0,0.013863002742403352,-0.01303389050429735,0.0,0.0,-0.0019350852654788885,0.0,0.009387590915094517,0.0,-8.332404880403559e-05,-0.001179096157630899,0.0,-0.005580395194389575,0.0,0.0,0.0,0.0
29,mitm,mitm,0.9990083484742057,0.0,0.0,0.0,0.0,0.0,0.0,0.0,-0.0023699228770593475,0.0,0.0,-0.0020227034083534177,0.0,-0.01979484996598279,0.0,0.0,0.008488635078522488,0.0,0.0,0.0,0.0,0.0,0.0
30,Normal,Normal,0.9987349057873064,0.0,0.0,0.0,0.0,0.0,0.0,0.012813140783809292,-0.010705320022597452,0.0,0.0,-0.004142503762866042,0.0,0.0,0.0,0.0,0.0,0.0,0.008293334296819915,0.0,0.0,0.0,0.0
31,Normal,Normal,0.9980109371619869,0.0,0.0,0.0,0.0,0.0,0.0,0.012715525884448716,-0.010155329116647413,0.0,0.0,-0.003583342469024658,0.0,0.0,0.0,0.0,0.0,0.0,0.013160148388195255,0.0,0.0,0.0,0.0
32,mitm,mitm,0.999740484954583,0.0,0.0,0.0,0.0,0.0,0.0,0.0,-0.00344547997770732,0.0,0.0,-0.0017947347315918011,0.0,-0.017678473948911044,0.0,0.0,0.0,0.0,0.0,0.0,0.0,0.0,0.0
33,Normal,Normal,0.9976957045614034,0.0,0.0,0.0,0.0,0.0,0.0,0.016064381118931853,-0.013800207552881583,0.0,0.0,-0.0007252614991356963,0.0,0.0,0.0,0.0,0.0,-0.0005360347004606106,0.023464481049670492,0.0,0.0,0.0,0.0
34,Normal,Normal,0.9963488776458451,0.0,0.0,0.0,0.0,0.0,0.0,0.012711369924157143,-0.010720443781820762,0.0,0.0,-0.003448823786638213,0.0,0.0,0.0,0.0,0.0,0.0,0.012397105982023362,0.0,0.0,0.0,0.0
35,Normal,Normal,0.9999713399914214,0.0,0.0,0.0,0.0,0.0,0.0,0.0,-0.010847459225030994,0.0,0.0,-0.002093875310240981,0.0,0.025873705815154465,0.0,-0.0001950373894426947,0.0,0.0,-0.022998899636035127,0.0,0.0,0.0,0.0
36,Normal,Normal,0.9998941156256625,0.0,0.0,0.0,0.0,0.0,0.0,0.003845163322048514,-0.00846869492941752,0.0,0.0,-0.0037645594052824007,0.005905631936312064,0.008159744720212607,-0.0014519484873391293,0.0,-0.0014622578321169394,0.0,-0.006734483344498915,0.0,0.0,0.0,0.0
37,Normal,Normal,0.9982706964025917,0.0,0.0,0.0,0.0,0.0,0.0,0.008222840159610202,-0.012916344416903293,0.0,0.0,-0.0023917945900121147,0.0,0.0,0.0,0.0,0.0,0.0,0.012800517721639041,0.0,0.0,0.0,0.0
38,Normal,Normal,0.9969412516726679,0.0,0.0,0.0,0.0,0.0,0.0,0.009284774025836634,-0.010701322028456658,0.0,0.0,-0.0031968293324509634,0.0,0.0,0.0,0.0,0.0,0.0,0.013489982837656435,0.0,0.0,0.0,0.0
39,Normal,Normal,0.9856566544056599,0.0,0.0,0.0,0.0,0.0,0.0,0.0,-0.011806290563668564,0.0,0.0,-0.0017470242480791204,0.0,-0.026828340829072143,0.0,0.0,0.0,0.0,0.02999308454838101,0.0,0.0,0.0,0.0
40,Normal,Normal,0.9999174315350575,0.0,0.0,0.0,0.0,0.0,0.0,0.0067220288548723505,-0.008366517280245697,0.0,0.0,-0.004771035662504245,0.0,0.004354707956399088,0.0,-0.00020119907373428178,0.0,0.0,-0.006164341794539299,0.0,0.0,0.0,0.0
41,ddos,ddos,0.9999984537341284,0.0,0.0,0.0,0.0,0.0,0.0,-0.12004598888017556,0.1282326993180557,-0.0005157093945171645,0.0,0.009291354965783184,-0.021934249520445,0.0,0.010795763480131448,0.0,0.0,0.0,0.0,0.0,0.0,0.0,0.0
42,Normal,Normal,0.9624955341710927,0.0,0.0,0.0,0.0,0.0,0.0,0.013741097060891118,-0.014646480508120648,0.0,0.0,-0.0006055414906347051,0.0,0.0,0.0,0.0,0.0,0.0,0.026903980725459707,0.0,0.0,0.0,0.0
43,mitm,mitm,0.971764956241313,0.0,0.0,0.0,0.0,0.0,0.0,0.0,-0.003295589940988681,0.0,0.0,-0.0040388590792696764,0.005762424800004609,0.0,0.0,0.0,0.0,0.0,0.0,0.0,0.0,0.0,0.0
44,Normal,Normal,0.9985288469545963,0.0,0.0,0.0,0.0,0.0,0.0,0.0,-0.011004731486668128,0.0,0.0,-0.0027012846942555293,0.0,0.0,0.0,0.0,0.005092702809476324,0.0,0.012280116363416861,0.0,0.0,0.0,0.0
45,mitm,mitm,0.9970609695207537,0.0,0.0,0.0,0.0,0.0,0.0,0.0,-0.0015255499408701196,0.0,0.0,-0.0029458022437575644,0.0,-0.016131996528298942,0.0,0.0,0.0,0.0,0.011721541538057606,0.0,0.0,0.0,0.0
46,Normal,Normal,0.9994722693515172,0.0,0.0,0.0,0.0,0.0,0.0,0.01732890649691446,-0.010470922824384067,0.0,0.0,-0.0016292402147692116,0.0,-0.024588206007828108,0.0,0.0,0.0,0.0,0.0266338945279494,0.0,0.0,0.0,0.0
47,Normal,Normal,0.9998782281512422,0.0,0.0,0.0,0.0,0.0,0.0,0.017887105492745598,-0.006288235028596862,0.0,-0.00780163236521464,-0.0035874751434590755,0.0,0.0,0.0,-7.575042519377788e-05,0.0,-0.00033397153738476745,0.0,0.0,0.0,0.0,0.0
48,Normal,Normal,0.9999943049985126,0.0,0.0,0.0,0.0,0.0,0.0,0.013388149055714504,-0.008526757152883802,0.0,0.0,-0.0020388740053003686,0.0,0.015716678572036714,0.0,-0.00014315010143240608,0.0,-0.0003442186753048679,-0.01424364813059359,0.0,0.0,0.0,0.0
49,Normal,Normal,0.9994697229526465,0.0,0.0,0.0,0.0,0.0,0.0,0.013633810463964863,-0.010404038787181302,0.0,0.0,-0.0009963399860109456,0.0,0.0,0.0,0.0,0.0,0.0,0.013218051538862555,0.0,0.0,0.0,0.0
50,Normal,Normal,0.9815073097405848,0.0,0.0,0.0,0.0,0.0,0.0,0.0,-0.012749055753364628,0.0,0.0,-0.00037997556736001797,0.0,-0.028206743438277868,0.0,0.0,0.0,0.0,0.035251838189143125,0.0,0.0,0.0,0.0
51,Normal,Normal,0.9926248539690563,0.0,0.0,0.0,0.0,0.0,0.0,0.0,-0.012355699576945484,0.0,0.0,-0.001323268776508599,0.0,0.0,0.0,0.0,0.0,0.0,0.0,0.0,0.0,0.0,0.0
52,Normal,Normal,0.9988032529354368,0.0,0.0,0.0,0.0,0.0,0.0,0.0,-0.010133650110149005,0.0,0.0,-0.0014634287765152736,0.0,-0.010647308093880287,0.0,0.0,0.0,0.0,0.017073718969047528,0.0,0.0,0.0,0.0
53,Normal,Normal,0.9998876225568146,0.0,0.0,0.0,0.0,0.0,0.0,0.008164571971085034,-0.007320580831295234,0.0,0.0,-0.004482606418808804,0.0,0.018382031691943124,0.0,-0.00023602357744372364,-0.0018739299748319423,0.0,-0.01667769318378447,0.0,0.0,0.0,0.0
54,Normal,Normal,0.9970042879627813,0.0,0.0,0.0,0.0,0.0,0.0,0.012645206012108017,-0.012201013798393459,0.0,0.0,-0.0025446038889276076,0.0,0.0,0.0,0.0,0.0,0.0,0.015722120414598594,0.0,0.0,0.0,0.0
55,port-scan,port-scan,0.9996180312144701,0.0,0.0,0.0,0.0,0.0,0.0,-0.18427390336548408,0.10858812256606377,-0.0008265975545803494,0.0,0.06074873434371983,0.0,-0.007286386331705308,0.0,0.0,0.0,0.0,0.0,0.0,0.0,0.0,0.0
56,port-scan,port-scan,0.9543046481819346,0.0,0.0,0.0,0.0,0.0,0.0,-0.11207916674643972,0.012791270951019122,-0.00021648243774357746,0.0,0.07610638595704527,0.03058664779455713,0.0,0.0,0.0,0.0,0.0,0.0,0.0,0.0,0.0,0.0
57,Normal,Normal,0.9945496985436385,0.0,0.0,0.0,0.0,0.0,0.0,0.012850455061920221,-0.006493283066253709,0.0,0.0,-0.00339618973784052,0.0,0.0,0.0,0.0,0.0,-0.00030757571047730636,0.010448651317898343,0.0,0.0,0.0,0.0
58,Normal,Normal,0.9998556464120788,0.0,0.0,0.0,0.0,0.0,0.0,0.0,-0.012068824741087652,0.0,0.0,-0.0022371497596756947,0.0,0.021568566319550744,0.0,-0.0002042474549364274,0.0,-0.0005027631961968277,-0.013809791080955557,0.0,0.0,0.0,0.0
59,ddos,ddos,0.9999922135047954,0.0,0.0,0.0,0.0,0.0,0.0,-0.13189530815114622,0.08643047726674527,-0.00031678250525628195,0.023388576895161002,0.006633758527221116,0.014842189560838728,-0.009519774591085661,0.0,0.0,0.0,0.0,0.0,0.0,0.0,0.0,0.0
60,ddos,ddos,0.9999983134459679,0.0,0.0,0.0,0.0,0.0,0.0,-0.09291027742724771,0.04035812541339015,-0.00028598946718083417,0.021973294701418924,0.010228258780224054,0.02885880537798464,0.0,0.002450849912208844,0.0,0.0,0.0,0.0,0.0,0.0,0.0,0.0
61,ddos,ddos,0.9999881872099774,0.0,0.0,0.0,0.0,0.0,0.0,-0.11099108437347249,0.0640931442597104,-0.00026063750975317476,0.020838386656898432,0.0044605201252621626,0.026519687531157594,-0.022861487146696297,0.015438148652164196,-0.00015921825387553955,0.0,0.0,0.0,0.0,0.0,0.0,0.0
62,Normal,Normal,0.9999969813717257,0.0,0.0,0.0,0.0,0.0,0.0,0.012334542070508575,-0.009227072083596067,0.0,0.0,-0.0019888053635430695,0.0,0.013791150578784965,0.0,0.0,0.0,-0.00017719714625792637,-0.014629898232742989,0.0,0.0,0.0,0.0
63,Normal,Normal,0.9991030214048946,0.0,0.0,0.0,0.0,0.0,0.0,0.017838165920552096,-0.010874797448756818,0.0,0.0,-0.0015625059105246674,0.0,0.0,0.0,0.0,0.0,0.0,0.0,0.0,0.0,0.0,0.0
64,Normal,Normal,0.999735717584975,0.0,0.0,0.0,0.0,0.0,0.0,0.0,-0.010278833698736133,-5.975592859021762e-05,0.0,-0.0008600243505625382,0.0,0.0,0.0,0.0,0.0,0.0,0.011827254882457084,0.0,0.0,0.0,0.0
65,Normal,Normal,0.9999944759226349,0.0,0.0,0.0,0.0,0.0,0.0,0.010439588340492455,-0.009035102251003393,-6.676686438083709e-05,0.0,-0.0015383777081702536,0.0,0.011693311945632312,0.0,0.0,0.0,0.0,-0.012692288310849616,0.0,0.0,0.0,0.0
66,Normal,Normal,0.9994444650882137,0.0,0.0,0.0,0.0,0.0,0.0,0.0,-0.010167976447719466,0.0,0.0,-0.0016105919493213591,0.0,-0.020651255318261636,0.0,0.0,0.0,-0.0004799008209430619,0.022403390960794075,0.0,0.0,0.0,0.0
67,Normal,Normal,0.9999909560616856,0.0,0.0,0.0,0.0,0.0,0.0,0.01751185942262956,-0.007959892052394432,0.0,0.0,-0.0023551666588117292,0.0,0.02850981598860441,0.0,-0.00010846182279486816,0.0,0.0,-0.02258568753395376,0.0,0.0,0.0,0.0
68,port-scan,port-scan,0.9996851618333364,0.0,0.0,0.0,0.0,0.0,0.0,-0.17845573669512035,0.11506679967986065,-0.0008313835054634632,0.0,0.07894468971664205,0.0,0.0,0.0,0.0,0.0,0.010450198930508803,0.0,0.0,0.0,0.0,0.0
69,Normal,Normal,0.9999113686495866,0.0,0.0,0.0,0.0,0.0,0.0,0.01182500589578769,-0.01067527294751181,0.0,0.0,-0.002394226580182297,0.0,0.0,0.0,0.0,0.0,0.0,0.004751423989261497,0.0,0.0,0.0,0.0
70,Normal,Normal,0.9998801095571137,0.0,0.0,0.0,0.0,0.0,0.0,0.0,-0.012827109758340564,0.0,0.0,-0.0008950769953845002,0.0,0.020269547817906602,-0.001955455451012819,-0.00024100341466924702,0.0,0.0,-0.018225513854180777,0.0,0.0,0.0,0.0
71,mitm,mitm,0.9998606332125142,0.0,0.0,0.0,0.0,0.0,0.0,0.0,-0.0017211238081498834,0.0,0.0,-0.00219710917029989,0.0,-0.012272631493344826,0.0,0.0,0.0,0.0,0.007954145625534776,0.0,0.0,0.0,0.0
72,Normal,Normal,0.9984296923658762,0.0,0.0,0.0,0.0,0.0,0.0,0.0,-0.011777722997399272,0.0,0.0,-0.0012164631004666884,0.0,-0.011579494339198582,0.0,0.0,0.0,0.0,0.012062114429498465,0.0,0.0,0.0,0.0
73,Normal,Normal,0.9999910197942983,0.0,0.0,0.0,0.0,0.0,0.0,0.009686898673447164,-0.011065527338235175,0.0,0.0,-0.0012526477160872457,0.0,0.013173315991984399,0.0,0.0,0.0,0.0,-0.011039169162667062,0.0,0.0,0.0,0.0
74,Normal,Normal,0.9983997706528751,0.0,0.0,0.0,0.0,0.0,0.0,0.0,-0.00946115557877835,0.0,0.0,-0.0020003725749287143,0.0,0.0,0.0,0.0,-0.001864477702750833,0.0,0.014047074988137042,0.0,0.0,0.0,0.0
75,Normal,Normal,0.9986113941658222,0.0,0.0,0.0,0.0,0.0,0.0,0.0,-0.011445521987394314,0.0,0.0,-0.002016831509162452,0.0,0.0,0.0,0.0,0.0,0.0,0.010599653096335695,0.0,0.0,0.0,0.0
76,Normal,Normal,0.9997442626967531,0.0,0.0,0.0,0.0,0.0,0.0,0.012214285441059847,-0.0109709063374054,0.0,0.0,-0.001621632730869155,0.0,0.0,0.0,0.0,0.0,-0.00018984188461238644,0.01668294344167716,0.0,0.0,0.0,0.0
77,Normal,Normal,0.9997191285206084,0.0,0.0,0.0,0.0,0.0,0.0,0.0,-0.009037504972045507,0.0,0.0,-0.002666955093371251,0.009225330891980845,0.0,0.0,-7.171085631860012e-05,0.0,0.0,0.0,0.0,0.0,0.0,0.0
78,Normal,Normal,0.9799449452501671,0.0,0.0,0.0,0.0,0.0,0.0,0.022683357324625685,-0.014676253983536136,0.0,0.0,-0.00029319553627131913,0.0,0.0,0.0,0.0,0.0,0.0,0.025549196411541974,0.0,0.0,0.0,0.0
79,Normal,Normal,0.9994061301322645,0.0,0.0,0.0,0.0,0.0,0.0,0.022799443728946305,-0.013526894181166498,0.0,0.0,-0.0006831500406132381,0.0,0.0,0.0,-3.8637970837745634e-05,0.0,0.0,0.0,0.0,0.0,0.0,0.0
80,Normal,Normal,0.9999220199211596,0.0,0.0,0.0,0.0,0.0,0.0,0.00267979810522276,-0.007575863721543691,0.0,0.0,-0.0038809440399153847,0.0,0.015093074079660899,-0.002047923723751936,-0.00020281762287588238,-0.002234306061814642,0.0,-0.010741755579437292,0.0,0.0,0.0,0.0
81,Normal,Normal,0.9991141052867683,0.0,0.0,0.0,0.0,0.0,0.0,0.016474913037773875,-0.010330759926656465,0.0,0.0,-0.0036787534625350254,0.0,0.0,0.0,0.0,0.0,0.0,0.0,0.0,0.0,0.0,0.0
82,Normal,Normal,0.9982860936075648,0.0,0.0,0.0,0.0,0.0,0.0,0.007329032423410949,-0.009784582533446004,0.0,0.0,-0.003620634143551294,0.0,0.0,0.0,0.0,0.0,0.0,0.00899229254092489,0.0,0.0,0.0,0.0
83,Normal,Normal,0.9974844804530609,0.0,0.0,0.0,0.0,0.0,0.0,0.0,-0.01133166420522634,0.0,0.0,-0.0020570282578846215,0.0,0.0,0.0,-9.061739380082099e-05,0.0,0.0,0.008507744103355575,0.0,0.0,0.0,0.0
84,port-scan,ip-scan,0.3757542143093375,0.0,0.0,0.0,0.0,0.0,0.0,0.0,-0.0010879202500491101,0.014548242947755419,0.0,-0.013367302980377705,0.0,-0.03208979705783665,0.0,0.0,0.0,0.0,0.0,0.0,0.0,0.0,0.0
85,Normal,Normal,0.9975115680559969,0.0,0.0,0.0,0.0,0.0,0.0,0.0,-0.016107438094996915,0.0,0.0,-0.0003295969417336986,0.0,0.0,0.0,0.0,0.0,0.0,0.018691326649806637,0.0,0.0,0.0,0.0
86,Normal,Normal,0.9988069161020513,0.0,0.0,0.0,0.0,0.0,0.0,0.013064935408697307,-0.010330157414797618,0.0,0.0,-0.0019894234511948156,0.0,0.0,0.0,0.0,0.0,0.0,0.013451876636846742,0.0,0.0,0.0,0.0
87,Normal,Normal,0.9852090921324407,0.0,0.0,0.0,0.0,0.0,0.0,0.0,-0.01372214772933225,0.0,0.0,-0.000738967088702812,0.0,0.0,0.0,0.0,0.0,0.0,0.0,0.0,0.0,0.0,0.0
88,Normal,Normal,0.98869085980236,0.0,0.0,0.0,0.0,0.0,0.0,0.025699438405004958,-0.015561939849318703,0.0,0.0,-0.00016586846935999648,0.0,0.0,0.0,0.0,0.0,0.0,0.024534354620722204,0.0,0.0,0.0,0.0
89,replay,replay,0.9194160426032787,0.0,0.0,0.0,0.0,0.0,0.0,0.0,-0.010469769332421911,-6.352600893348534e-05,0.0,-0.0010962042650529,0.0,-0.06771472512976039,0.0,0.0,0.0,0.0,0.06165964609681114,0.0,0.0,0.0,0.0
90,replay,replay,0.994886477148601,0.0,0.0,0.0,0.0,0.0,0.0,0.0,-0.008724540574846406,0.0,0.0,-0.0021106830108099436,0.0,-0.03836092571997264,0.0,0.0,0.0,0.0,0.047369322228116316,0.0,0.0,0.0,0.0
91,Normal,Normal,0.9981863607710799,0.0,0.0,0.0,0.0,0.0,0.0,0.011458828647847715,-0.008193818670003265,0.0,0.0,-0.0021856879358492006,0.0,0.0,0.0,0.0,0.0,0.0,0.013728023415292466,0.0,0.0,0.0,0.0
92,Normal,Normal,0.9680738471457146,0.0,0.0,0.0,0.0,0.0,0.0,0.017288741087199137,-0.01397949103712794,0.0,0.0,-0.0006495974919965108,0.0,0.0,0.0,0.0,0.0,0.0,0.024813810825716143,0.0,0.0,0.0,0.0
93,Normal,Normal,0.9999933073931138,0.0,0.0,0.0,0.0,0.0,0.0,0.02177148450143939,-0.009941632519700625,0.0,-0.0025820855491616866,-0.0014678882551651706,-0.007015209470655426,0.0,0.0,0.0,0.0,0.0,0.0,0.0,0.0,0.0,0.0
94,Normal,Normal,0.9999948800533199,0.0,0.0,0.0,0.0,0.0,0.0,0.008400610334565349,-0.00986540410212484,0.0,0.0,-0.0016595606128398859,0.0,0.0,0.0,0.0,0.0,0.0,0.0,0.0,0.0,0.0,0.0
95,Normal,Normal,0.9908478206565758,0.0,0.0,0.0,0.0,0.0,0.0,0.024726136172921312,-0.013621951969481516,0.0,0.0,-0.001590520286801282,0.0,0.0,0.0,0.0,0.0,0.0,0.02695479823335887,0.0,0.0,0.0,0.0
96,mitm,mitm,0.9990956858926799,0.0,0.0,0.0,0.0,0.0,0.0,0.0,-0.002057815654410095,0.0,0.0,-0.0016609625083352578,0.0,0.0,0.0,0.0,0.0,0.0,0.0068864512126948635,0.0,0.0,0.0,0.0
97,Normal,Normal,0.9976387107416606,0.0,0.0,0.0,0.0,0.0,0.0,0.019836711951822433,-0.01365740430684109,0.0,0.0,-0.0011602672684420624,0.0,0.0,0.0,-3.153208898225429e-05,0.0,0.0,0.027127216444150417,0.0,0.0,0.0,0.0
98,Normal,Normal,0.9999807666933227,0.0,0.0,0.0,0.0,0.0,0.0,0.013730917973209323,-0.011048302650758108,0.0,0.0,-0.002138842460963828,0.0,0.0,0.0,0.0,0.0,0.0,0.0,0.0,0.0,0.0,0.0
99,ddos,ddos,0.9999993781304962,0.0,0.0,0.0,0.0,0.0,0.0,-0.12591166050938302,0.08221775570357494,-0.00034029609153317814,0.016367384247348116,0.014806988584186782,0.015128731282237327,0.0,0.0,0.0,0.0,0.0,0.0,0.0,0.0,0.0,0.0
100,Normal,Normal,0.9999026713550397,0.0,0.0,0.0,0.0,0.0,0.0,0.005651162291493736,-0.007813612515868101,0.0,0.0,-0.004711384845702375,0.0,0.017532857102389273,0.0,-0.00022282692793165816,-0.0020707361738986074,0.0,-0.015398328903383812,0.0,0.0,0.0,0.0
101,Normal,Normal,0.9729892618177135,0.0,0.0,0.0,0.0,0.0,0.0,0.02245373493938012,-0.014608018922978718,0.0,0.0,-0.0009598520206229625,0.0,0.0,0.0,0.0,0.0,0.0,0.02752363854635176,0.0,0.0,0.0,0.0
102,Normal,Normal,0.9997037057101584,0.0,0.0,0.0,0.0,0.0,0.0,0.013731728402278721,-0.009103495941718087,0.0,0.0,-0.004149091593616668,0.0,0.007864845721790636,0.0,0.0,0.0,0.0,-0.0056316225617218454,0.0,0.0,0.0,0.0
103,Normal,Normal,0.9992941995764262,0.0,0.0,0.0,0.0,0.0,0.0,0.0,-0.01352747756362684,0.0,0.0,-0.0006054188336519562,0.0,0.0,0.0,0.0,0.0,0.0,0.0,0.0,0.0,0.0,0.0
104,mitm,mitm,0.7522023193836443,0.0,0.0,0.0,0.0,0.0,0.0,0.0,-0.0008327722953988353,0.0,0.0,-0.007262205954601683,0.0,-0.01772778702445288,0.0,0.0,0.0,0.0,0.0,0.0,0.0,0.0,0.0
105,Normal,Normal,0.9998299084305047,0.0,0.0,0.0,0.0,0.0,0.0,0.016985049467193425,-0.01012714419708647,0.0,0.0,-0.00220657531126484,0.0,-0.01854502655244942,0.0,0.0,0.0,0.0,0.020112143949952494,0.0,0.0,0.0,0.0
106,Normal,Normal,0.999873323080071,0.0,0.0,0.0,0.0,0.0,0.0,0.0,-0.012908678098642027,0.0,0.0,-0.0012284379290218878,0.0,0.036893763896721395,-0.003419701407549825,-0.0003082071070282237,0.0,0.0,-0.02914975973997365,0.0,0.0,0.0,0.0
107,Normal,Normal,0.9972873020050304,0.0,0.0,0.0,0.0,0.0,0.0,0.0,-0.014592002327296653,0.0,0.0,-0.0005522588126880348,0.0,-0.017635073259782197,0.0,0.0,0.0,-0.0006345179735695941,0.018611590491896736,0.0,0.0,0.0,0.0
108,Normal,Normal,0.9796115206984187,0.0,0.0,0.0,0.0,0.0,0.0,0.0,-0.013877059168612588,-2.6519960795768054e-05,0.0,0.0,0.0,0.0,0.0,0.0,0.0,0.0,0.0,0.0,0.0,0.0,0.0
109,Normal,Normal,0.9985532491608183,0.0,0.0,0.0,0.0,0.0,0.0,0.0,-0.011362312871898506,0.0,0.0,-0.0018480967948742402,0.0,-0.014851422154173122,0.0,0.0,0.0,0.0,0.016270195900168313,0.0,0.0,0.0,0.0
110,ddos,ddos,0.9999993625679913,0.0,0.0,0.0,0.0,0.0,0.0,-0.11725467391575191,0.13140240602056732,-0.00040998693100912064,0.0,0.010453489826971002,-0.02895897288418147,0.0,0.0,0.0,0.0,0.0,0.0,0.0,0.0,0.0,0.0
111,Normal,Normal,0.9994064011617215,0.0,0.0,0.0,0.0,0.0,0.0,0.014358110999622321,-0.011127832263048318,0.0,0.0,-0.0014501836887312245,0.0,0.0,0.0,0.0,0.0,0.0,0.011777763038189532,0.0,0.0,0.0,0.0
112,Normal,Normal,0.9959672899249351,0.0,0.0,0.0,0.0,0.0,0.0,0.009116565691502487,-0.00845014143595383,0.0,0.0,-0.0019065040794736523,0.0,0.0,0.0,0.0,0.0,0.0,0.014821029376961739,0.0,0.0,0.0,0.0
113,Normal,Normal,0.9999947219865973,0.0,0.0,0.0,0.0,0.0,0.0,0.0,-0.009184025154463248,0.0,0.0,-0.002282825760892825,0.0,0.019883208904928302,0.0,-0.0001463297703640865,0.0,-0.0003838829460475271,-0.01611512386647591,0.0,0.0,0.0,0.0
114,Normal,Normal,0.9973334954098064,0.0,0.0,0.0,0.0,0.0,0.0,0.00743366429127514,-0.011132891399568882,0.0,0.0,-0.0033576708851553298,0.0,0.0,0.0,0.0,0.0,0.0,0.016989680547387656,0.0,0.0,0.0,0.0
115,ddos,ddos,0.9999972536165063,0.0,0.0,0.0,0.0,0.0,0.0,-0.13039426595631026,0.08116008997206063,-0.0003143656419625182,0.024833937057634127,0.008177830516912125,0.020458898851013603,0.0,0.0,0.0,0.0,0.0,0.0,0.0,0.0,0.0,0.0
116,Normal,Normal,0.9997412403316709,0.0,0.0,0.0,0.0,0.0,0.0,0.0,-0.01043515773926773,-6.731133873901255e-05,0.0,-0.0007442058379588906,0.0,-0.01816548477324238,0.0,0.0,0.0,0.0,0.020467882665712925,0.0,0.0,0.0,0.0
117,Normal,Normal,0.9998128872485257,0.0,0.0,0.0,0.0,0.0,0.0,0.010605717868585074,-0.008514846224835223,0.0,0.0,-0.0038401876079319545,0.0,0.0,0.0,0.0,0.0,0.0,0.0,0.0,0.0,0.0,0.0
118,Normal,Normal,0.9998884782327552,0.0,0.0,0.0,0.0,0.0,0.0,0.021755721276839078,-0.01373612495404076,0.0,0.0,-0.000732374729954312,0.0,0.0,-0.002235733679398482,-0.0001741926318739995,0.0,0.0,0.0,0.0,0.0,0.0,0.0
119,Normal,Normal,0.9999841869755294,0.0,0.0,0.0,0.0,0.0,0.0,0.017566870315121722,-0.008866327659800345,0.0,0.0,-0.0014502628743072571,0.0,0.0,0.0,0.0,0.0035109510770128527,0.0,0.0,0.0,0.0,0.0,0.0
120,Normal,Normal,0.999994657311009,0.0,0.0,0.0,0.0,0.0,0.0,0.014036734493015663,-0.009947006365441966,0.0,0.0,-0.0015386704813306943,0.0,0.02814345528684826,0.0,-0.00012273609151935093,-0.001917618717462044,0.0,-0.024228035733082173,0.0,0.0,0.0,0.0
121,port-scan,port-scan,0.9998222355227515,0.0,0.0,0.0,0.0,0.0,0.0,-0.1623925487942256,0.16574849823290322,-0.0008103519774247125,-0.012748457200678794,0.051619726249037885,-0.03132478607402573,0.0,0.0,0.0,0.0,0.0,0.0,0.0,0.0,0.0,0.0
122,Normal,Normal,0.9984709350693991,0.0,0.0,0.0,0.0,0.0,0.0,0.01398110757356098,-0.010648402049291938,0.0,0.0,-0.004129954220767886,0.0,0.0,0.0,0.0,0.0,0.0,0.006550427693168118,0.0,0.0,0.0,0.0
123,Normal,Normal,0.9997326728111647,0.0,0.0,0.0,0.0,0.0,0.0,0.0,-0.009397872767754476,0.0,0.0,-0.0018547201551110675,0.0,0.0,0.0,0.0,0.0,0.0,0.0,0.0,0.0,0.0,0.0
124,Normal,Normal,0.9999867185169334,0.0,0.0,0.0,0.0,0.0,0.0,0.0076073826936071745,-0.012035242193128877,0.0,0.0,-0.0009728269128965797,0.0,0.022745807109640217,0.0,-6.590887992847985e-05,-0.002028323358960068,0.0,-0.020112482347785704,0.0,0.0,0.0,0.0
125,Normal,Normal,0.9999937376821184,0.0,0.0,0.0,0.0,0.0,0.0,0.01270586456101401,-0.010123713673270529,0.0,0.0,-0.001831126633119067,0.0,0.0,0.0,0.0,0.0,0.0,0.0,0.0,0.0,0.0,0.0
126,replay,replay,0.9946122286920069,0.0,0.0,0.0,0.0,0.0,0.0,0.0,-0.0037117488498941927,0.0,0.0,-0.0026559595847216646,0.0,-0.014958505149495031,0.0,0.0,0.0,0.0,0.0,0.0,0.0,0.0,0.0
127,port-scan,port-scan,0.9998435736716323,0.0,0.0,0.0,0.0,0.0,0.0,-0.16250059371464692,0.1595420085377448,-0.0008291164051837437,-0.006080546983531345,0.04773250311708795,-0.028200613800335953,0.0,0.0,0.0,0.0,0.008631682350267789,0.0,0.0,0.0,0.0,0.0
128,Normal,Normal,0.9988933201946422,0.0,0.0,0.0,0.0,0.0,0.0,0.010639158138733978,-0.00777202600702674,0.0,0.0,-0.0020127094524473796,0.0,0.0,0.0,0.0,0.0,0.0,0.013814088277711216,0.0,0.0,0.0,0.0
129,Normal,Normal,0.9944751422474882,0.0,0.0,0.0,0.0,0.0,0.0,0.0,-0.012253532957530712,0.0,0.0,-0.0016987100365150596,0.0,-0.011280806826953711,0.0,0.0,0.0,0.0,0.01615150088683004,0.0,0.0,0.0,0.0
130,Normal,Normal,0.9998711354921456,0.0,0.0,0.0,0.0,0.0,0.0,0.007743591252788265,-0.008574478358779662,0.0,0.0,-0.003958918840997352,0.0,0.014303074456525266,0.0,-0.00019707589614786656,-0.000711890778050242,0.0,-0.013367557185312254,0.0,0.0,0.0,0.0
131,port-scan,port-scan,0.999692983456686,0.0,0.0,0.0,0.0,0.0,0.0,-0.1738767941098074,0.08632779300060604,-0.0006686269360204591,0.0,0.08848860631668629,0.0,0.0,0.0,0.0,0.0,0.0,0.0,0.0,0.0,0.0,0.0
132,Normal,Normal,0.9999955524869816,0.0,0.0,0.0,0.0,0.0,0.0,0.01217533765523081,-0.008313896390242423,0.0,0.0,-0.0019905744060070563,0.0,0.0,0.0,0.0,0.0,0.0,0.0,0.0,0.0,0.0,0.0
133,Normal,Normal,0.999993838454038,0.0,0.0,0.0,0.0,0.0,0.0,0.015278765022305916,-0.010512131901267267,-6.76044817431833e-05,0.0,-0.0009202368016211504,0.0,0.0,0.0,0.0,0.0,0.0,0.0,0.0,0.0,0.0,0.0
134,ip-scan,ip-scan,0.38761683281218423,0.0,0.0,0.0,0.0,0.0,0.0,0.0,-0.0012215402984233899,0.0,0.0,0.0,0.0,-0.0313196236939174,0.0,0.021004839010904355,0.0,0.0,0.0,0.0,0.0,0.0,0.0
135,Normal,Normal,0.999903564196225,0.0,0.0,0.0,0.0,0.0,0.0,0.007603548776266176,-0.00802278816359112,0.0,0.0,-0.004567417979203469,0.0,0.014650809137258896,-0.0013717205707053817,-0.0001518585210668158,0.0,0.0,-0.015095718691949263,0.0,0.0,0.0,0.0
136,Normal,Normal,0.9999937896938605,0.0,0.0,0.0,0.0,0.0,0.0,0.010145043063595384,-0.010683011809231611,0.0,0.0,-0.0009487586542262496,0.0,0.0,0.0,-8.638266616272554e-05,0.0,0.0,0.0,0.0,0.0,0.0,0.0
137,Normal,Normal,0.9976468028809987,0.0,0.0,0.0,0.0,0.0,0.0,0.010535121205425371,-0.011005189448976901,0.0,0.0,-0.003324098728388664,0.0,0.0,0.0,0.0,0.0,0.0,0.015360060107111783,0.0,0.0,0.0,0.0
138,Normal,Normal,0.9997110147702,0.0,0.0,0.0,0.0,0.0,0.0,0.011493908450188318,-0.010383525812492009,0.0,0.0,-0.004082309584136564,0.0,0.0,0.0,0.0,0.0,0.0,0.0,0.0,0.0,0.0,0.0
139,Normal,Normal,0.9977479950762856,0.0,0.0,0.0,0.0,0.0,0.0,0.009340622168834944,-0.010403520081374313,0.0,0.0,-0.002934025338723121,0.0076006566197718076,0.0,0.0,0.0,0.0,0.0,0.014972840612960397,0.0,0.0,0.0,0.0
140,Normal,Normal,0.999543870987188,0.0,0.0,0.0,0.0,0.0,0.0,0.0,-0.002709827113223496,0.0,-0.008400776743083944,-0.0026595444471909178,0.0,0.0,0.0,-7.813109238388131e-05,0.0,0.0,0.0,0.0,0.0,0.0,0.0
141,Normal,Normal,0.9751763061612256,0.0,0.0,0.0,0.0,0.0,0.0,0.0,-0.01368066910815072,0.0,0.0,-0.00044865725836553555,0.0,0.0,0.0,0.0,0.0,0.0,0.0285187127874234,0.0,0.0,0.0,0.0
142,port-scan,port-scan,0.9699306283135755,0.0,0.0,0.0,0.0,0.0,0.0,-0.08547327774900075,0.013228421808591455,-0.0002012674326018855,0.0,0.05805781861522394,0.0,0.0,0.0,0.0,0.0,0.0,0.0,0.0,0.0,0.0,0.0
143,Normal,Normal,0.9998941946900239,0.0,0.0,0.0,0.0,0.0,0.0,0.0,-0.012788594021320956,0.0,0.0,-0.001009542934526189,0.0,0.0,-0.0017437888277653732,-0.00013640293936962203,0.0,0.0,0.0,0.0,0.0,0.0,0.0
144,Normal,Normal,0.9998011426857472,0.0,0.0,0.0,0.0,0.0,0.0,0.0,-0.009358086845433242,0.0,0.0,-0.0028594567324774145,0.0,0.0,0.0,0.0,0.0,0.0,0.014899274907431493,0.0,0.0,0.0,0.0
145,mitm,mitm,0.9981169193467389,0.0,0.0,0.0,0.0,0.0,0.0,0.0,-0.0011353306386466065,0.0,0.0,-0.0017477549358472025,0.0,-0.018886271696077043,0.0,0.0,0.0,0.0,0.016002703913274356,0.0,0.0,0.0,0.0
146,Normal,Normal,0.9999455299171495,0.0,0.0,0.0,0.0,0.0,0.0,0.008348869256611841,-0.009188644474708671,0.0,0.0,-0.004419573426503664,0.0,0.012118941931039054,0.0,-0.0002545039255456378,0.0,0.0,-0.009502167718571004,0.0,0.0,0.0,0.0
147,Normal,Normal,0.9999870937900949,0.0,0.0,0.0,0.0,0.0,0.0,0.009729021656692444,-0.011608247613190268,0.0,0.0,-0.001512990809471205,0.0,0.0,0.0,0.0,0.0,0.0,0.0,0.0,0.0,0.0,0.0
148,Normal,Normal,0.9999949873201649,0.0,0.0,0.0,0.0,0.0,0.0,0.009301626628996001,-0.010257485573238283,0.0,0.0,-0.001853414402615318,0.0,0.011939602514993422,0.0,-6.087534961654608e-05,0.0,0.0,-0.01099263029743235,0.0,0.0,0.0,0.0
149,ddos,ddos,0.999999353397582,0.0,0.0,0.0,0.0,0.0,0.0,-0.10782201963954868,0.04568651195430894,-0.00026540844065696607,0.020388252654022956,0.02075853491671824,0.029266335125306832,-0.010369687496534014,0.0020527584201717186,0.0,0.0,0.0,0.0,0.0,0.0,0.0,0.0
150,Normal,Normal,0.9993525505894055,0.0,0.0,0.0,0.0,0.0,0.0,0.009404253551001971,-0.010067464793064789,0.0,0.0,-0.004301267540247858,0.0,0.0,0.0,0.0,0.0,0.0,0.0,0.0,0.0,0.0,0.0
151,Normal,Normal,0.9995677856502697,0.0,0.0,0.0,0.0,0.0,0.0,0.012513768375038132,-0.010071981233945655,0.0,0.0,-0.003883063412483897,0.0,0.0,0.0,0.0,0.0,0.0,0.0,0.0,0.0,0.0,0.0
152,Normal,Normal,0.9999824646576496,0.0,0.0,0.0,0.0,0.0,0.0,0.010210385232876928,-0.010601928996714374,0.0,0.0,-0.001628749987234886,0.0,0.0,0.0,0.0,0.0,0.0,0.0,0.0,0.0,0.0,0.0
153,Normal,Normal,0.9721558956701554,0.0,0.0,0.0,0.0,0.0,0.0,0.014580024209571968,-0.013309997194394938,0.0,0.0,-0.0008957229875533556,0.0,0.0,0.0,0.0,0.0,0.0,0.018299807010691827,0.0,0.0,0.0,0.0
154,mitm,mitm,0.9989566331055885,0.0,0.0,0.0,0.0,0.0,0.0,0.0,-0.002908506915308377,0.0,0.0,-0.0026118368623121624,0.0,-0.022771276492832938,0.0,0.0,0.008641032787224326,0.0,0.012350211847148573,0.0,0.0,0.0,0.0
155,Normal,Normal,0.9853898815204145,0.0,0.0,0.0,0.0,0.0,0.0,0.01598670857956047,-0.014147343401152784,0.0,0.0,0.0,0.0,0.0,0.0,0.0,0.0,0.0,0.021138477741035534,0.0,0.0,0.0,0.0
156,Normal,Normal,0.9999669076753981,0.0,0.0,0.0,0.0,0.0,0.0,0.020689758182247858,-0.006960498396170693,0.0,0.0,-0.0026489136112970795,0.0,0.0,0.0,0.0,0.0,0.0,-0.011134203441225586,0.0,0.0,0.0,0.0
157,Normal,Normal,0.9999786793625125,0.0,0.0,0.0,0.0,0.0,0.0,0.011161553312746885,-0.012942543728100974,0.0,0.0,-0.001086750025397512,0.0,0.017500927545327994,0.0,-8.894818453173263e-05,-0.0012475552077889779,0.0,-0.014453075204668315,0.0,0.0,0.0,0.0
158,Normal,Normal,0.9982908107518992,0.0,0.0,0.0,0.0,0.0,0.0,0.01418942286331803,-0.011877967598347243,0.0,0.0,-0.0028491622955655847,0.0,-0.01429096143385031,0.0,0.0,0.0,0.0,0.01421064604678134,0.0,0.0,0.0,0.0
159,mitm,mitm,0.9970499554232978,0.0,0.0,0.0,0.0,0.0,0.0,0.0,-0.0026177957705393862,0.0,0.0,-0.0013179897616483376,0.0,-0.01317832230415552,0.0,0.0,0.012848838408485747,0.0,0.0,0.0,0.0,0.0,0.0
160,Normal,Normal,0.9999937668024067,0.0,0.0,0.0,0.0,0.0,0.0,0.013288541400924194,-0.01038385304841135,0.0,0.0,-0.0020066444969433638,0.0,0.012035648597005247,0.0,-0.0001319501363266,0.0,0.0,-0.012860004153223735,0.0,0.0,0.0,0.0
161,Normal,Normal,0.9795873033785798,0.0,0.0,0.0,0.0,0.0,0.0,0.01395537212413102,-0.014532651788879306,0.0,0.0,-0.0003253113836376789,0.0,0.0,0.0,0.0,0.0,0.0,0.019649416200468443,0.0,0.0,0.0,0.0
162,replay,replay,0.9641360464738414,0.0,0.0,0.0,0.0,0.0,0.0,0.0,-0.013634080319137437,0.0,0.0,-0.0013977243347449608,0.02984070668983918,-0.034800369696660456,0.0,0.0,0.0,0.0,0.04127705158454627,0.0,0.0,0.0,0.0
163,Normal,Normal,0.9997428943954859,0.0,0.0,0.0,0.0,0.0,0.0,0.0,-0.009924975507072704,0.0,0.0,-0.0015274211301780796,0.0,-0.010103661446212747,0.0,0.0,0.0,0.0,0.014646750873868034,0.0,0.0,0.0,0.0
164,Normal,Normal,0.9965644827297786,0.0,0.0,0.0,0.0,0.0,0.0,0.0,-0.013850607382139966,0.0,0.0,-0.0007342479775268146,0.0,0.0,0.0,0.0,0.0,-0.00041320719432093837,0.0,0.0,0.0,0.0,0.0
165,Normal,Normal,0.9990872789447427,0.0,0.0,0.0,0.0,0.0,0.0,0.0,-0.011869352668240392,0.0,0.0,-0.0010984801964522566,0.0,0.0,-0.0022238007034772653,0.0,0.0,0.0,0.0,0.0,0.0,0.0,0.0
166,Normal,Normal,0.9999826348709028,0.0,0.0,0.0,0.0,0.0,0.0,0.009834216265639129,-0.01139664236096388,0.0,0.0,-0.0014817305051311406,0.0,0.015285092149687785,0.0,-6.563518808357658e-05,0.0,0.0,-0.013343317676187048,0.0,0.0,0.0,0.0
167,Normal,Normal,0.9998854142757398,0.0,0.0,0.0,0.0,0.0,0.0,0.015178470990649034,-0.012661148569226063,0.0,0.0,-0.0011331813110224836,0.0,0.0,0.0,0.0,0.0,0.0,0.0,0.0,0.0,0.0,0.0
168,ddos,ddos,0.9999976603191731,0.0,0.0,0.0,0.0,0.0,0.0,-0.1166226911187115,0.13844811845701913,-0.0005202576250884761,0.0,0.011573785845843454,-0.03710704215424445,-0.018904460035430358,0.0,0.0,0.0,0.0,0.0,0.0,0.0,0.0,0.0
169,Normal,Normal,0.9999952945099183,0.0,0.0,0.0,0.0,0.0,0.0,0.010447402024224464,-0.009823259612017013,0.0,0.0,-0.0018000124345794364,0.0,0.02101251087678132,0.0,0.0,0.0,0.0,-0.019602401082532517,0.0,0.0,0.0,0.0
170,replay,mitm,0.8615919047680739,0.0,0.0,0.0,0.0,0.0,0.0,0.0,0.0,0.0,0.0,-0.008172345791270944,0.0,-0.02839420406086979,0.0,0.0,0.0,0.0,0.0,0.0,0.0,0.0,0.0
171,Normal,Normal,0.9968189280813564,0.0,0.0,0.0,0.0,0.0,0.0,0.0,-0.01371788617302242,0.0,0.0,-0.0010598711696153795,0.0,0.0,0.0,0.0,0.0,-0.00017637550482133119,0.028376992438718086,0.0,0.0,0.0,0.0
172,Normal,Normal,0.9993324196788421,0.0,0.0,0.0,0.0,0.0,0.0,0.005377328826818134,-0.009697230497423003,0.0,0.0,-0.0038859678593445007,0.0,0.0,0.0,0.0,0.0,0.0,0.0,0.0,0.0,0.0,0.0
173,port-scan,port-scan,0.9995988269880601,0.0,0.0,0.0,0.0,0.0,0.0,-0.16869119293708948,0.13423403684650143,-0.0008356937769924914,0.0,0.06594513431850864,0.0,-0.008563461012016505,0.0,-4.682644956463572e-05,0.0,0.0,0.0,0.0,0.0,0.0,0.0
174,Normal,Normal,0.9998578161204582,0.0,0.0,0.0,0.0,0.0,0.0,0.018355007376550436,-0.009310347863165798,0.0,0.0,-0.002373866687979033,0.0,0.0,0.0,0.0,0.0,-0.0004934929559003731,0.0,0.0,0.0,0.0,0.0
175,Normal,Normal,0.9998762489703332,0.0,0.0,0.0,0.0,0.0,0.0,0.008561784584241755,-0.009530088864003196,0.0,0.0,-0.003826422413932609,0.0,0.0,0.0,0.0,0.0,0.0,0.0,0.0,0.0,0.0,0.0
176,Normal,Normal,0.9999922086486965,0.0,0.0,0.0,0.0,0.0,0.0,0.01098838469664593,-0.009851076528569357,0.0,0.0,-0.001970259206335352,0.0,0.0,0.0,0.0,-0.00120995930309091,0.0,0.0,0.0,0.0,0.0,0.0
177,Normal,Normal,0.9752051260411094,0.0,0.0,0.0,0.0,0.0,0.0,0.0,-0.012525483425938509,0.0,0.0,-0.0008667032771344367,0.0,0.0,0.0,0.0,0.0,0.0,0.020767198184863615,0.0,0.0,0.0,0.0
178,Normal,Normal,0.9999927802569991,0.0,0.0,0.0,0.0,0.0,0.0,0.0096805962951769,-0.009002054956673779,-6.348895484511517e-05,0.0,-0.004065810939884845,0.0,0.0,0.0,-6.640938955283478e-05,0.0,0.0,0.009206201177921286,0.0,0.0,0.0,0.0
179,Normal,Normal,0.9992735325724365,0.0,0.0,0.0,0.0,0.0,0.0,0.02174334974382089,-0.004601921470347623,0.0,-0.00812419556965617,-0.00254039889966777,0.0,0.023464479042663293,0.0,-0.00010248588247177776,0.0,-0.0007058722663811565,0.0,0.0,0.0,0.0,0.0
180,Normal,Normal,0.9964875025848349,0.0,0.0,0.0,0.0,0.0,0.0,0.0,-0.01374815856490668,0.0,0.0,-0.0005708269108364711,0.0,0.0,0.0,0.0,0.0,0.0,0.01184449443465476,0.0,0.0,0.0,0.0
181,Normal,Normal,0.9717811692376636,0.0,0.0,0.0,0.0,0.0,0.0,0.0,-0.013866314500068802,0.0,0.0,-0.001406213025617987,0.0,0.0,0.0,0.0,0.0,0.0,0.0,0.0,0.0,0.0,0.0
182,port-scan,port-scan,0.9998521043186955,0.0,0.0,0.0,0.0,0.0,0.0,-0.16999316118851834,0.15838826662496247,-0.0007770938713551018,-0.014680592101489993,0.06797192501828198,-0.03155231707692755,0.0,0.0,0.0,0.0,0.0,0.0,0.0,0.0,0.0,0.0
183,Normal,Normal,0.9966761193682168,0.0,0.0,0.0,0.0,0.0,0.0,0.013955339582402146,-0.011294917771267197,0.0,0.0,-0.002869851416522345,0.0,0.0,0.0,0.0,0.0,0.0,0.016617804601347076,0.0,0.0,0.0,0.0
184,Normal,Normal,0.9999055008062983,0.0,0.0,0.0,0.0,0.0,0.0,0.011555405507221696,-0.008874097153298724,0.0,0.0,-0.004798809651324266,0.0,0.006952169187084123,0.0,-0.00020579319352485327,-0.0009250416206129236,0.0,-0.009016137448403669,0.0,0.0,0.0,0.0
185,Normal,Normal,0.9990969002486504,0.0,0.0,0.0,0.0,0.0,0.0,0.011753077589942734,-0.0113601781725643,0.0,0.0,-0.0024617672571643043,0.0,0.0,0.0,-3.159352443149541e-05,0.0,0.0,0.017032074183529467,0.0,0.0,0.0,0.0
186,ddos,ddos,0.9999893775040243,0.0,0.0,0.0,0.0,0.0,0.0,-0.1213058482520283,0.06106079931206867,-0.0002854476346287126,0.023211200672150056,0.007316573485246508,0.031107214497781557,-0.016480340637505815,0.01120024035505688,0.0,0.0,-0.0007080133778688616,0.0,0.0,0.0,0.0,0.0
187,port-scan,port-scan,0.9998104519664004,0.0,0.0,0.0,0.0,0.0,0.0,-0.17557634867745453,0.12594223751816372,-0.0008027650641183142,0.0,0.06979031585793624,0.0,0.0,0.0,-3.774897423825248e-05,0.0,0.007023128509624721,0.0,0.0,0.0,0.0,0.0
188,Normal,Normal,0.9946561990359836,0.0,0.0,0.0,0.0,0.0,0.0,0.0,-0.012036576448065746,0.0,0.0,-0.0016287637603568013,0.0,0.0,0.0,-4.900005625635599e-05,0.0,0.0,0.0,0.0,0.0,0.0,0.0
189,Normal,Normal,0.9995866262202279,0.0,0.0,0.0,0.0,0.0,0.0,0.012873601193575186,-0.010684220437413688,0.0,0.0,-0.0017783091590839663,0.0,0.0,0.0,0.0,0.0,0.0,0.009655119709182172,0.0,0.0,0.0,0.0
190,port-scan,port-scan,0.568785776853993,0.0,0.0,0.0,0.0,0.0,0.0,0.0,0.0,0.0,0.0,0.0,0.0,0.0,-0.0016718681442121728,0.0,0.0,0.005906402770155527,0.0,0.0,0.0,0.0,0.0
191,port-scan,port-scan,0.9997775643177527,0.0,0.0,0.0,0.0,0.0,0.0,-0.1651119211088377,0.11796725074998587,-0.0007598555955237404,0.0,0.06740371375255229,0.0,0.0,0.0,-6.728551020042229e-05,0.0,0.0,0.0,0.0,0.0,0.0,0.0
192,Normal,Normal,0.9998973544612215,0.0,0.0,0.0,0.0,0.0,0.0,0.00859099080394402,-0.009073278816743965,0.0,0.0,-0.003789731383682031,0.0,0.013822125470303393,0.0,-0.00017531038178501346,0.0,0.0,-0.013604698056618094,0.0,0.0,0.0,0.0
193,Normal,Normal,0.9995030740868226,0.0,0.0,0.0,0.0,0.0,0.0,0.0054569868300112555,-0.009778915977470297,0.0,0.0,-0.004326387783366733,0.0060195029519520896,0.0,0.0,0.0,0.0,0.0,0.0,0.0,0.0,0.0,0.0
194,replay,replay,0.5062797152072794,0.0,0.0,0.0,0.0,0.0,0.0,0.0,-0.009895375275173281,0.0,0.0,-0.0019843016303387026,0.0,-0.04414204736075355,0.0,0.0,0.0,0.0,0.04815783738859092,0.0,0.0,0.0,0.0
195,Normal,Normal,0.998511599800645,0.0,0.0,0.0,0.0,0.0,0.0,0.006808869107169117,-0.010544123560818552,0.0,0.0,-0.0031265057672487774,0.0,0.0,0.0,0.0,0.0,0.0,0.010838703798811652,0.0,0.0,0.0,0.0
196,Normal,Normal,0.9992164949532214,0.0,0.0,0.0,0.0,0.0,0.0,0.0,-0.009024673790881446,0.0,0.0,-0.0038853299502104414,0.0,0.0,-0.0014063581873098962,0.0,0.0,0.0,0.0,0.0,0.0,0.0,0.0
197,Normal,Normal,0.9951689003484596,0.0,0.0,0.0,0.0,0.0,0.0,0.007254217322761992,-0.010117876374258379,0.0,0.0,-0.0032347707322430063,0.0,0.0,0.0,0.0,0.0,0.0,0.014588426335108028,0.0,0.0,0.0,0.0
198,Normal,Normal,0.9993548893174967,0.0,0.0,0.0,0.0,0.0,0.0,0.020681746535776292,-0.01088169104207678,0.0,0.0,-0.0017805879349168433,0.0,-0.010134327465101706,0.0,0.0,0.0,0.0,0.014823879131507964,0.0,0.0,0.0,0.0
199,Normal,Normal,0.9775635916691061,0.0,0.0,0.0,0.0,0.0,0.0,0.0,-0.013328338844667028,0.0,0.0,-0.0006828236206525256,0.0,0.0,0.0,0.0,0.0,0.0,0.020789142805005493,0.0,0.0,0.0,0.0
